match,site,sequence,x,y,rep,x_end,x_team,n_x,n_y,metal_x,metal_y,winner,reason,seconds,contact_seconds,survivors_x,survivors_y,value_left_x,value_left_y,damage_taken_x,damage_taken_y
0,1,1,corak,corfav,1,east,0,28,46,1204,1196,x,wiped,11.5,5.0,21,0,0.466,0.000,4394,4538
1,1,1,armham,armjanus,5,east,0,11,6,1430,1440,y,wiped,26.5,11.5,0,4,0.000,0.249,12443,5004
1,0,1,armflea,armflea,3,east,1,57,57,1197,1197,x,wiped,30.0,5.0,2,0,0.023,0.000,3716,3822
0,0,1,armham,corthud,1,east,0,11,10,1430,1400,x,wiped,47.0,10.5,4,0,0.200,0.000,9513,11861
1,0,2,armflea,armstump,6,west,1,54,5,1134,1125,y,wiped,14.0,-0.5,0,5,0.000,0.505,6229,4635
0,1,2,armham,armwar,7,east,1,10,5,1300,1350,y,wiped,33.0,3.5,0,2,0.000,0.133,10519,7194
1,1,2,armstump,armfav,5,east,0,5,36,1125,1116,x,wiped,20.0,4.0,4,0,0.289,0.000,6629,6173
0,0,2,armjeth,corstorm,3,east,1,7,8,875,880,y,wiped,23.5,10.5,0,8,0.000,0.896,4791,649
1,0,3,armpw,armham,2,west,1,24,10,1296,1300,y,wiped,21.0,8.0,0,7,0.000,0.485,10273,5366
1,1,3,armflea,corfav,6,west,1,57,46,1197,1196,x,wiped,28.0,5.5,9,0,0.106,0.000,3393,4496
0,0,3,armwar,armwar,0,west,0,4,4,1080,1080,y,wiped,23.0,9.5,0,4,0.000,0.022,6606,6443
0,1,3,armart,armart,3,east,1,9,9,1215,1215,x,wiped,62.5,16.0,1,0,0.003,0.000,6740,6473
1,0,4,armwar,corfav,7,east,1,5,52,1350,1352,x,wiped,14.0,6.0,5,0,0.611,0.000,3221,5291
0,0,4,corstorm,corthud,4,west,0,10,8,1100,1120,y,wiped,34.0,10.5,0,4,0.000,0.294,8354,6923
1,0,5,corstorm,corlevlr,7,east,1,10,5,1100,1100,y,wiped,17.5,11.5,0,5,0.000,0.654,8427,2547
1,1,4,armjeth,armjeth,2,west,1,10,10,1250,1250,draw,stalemate,60.0,,10,10,1.000,1.000,0,0
0,1,4,cormist,cormist,4,west,0,8,8,1240,1240,y,wiped,51.5,9.0,0,5,0.000,0.076,7483,6639
1,0,6,armham,armart,7,east,1,9,9,1170,1215,x,wiped,25.0,11.0,9,0,0.461,0.000,5227,6260
0,0,5,corgator,corllt,5,east,0,9,12,1080,1080,x,wiped,28.5,11.5,6,0,0.464,0.000,4017,8233
1,1,5,corthud,corlevlr,6,west,1,8,5,1120,1100,y,wiped,20.0,12.0,0,5,0.000,0.566,9834,3132
0,1,5,armflea,cormist,3,east,1,59,8,1239,1240,y,wiped,30.0,6.0,0,3,0.000,0.274,5104,5168
0,0,6,armham,cormist,5,east,0,6,5,780,775,x,wiped,26.0,8.5,6,0,0.663,0.000,2074,4689
1,0,7,armjeth,armart,7,east,1,10,9,1250,1215,y,wiped,47.0,20.0,0,4,0.000,0.250,7201,4861
1,1,6,armham,armwar,4,west,0,10,5,1300,1350,y,wiped,30.5,9.5,0,3,0.000,0.156,10519,6986
0,0,7,armfav,corlevlr,1,east,0,43,6,1333,1320,y,wiped,10.5,6.0,0,6,0.000,0.943,8054,503
0,1,6,armpw,armpw,6,west,1,22,22,1188,1188,x,wiped,20.5,6.5,7,0,0.183,0.000,6967,8451
1,1,7,armwar,armjeth,3,east,1,5,11,1350,1375,x,wiped,20.0,9.5,5,0,0.999,0.000,9,7013
1,0,8,corak,corraid,4,west,0,33,6,1419,1410,y,wiped,25.0,7.5,0,6,0.000,0.458,11390,6777
0,1,7,armstump,cormist,2,west,1,5,7,1125,1085,x,wiped,31.0,7.0,5,0,0.631,0.000,3393,6516
0,0,8,armstump,corllt,4,west,0,6,15,1350,1350,x,wiped,35.0,11.0,4,0,0.601,0.000,4358,10803
1,1,8,corraid,corlevlr,5,east,0,5,5,1175,1100,y,wiped,17.0,10.0,0,5,0.000,0.646,10504,2627
1,0,9,armflea,corcrash,5,east,0,59,10,1239,1250,x,wiped,28.5,6.5,32,0,0.417,0.000,2274,6439
0,1,8,corstorm,corcrash,7,east,1,8,7,880,875,x,wiped,21.5,9.5,8,0,0.839,0.000,1014,5281
0,0,9,corak,armart,1,east,0,28,9,1204,1215,x,wiped,27.0,7.5,7,0,0.079,0.000,9234,5763
0,1,9,armwar,armfav,2,west,1,4,35,1080,1085,x,wiped,12.5,5.0,4,0,0.580,0.000,2775,4099
1,0,10,corcrash,corgator,0,west,0,10,10,1250,1200,y,wiped,22.0,7.5,0,10,0.000,0.907,6538,795
1,1,9,corcrash,armart,7,east,1,10,9,1250,1215,y,wiped,53.0,19.0,0,6,0.000,0.291,7201,4496
0,0,10,armpw,corgator,2,west,1,20,9,1080,1080,y,wiped,32.0,6.0,0,2,0.000,0.066,7941,7222
1,0,11,corlevlr,cormist,7,east,1,5,7,1100,1085,x,wiped,19.5,9.0,5,0,0.732,0.000,1905,6765
0,1,10,armham,corstorm,6,west,1,11,13,1430,1430,x,wiped,34.5,9.0,7,0,0.391,0.000,7244,10848
0,0,11,armflash,armflash,0,west,0,11,11,1210,1210,y,wiped,27.0,6.0,0,2,0.000,0.071,8412,7782
1,1,10,armjeth,armstump,6,west,1,9,5,1125,1125,y,wiped,29.5,8.5,0,5,0.000,0.821,6069,1669
0,1,11,corstorm,corlevlr,2,west,1,10,5,1100,1100,y,wiped,20.0,10.0,0,5,0.000,0.671,8620,2425
1,0,12,corthud,armjanus,4,west,0,10,6,1400,1440,y,wiped,26.5,10.0,0,5,0.000,0.320,12858,4499
0,0,12,corgator,corllt,4,west,0,9,12,1080,1080,x,wiped,24.0,10.0,8,0,0.383,0.000,4610,8212
1,1,11,armham,cormist,2,west,1,6,5,780,775,x,wiped,24.5,8.0,6,0,0.661,0.000,2083,4685
0,1,12,armpw,corcrash,0,west,0,23,10,1242,1250,x,wiped,15.0,7.5,23,0,0.775,0.000,2002,6476
1,1,12,armart,corgator,7,east,1,8,9,1080,1080,y,wiped,17.5,8.0,0,9,0.000,0.581,5055,3282
0,0,13,corak,corcrash,6,west,1,29,10,1247,1250,x,wiped,15.5,7.0,29,0,0.888,0.000,942,6498
1,0,13,corwolv,armllt,4,west,0,7,14,1190,1190,x,wiped,53.5,16.0,1,0,0.143,0.000,4619,10315
1,1,13,armpw,armwar,0,west,0,20,4,1080,1080,y,wiped,18.5,6.5,0,4,0.000,0.432,7792,3750
1,0,14,armflash,armjanus,6,west,1,11,5,1210,1200,y,wiped,16.0,8.0,0,4,0.000,0.497,9935,2702
0,0,14,armjanus,corllt,6,west,1,6,16,1440,1440,x,wiped,34.0,15.0,4,0,0.414,0.000,3689,12705
0,1,13,corcrash,corcrash,0,west,0,10,10,1250,1250,draw,stalemate,60.0,,10,10,1.000,1.000,0,0
1,1,14,corcrash,corwolv,5,east,0,11,8,1375,1360,y,wiped,49.5,21.5,0,2,0.000,0.154,8252,5620
1,0,15,corcrash,armfav,7,east,1,10,40,1250,1240,y,wiped,30.0,5.0,0,39,0.000,0.795,6441,901
0,0,15,corstorm,corcrash,1,east,0,8,7,880,875,x,wiped,23.5,9.5,8,0,0.893,0.000,663,5155
0,1,14,armfav,cormist,4,west,0,40,8,1240,1240,y,wiped,42.5,5.0,0,4,0.000,0.251,5573,5355
0,0,16,armpw,corthud,7,east,1,26,10,1404,1400,y,wiped,21.0,7.5,0,6,0.000,0.375,11221,7167
1,0,16,armpw,armjanus,1,east,0,22,5,1188,1200,x,wiped,20.5,8.5,5,0,0.147,0.000,9494,5452
1,1,15,armjeth,armfav,1,east,0,10,40,1250,1240,y,wiped,32.5,5.5,0,36,0.000,0.651,6337,1548
0,0,17,corcrash,corraid,4,west,0,11,6,1375,1410,y,wiped,27.5,8.5,0,6,0.000,0.825,7948,2173
0,1,15,armstump,armstump,6,west,1,5,5,1125,1125,x,wiped,39.0,8.0,2,0,0.037,0.000,9174,9544
1,1,16,corak,corlevlr,3,east,1,31,6,1333,1320,y,wiped,13.0,8.0,0,6,0.000,0.890,11440,984
0,0,18,corthud,corfav,2,west,1,9,48,1260,1248,x,wiped,13.0,5.5,9,0,0.591,0.000,4178,7314
1,0,17,corthud,corthud,3,east,1,9,9,1260,1260,y,wiped,48.5,10.0,0,2,0.000,0.147,10680,9105
1,1,17,corgator,corwolv,7,east,1,10,7,1200,1190,x,wiped,16.0,8.0,10,0,0.595,0.000,3496,5333
0,1,16,corak,corstorm,0,west,0,28,11,1204,1210,y,wiped,26.5,7.5,0,5,0.000,0.361,9928,5483
0,0,19,armpw,armflash,6,west,1,22,11,1188,1210,y,wiped,23.5,6.0,0,7,0.000,0.298,8481,5826
1,0,18,corthud,corcrash,4,west,0,9,10,1260,1250,x,wiped,25.5,9.5,9,0,0.924,0.000,805,7224
1,1,18,armjeth,corstorm,4,west,0,7,8,875,880,y,wiped,21.5,9.5,0,8,0.000,0.777,5018,1402
0,1,17,armpw,corgator,1,east,0,20,9,1080,1080,y,wiped,36.5,6.0,0,2,0.000,0.144,7855,6601
0,0,20,armjanus,corwolv,2,west,1,5,7,1200,1190,x,wiped,19.5,11.5,5,0,0.434,0.000,3076,5867
0,1,18,armflea,corwolv,5,east,0,57,7,1197,1190,x,wiped,18.0,6.5,29,0,0.296,0.000,3652,5300
1,0,19,armstump,cormist,7,east,1,5,7,1125,1085,x,wiped,30.5,7.0,5,0,0.634,0.000,3370,6515
0,0,21,armwar,corgator,7,east,1,4,9,1080,1080,x,wiped,18.5,7.0,4,0,0.411,0.000,3851,7712
1,1,19,armflash,armflash,1,east,0,11,11,1210,1210,y,wiped,24.5,6.0,0,3,0.000,0.156,8339,7033
0,0,22,armflea,armflash,3,east,1,58,11,1218,1210,y,wiped,13.0,5.0,0,7,0.000,0.326,3905,5572
1,0,20,armflea,armflash,4,west,0,58,11,1218,1210,y,wiped,12.0,5.0,0,9,0.000,0.443,3841,4644
0,1,19,armwar,corllt,7,east,1,4,12,1080,1080,x,wiped,40.0,16.0,2,0,0.342,0.000,4258,8225
1,1,20,corstorm,corstorm,1,east,0,11,11,1210,1210,x,wiped,38.0,10.0,4,0,0.222,0.000,6864,8877
0,0,23,corthud,armfav,4,west,0,9,41,1260,1271,x,wiped,16.5,5.5,8,0,0.449,0.000,5705,7399
0,1,20,corcrash,armstump,3,east,1,9,5,1125,1125,y,wiped,28.0,8.5,0,5,0.000,0.829,6088,1595
1,1,21,corstorm,armjanus,3,east,1,11,5,1210,1200,y,wiped,26.0,10.0,0,3,0.000,0.213,9787,4346
1,0,21,armjeth,corllt,1,east,0,10,14,1250,1260,y,wiped,58.0,12.5,0,14,0.000,0.933,6420,647
0,0,24,armstump,armjanus,0,west,0,5,5,1125,1200,y,wiped,25.0,9.5,0,3,0.000,0.210,10113,4356
1,1,22,armham,corfav,0,west,0,9,45,1170,1170,x,wiped,14.0,5.5,9,0,0.629,0.000,3477,6256
0,1,21,armflea,armfav,5,east,0,57,39,1197,1209,x,wiped,21.0,4.0,20,0,0.252,0.000,2838,4384
0,0,25,armflea,corthud,7,east,1,60,9,1260,1260,y,wiped,18.0,6.0,0,7,0.000,0.573,7469,4394
1,0,22,corgator,corgator,3,east,1,10,10,1200,1200,x,wiped,29.0,6.5,5,0,0.150,0.000,7319,8645
1,1,23,armpw,armham,3,east,1,24,10,1296,1300,y,wiped,24.5,8.0,0,5,0.000,0.305,10421,7257
1,0,23,armrock,armjanus,0,west,0,10,5,1200,1200,y,wiped,26.5,10.0,0,4,0.000,0.365,8611,3414
0,1,22,armflea,armart,2,west,1,58,9,1218,1215,x,wiped,23.5,6.5,15,0,0.165,0.000,4004,5666
0,0,26,armstump,armllt,7,east,1,6,16,1350,1360,x,wiped,32.0,11.0,4,0,0.626,0.000,4076,11081
1,1,24,armham,corstorm,7,east,1,11,13,1430,1430,x,wiped,35.5,10.0,6,0,0.292,0.000,8488,10846
1,0,24,corcrash,armflash,3,east,1,7,8,875,880,y,wiped,21.0,7.0,0,8,0.000,0.950,4524,314
0,1,23,corak,armjanus,6,west,1,28,5,1204,1200,y,wiped,23.5,7.5,0,3,0.000,0.244,12104,4041
0,0,27,corstorm,armflash,3,east,1,11,11,1210,1210,x,wiped,30.0,7.0,3,0,0.122,0.000,7461,9182
1,0,25,armrock,corthud,4,west,0,7,6,840,840,y,wiped,27.0,9.5,0,6,0.000,0.396,5842,4098
1,0,26,armflea,corlevlr,1,east,0,52,5,1092,1100,y,wiped,10.5,6.5,0,5,0.000,0.920,9374,619
1,1,25,corwolv,corllt,6,west,1,8,15,1360,1350,x,wiped,61.5,16.5,2,0,0.212,0.000,4853,11823
0,1,24,corthud,corgator,1,east,0,6,7,840,840,x,wiped,37.5,8.0,1,0,0.041,0.000,6697,6280
0,0,28,armrock,armart,5,east,0,9,8,1080,1080,x,wiped,28.5,10.0,7,0,0.260,0.000,5136,5481
1,1,26,armstump,corfav,4,west,0,5,43,1125,1118,x,wiped,16.5,5.5,5,0,0.476,0.000,4877,5540
1,0,27,armham,corwolv,3,east,1,9,7,1170,1190,x,wiped,21.0,10.5,9,0,0.522,0.000,4503,5834
0,1,25,armflash,armstump,6,west,1,10,5,1100,1125,y,wiped,34.0,7.0,0,1,0.000,0.054,8067,8837
1,1,27,armpw,corthud,4,west,0,26,10,1404,1400,y,wiped,22.5,7.0,0,7,0.000,0.479,11316,6142
1,0,28,armstump,corwolv,1,east,0,6,8,1350,1360,x,wiped,25.0,9.5,6,0,0.396,0.000,6780,6315
0,0,29,armrock,armllt,2,west,1,10,14,1200,1190,x,wiped,38.0,14.0,6,0,0.392,0.000,4496,10068
0,1,26,armflea,armfav,3,east,1,57,39,1197,1209,x,wiped,11.5,4.0,15,0,0.175,0.000,3156,4358
1,0,29,armjeth,corgator,0,west,0,10,10,1250,1200,y,wiped,24.0,7.0,0,10,0.000,0.859,6469,1204
1,1,28,armstump,armllt,5,east,0,6,16,1350,1360,x,wiped,37.0,11.0,5,0,0.592,0.000,4456,10861
0,0,30,armrock,armflea,1,east,0,10,57,1200,1197,x,wiped,36.0,6.0,1,0,0.000,0.000,7588,8258
0,1,27,armham,armflash,5,east,0,11,13,1430,1430,x,wiped,26.0,7.5,5,0,0.224,0.000,8892,10661
1,1,29,armham,corcrash,6,west,1,9,9,1170,1125,x,wiped,20.5,9.5,9,0,0.924,0.000,721,6294
1,0,30,armrock,armllt,0,west,0,10,14,1200,1190,x,wiped,36.0,14.5,7,0,0.598,0.000,2964,9972
0,1,28,armwar,armjanus,6,west,1,5,6,1350,1440,y,wiped,19.0,9.0,0,3,0.000,0.368,8737,4067
0,0,31,corcrash,corfav,6,west,1,10,48,1250,1248,y,wiped,30.5,5.5,0,47,0.000,0.796,6432,928
1,1,30,armpw,corfav,1,east,0,22,46,1188,1196,x,wiped,11.5,5.0,18,0,0.486,0.000,4321,4482
1,0,31,corwolv,corfav,6,west,1,7,46,1190,1196,y,wiped,17.0,6.5,0,29,0.000,0.459,5300,3377
0,1,29,armham,corfav,1,east,0,9,45,1170,1170,x,wiped,14.5,6.0,9,0,0.503,0.000,4642,6314
0,0,32,armpw,armflash,2,west,1,22,11,1188,1210,y,wiped,25.0,6.0,0,5,0.000,0.281,8494,5986
1,1,31,armrock,armllt,1,east,0,10,14,1200,1190,x,wiped,43.0,14.0,5,0,0.373,0.000,4641,10027
0,1,30,corstorm,corwolv,6,west,1,11,7,1210,1190,x,wiped,26.0,10.5,5,0,0.382,0.000,5802,5638
0,0,33,armflash,armllt,5,east,0,10,13,1100,1105,x,wiped,23.0,8.5,6,0,0.402,0.000,4457,8507
1,1,32,armpw,armfav,3,east,1,22,38,1188,1178,x,wiped,10.0,4.5,22,0,0.473,0.000,4444,4263
1,0,32,armjeth,armllt,4,west,0,10,15,1250,1275,y,wiped,72.0,33.0,0,15,0.000,0.945,6391,515
0,1,31,armflash,armart,5,east,0,11,9,1210,1215,x,wiped,18.5,8.0,9,0,0.494,0.000,4473,5685
0,0,34,armflash,armllt,3,east,1,10,13,1100,1105,x,wiped,25.5,8.5,3,0,0.235,0.000,5794,8418
1,0,33,armflash,corlevlr,4,west,0,10,5,1100,1100,y,wiped,10.5,7.0,0,5,0.000,1.000,8174,0
1,1,33,armrock,cormist,4,west,0,9,7,1080,1085,x,wiped,30.5,7.5,8,0,0.491,0.000,3434,6611
0,1,32,corak,armflash,5,east,0,28,11,1204,1210,y,wiped,21.5,5.5,0,8,0.000,0.216,8224,6534
1,1,34,armjanus,corfav,2,west,1,5,46,1200,1196,x,wiped,14.0,5.5,5,0,0.579,0.000,2275,11540
1,0,34,armfav,corwolv,5,east,0,44,8,1364,1360,x,wiped,24.0,5.5,30,0,0.520,0.000,3699,6081
0,0,35,corthud,corthud,4,west,0,9,9,1260,1260,x,wiped,38.5,10.0,3,0,0.213,0.000,8186,10668
1,1,35,armpw,corthud,6,west,1,26,10,1404,1400,y,wiped,23.0,7.5,0,6,0.000,0.503,10923,5788
0,1,33,corraid,corllt,3,east,1,5,13,1175,1170,x,wiped,42.5,11.0,4,0,0.523,0.000,4838,9265
0,0,36,armflea,corgator,6,west,1,57,10,1197,1200,y,wiped,11.0,5.0,0,10,0.000,0.571,4058,3637
1,0,35,armrock,armrock,5,east,0,10,10,1200,1200,x,wiped,40.0,9.5,3,0,0.220,0.000,6271,7909
1,1,36,armrock,corgator,0,west,0,10,10,1200,1200,y,wiped,21.5,7.5,0,10,0.000,0.445,7479,4726
0,1,34,armwar,corlevlr,3,east,1,4,5,1080,1100,y,wiped,16.5,10.5,0,5,0.000,0.653,6650,2505
0,0,37,armjeth,armstump,4,west,0,9,5,1125,1125,y,wiped,30.0,8.5,0,5,0.000,0.662,6398,3171
1,1,37,armpw,corlevlr,0,west,0,21,5,1134,1100,y,wiped,12.5,7.5,0,5,0.000,0.927,9815,540
1,0,36,armham,armwar,3,east,1,10,5,1300,1350,y,wiped,29.5,9.0,0,3,0.000,0.178,10518,6845
0,0,38,armham,armfav,5,east,0,9,38,1170,1178,x,wiped,13.5,5.5,9,0,0.566,0.000,4080,6354
1,1,38,corthud,corcrash,5,east,0,9,10,1260,1250,x,wiped,22.5,9.5,9,0,0.928,0.000,754,7185
1,0,37,armpw,corstorm,2,west,1,22,11,1188,1210,y,wiped,27.0,7.5,0,4,0.000,0.269,10277,6213
0,1,35,armart,cormist,1,east,0,8,7,1080,1085,y,wiped,58.0,8.5,0,2,0.000,0.266,5236,4881
0,0,39,armpw,corraid,3,east,1,26,6,1404,1410,y,wiped,22.0,7.0,0,5,0.000,0.406,11286,7378
1,1,39,armjanus,armllt,7,east,1,5,14,1200,1190,x,wiped,44.0,15.0,1,0,0.110,0.000,4694,10890
1,0,38,corstorm,corraid,3,east,1,11,5,1210,1175,y,wiped,40.5,8.5,0,4,0.000,0.160,8952,8726
0,0,40,armstump,armllt,6,west,1,6,16,1350,1360,x,wiped,32.5,11.0,4,0,0.605,0.000,4317,11083
0,1,36,corak,corak,3,east,1,28,28,1204,1204,y,wiped,39.0,6.0,0,2,0.000,0.016,8317,8201
0,0,41,corak,corfav,2,west,1,28,46,1204,1196,x,wiped,12.5,4.5,20,0,0.432,0.000,4648,4567
1,1,40,armwar,armstump,0,west,0,5,6,1350,1350,x,wiped,25.5,7.5,5,0,0.314,0.000,5629,11198
0,1,37,armpw,armwar,1,east,0,20,4,1080,1080,y,wiped,19.0,6.5,0,3,0.000,0.368,7854,4175
1,0,39,corak,cormist,3,east,1,29,8,1247,1240,x,wiped,37.0,6.0,14,0,0.226,0.000,7000,7167
1,1,41,armwar,corwolv,2,west,1,5,8,1350,1360,x,wiped,20.0,9.5,5,0,0.571,0.000,3559,6122
1,0,40,corak,corlevlr,4,west,0,31,6,1333,1320,y,wiped,12.0,8.0,0,6,0.000,0.959,10714,360
0,0,42,armjeth,armflea,2,west,1,10,60,1250,1260,y,wiped,26.5,6.0,0,43,0.000,0.551,6355,1759
0,1,38,armpw,corak,3,east,1,23,29,1242,1247,x,wiped,25.0,5.5,4,0,0.056,0.000,8393,8528
1,0,41,armjeth,corlevlr,5,east,0,7,4,875,880,y,wiped,13.0,9.5,0,4,0.000,1.000,5158,0
1,1,42,armrock,corraid,4,west,0,10,5,1200,1175,y,wiped,38.0,9.0,0,3,0.000,0.280,7783,7646
0,1,39,armjanus,armjanus,1,east,0,5,5,1200,1200,x,wiped,19.0,11.0,2,0,0.012,0.000,6044,5884
0,0,43,armrock,armart,6,west,1,9,8,1080,1080,x,wiped,25.5,10.0,8,0,0.410,0.000,4140,5531
1,0,42,armpw,corwolv,2,west,1,22,7,1188,1190,x,wiped,21.5,8.5,13,0,0.230,0.000,7384,5360
1,1,43,armham,corak,7,east,1,9,27,1170,1161,x,wiped,23.0,7.5,6,0,0.422,0.000,5441,8946
1,0,43,corgator,cormist,5,east,0,9,7,1080,1085,x,wiped,20.5,7.0,9,0,0.545,0.000,3422,6201
0,0,44,armflash,corllt,2,west,1,9,11,990,990,x,wiped,19.5,8.5,9,0,0.674,0.000,2183,7361
1,1,44,armart,corraid,5,east,0,7,4,945,940,y,wiped,27.0,9.5,0,4,0.000,0.453,4797,4569
0,1,40,armstump,corllt,7,east,1,6,15,1350,1350,x,wiped,31.5,11.0,5,0,0.715,0.000,3120,10646
1,0,44,armstump,armllt,0,west,0,6,16,1350,1360,x,wiped,38.0,11.0,5,0,0.566,0.000,4748,10848
0,0,45,corthud,corfav,3,east,1,9,48,1260,1248,x,wiped,14.0,5.5,9,0,0.569,0.000,4443,6553
1,1,45,armrock,armham,6,west,1,12,11,1440,1430,y,wiped,31.5,10.0,0,7,0.000,0.459,9609,6476
0,1,41,armjeth,armflea,1,east,0,10,60,1250,1260,y,wiped,27.0,6.0,0,43,0.000,0.561,6346,1716
1,0,45,armpw,corstorm,1,east,0,22,11,1188,1210,y,wiped,27.5,7.5,0,4,0.000,0.214,10311,6688
0,0,46,armham,armflea,5,east,0,9,56,1170,1176,x,wiped,16.0,6.0,7,0,0.601,0.000,3737,6273
1,0,46,corstorm,corlevlr,3,east,1,10,5,1100,1100,y,wiped,17.0,10.5,0,5,0.000,0.692,8427,2251
1,1,46,corstorm,corllt,0,west,0,9,11,990,990,x,wiped,53.5,15.0,4,0,0.262,0.000,5054,8115
0,1,42,armflash,corgator,4,west,0,11,10,1210,1200,y,wiped,20.5,6.0,0,4,0.000,0.197,8443,6883
1,1,47,armflea,corwolv,6,west,1,57,7,1197,1190,x,wiped,15.0,6.5,34,0,0.387,0.000,2327,5273
1,0,47,corstorm,corstorm,7,east,1,11,11,1210,1210,x,wiped,52.5,10.0,3,0,0.217,0.000,6961,8923
0,0,47,corthud,corraid,1,east,0,10,6,1400,1410,x,wiped,44.5,8.5,2,0,0.152,0.000,10110,12837
1,1,48,corfav,corfav,5,east,0,46,46,1196,1196,y,wiped,28.5,4.0,0,6,0.000,0.071,4547,4188
0,1,43,corgator,corgator,1,east,0,10,10,1200,1200,x,wiped,36.0,6.5,2,0,0.015,0.000,8479,8704
1,0,48,armart,corgator,4,west,0,8,9,1080,1080,y,wiped,17.5,8.0,0,9,0.000,0.476,5054,4104
0,0,48,armflea,corthud,3,east,1,60,9,1260,1260,y,wiped,15.5,5.5,0,7,0.000,0.608,7051,4039
0,1,44,armham,corfav,7,east,1,9,45,1170,1170,x,wiped,14.5,6.0,9,0,0.568,0.000,4027,6392
1,0,49,armham,corak,5,east,0,9,27,1170,1161,x,wiped,21.5,8.0,8,0,0.521,0.000,4473,8756
1,1,49,cormist,corllt,5,east,0,7,12,1085,1080,x,wiped,44.5,13.5,7,0,1.000,0.000,0,8273
0,0,49,armstump,armfav,7,east,1,5,36,1125,1116,x,wiped,17.5,5.0,5,0,0.490,0.000,4789,5625
0,1,45,armflea,corraid,3,east,1,56,5,1176,1175,y,wiped,15.5,5.5,0,5,0.000,0.588,6045,4276
1,0,50,armpw,armpw,1,east,0,22,22,1188,1188,x,wiped,25.0,6.0,5,0,0.115,0.000,7580,8498
0,1,46,corfav,armllt,3,east,1,46,14,1196,1190,y,wiped,13.0,5.5,0,12,0.000,0.643,6002,3345
1,1,50,armart,armart,5,east,0,9,9,1215,1215,x,wiped,57.5,15.0,1,0,0.088,0.000,5986,6142
0,0,50,armham,corthud,4,west,0,11,10,1430,1400,x,wiped,38.5,10.0,4,0,0.214,0.000,9092,11839
1,0,51,armjanus,corllt,5,east,0,6,16,1440,1440,x,wiped,34.5,15.0,3,0,0.376,0.000,3928,12825
1,0,52,armjanus,corfav,0,west,0,5,46,1200,1196,x,wiped,15.5,6.5,4,0,0.481,0.000,2774,11139
1,1,51,corfav,corfav,7,east,1,46,46,1196,1196,x,wiped,28.0,4.0,5,0,0.045,0.000,4264,4482
0,1,47,corcrash,corfav,2,west,1,10,48,1250,1248,y,wiped,29.5,5.5,0,42,0.000,0.780,6441,1021
0,0,51,armrock,corthud,6,west,1,7,6,840,840,y,wiped,27.5,10.5,0,6,0.000,0.444,5632,3787
1,0,53,corak,armfav,6,west,1,28,39,1204,1209,x,wiped,9.0,4.5,25,0,0.588,0.000,3373,4398
1,1,52,armflea,corfav,1,east,0,57,46,1197,1196,x,wiped,25.5,4.5,8,0,0.060,0.000,3563,4526
0,0,52,corak,armfav,1,east,0,28,39,1204,1209,x,wiped,9.0,4.5,28,0,0.552,0.000,3664,4447
1,0,54,corgator,cormist,0,west,0,9,7,1080,1085,x,wiped,20.0,7.0,9,0,0.571,0.000,3238,6219
1,1,53,corlevlr,corfav,0,west,0,5,42,1100,1092,x,wiped,9.5,5.5,5,0,0.915,0.000,620,7111
0,0,53,armflea,corgator,1,east,0,57,10,1197,1200,y,wiped,13.0,5.0,0,9,0.000,0.502,4141,4251
0,1,48,armart,corwolv,4,west,0,10,8,1350,1360,y,wiped,50.0,14.5,0,1,0.000,0.040,7019,6545
1,0,55,armrock,armstump,5,east,0,11,6,1320,1350,y,wiped,33.0,8.5,0,4,0.000,0.331,8568,7576
1,1,54,corlevlr,armllt,7,east,1,5,13,1100,1105,x,wiped,27.5,19.0,4,0,0.582,0.000,2954,9420
0,1,49,armfav,corlevlr,5,east,0,43,6,1333,1320,y,wiped,9.0,5.5,0,5,0.000,0.559,8205,3858
0,0,54,corthud,corfav,7,east,1,9,48,1260,1248,x,wiped,14.5,5.5,9,0,0.597,0.000,4147,6873
1,0,56,armham,corak,4,west,0,9,27,1170,1161,x,wiped,25.0,7.5,6,0,0.363,0.000,5960,9042
1,1,55,armjanus,corllt,1,east,0,6,16,1440,1440,x,wiped,33.0,14.5,4,0,0.492,0.000,3165,12423
0,0,55,corgator,cormist,6,west,1,9,7,1080,1085,x,wiped,20.5,7.0,9,0,0.585,0.000,3129,6221
1,1,56,corgator,cormist,1,east,0,9,7,1080,1085,x,wiped,21.0,6.5,9,0,0.524,0.000,3599,6245
1,0,57,armstump,corraid,0,west,0,5,5,1125,1175,y,wiped,37.5,8.5,0,1,0.000,0.118,9514,9380
0,1,50,corcrash,armllt,4,west,0,10,15,1250,1275,y,wiped,59.0,13.5,0,15,0.000,0.963,6537,340
0,0,56,armjanus,cormist,6,west,1,5,8,1200,1240,x,wiped,28.0,8.0,5,0,0.530,0.000,2464,8130
1,1,57,corfav,armllt,0,west,0,46,14,1196,1190,y,wiped,13.0,5.5,0,12,0.000,0.651,6167,3142
1,0,58,armfav,corgator,5,east,0,39,10,1209,1200,y,wiped,11.5,4.5,0,10,0.000,0.565,4776,3696
0,0,57,armjanus,corgator,6,west,1,5,10,1200,1200,x,wiped,17.0,8.0,5,0,0.665,0.000,1804,9413
0,1,51,armflash,armstump,7,east,1,10,5,1100,1125,x,wiped,25.0,7.0,2,0,0.126,0.000,6956,9337
1,1,58,corak,corgator,6,west,1,28,10,1204,1200,y,wiped,25.0,6.0,0,3,0.000,0.200,8455,6916
0,1,52,armflea,corak,4,west,0,57,28,1197,1204,y,wiped,14.5,4.5,0,18,0.000,0.434,3950,4678
1,1,59,armjeth,armjanus,7,east,1,10,5,1250,1200,y,wiped,18.5,10.0,0,4,0.000,0.726,7289,1871
1,0,59,cormist,cormist,5,east,0,8,8,1240,1240,y,wiped,58.5,8.5,0,2,0.000,0.091,7329,6599
0,0,58,armjeth,corfav,6,west,1,10,48,1250,1248,y,wiped,29.5,5.5,0,45,0.000,0.765,6351,1084
1,0,60,armham,armart,2,west,1,9,9,1170,1215,x,wiped,23.0,10.5,9,0,0.562,0.000,4152,6065
1,1,60,armart,corwolv,6,west,1,10,8,1350,1360,y,wiped,28.5,14.0,0,5,0.000,0.234,6961,5032
0,0,59,armham,cormist,4,west,0,6,5,780,775,x,wiped,25.0,8.0,6,0,0.671,0.000,2023,4687
0,1,53,corcrash,corcrash,7,east,1,10,10,1250,1250,draw,stalemate,60.0,,10,10,1.000,1.000,0,0
1,1,61,armpw,corllt,6,west,1,20,12,1080,1080,y,wiped,25.5,8.5,0,8,0.000,0.341,7912,5313
1,0,61,armham,armllt,5,east,0,9,14,1170,1190,x,wiped,34.5,15.5,6,0,0.573,0.000,3904,9750
0,0,60,armjanus,armllt,5,east,0,5,14,1200,1190,x,wiped,35.0,15.0,2,0,0.315,0.000,3583,9910
1,1,62,armwar,corlevlr,5,east,0,4,5,1080,1100,y,wiped,18.5,10.5,0,4,0.000,0.600,7009,2920
0,1,54,armjanus,corraid,3,east,1,5,5,1200,1175,y,wiped,31.5,9.5,0,1,0.000,0.043,5768,10875
1,0,62,corwolv,corllt,2,west,1,8,15,1360,1350,x,wiped,47.5,16.0,3,0,0.326,0.000,4120,10994
1,0,63,armwar,armflea,0,west,0,4,51,1080,1071,x,wiped,12.0,5.0,4,0,0.754,0.000,1637,3508
0,1,55,armjeth,armflash,1,east,0,7,8,875,880,y,wiped,34.0,7.0,0,8,0.000,0.984,4430,100
1,0,64,armflea,armstump,3,east,1,54,5,1134,1125,y,wiped,13.5,5.5,0,5,0.000,0.487,5669,4781
1,1,63,corcrash,armllt,6,west,1,10,15,1250,1275,y,wiped,80.0,21.0,0,15,0.000,0.920,6542,747
0,0,61,corcrash,corllt,6,west,1,10,14,1250,1260,y,wiped,64.5,13.5,0,14,0.000,0.999,6513,7
1,1,64,armpw,armwar,5,east,0,20,4,1080,1080,y,wiped,19.0,6.5,0,4,0.000,0.436,7782,3714
1,0,65,armflash,armjanus,7,east,1,11,5,1210,1200,y,wiped,23.0,8.0,0,4,0.000,0.540,10109,2513
0,0,62,armflea,armstump,2,west,1,54,5,1134,1125,y,wiped,13.5,5.5,0,5,0.000,0.578,6047,3950
0,1,56,corraid,corraid,1,east,0,5,5,1175,1175,y,wiped,59.0,8.5,0,1,0.000,0.003,10777,10588
1,1,65,armham,armham,3,east,1,9,9,1170,1170,y,wiped,44.0,10.5,0,2,0.000,0.128,9820,8335
0,0,63,armpw,armjeth,5,east,0,23,10,1242,1250,x,wiped,17.0,7.0,23,0,0.808,0.000,1690,6395
1,0,66,corcrash,corllt,2,west,1,10,14,1250,1260,y,wiped,52.5,13.5,0,14,0.000,0.999,6480,8
0,0,64,armham,corlevlr,3,east,1,10,6,1300,1320,y,wiped,20.0,11.0,0,6,0.000,0.631,10706,3264
1,1,66,corgator,corraid,0,west,0,10,5,1200,1175,y,wiped,32.0,7.5,0,3,0.000,0.194,8861,8351
1,0,67,armrock,corcrash,0,west,0,10,10,1200,1250,x,wiped,23.5,9.0,10,0,0.597,0.000,3106,7196
0,1,57,armflash,corgator,7,east,1,11,10,1210,1200,y,wiped,33.5,6.0,0,4,0.000,0.281,8428,6158
1,1,67,corthud,corlevlr,3,east,1,8,5,1120,1100,y,wiped,18.0,11.0,0,5,0.000,0.628,9607,2712
1,0,68,armart,armfav,1,east,0,9,39,1215,1209,y,wiped,17.5,5.5,0,29,0.000,0.562,5670,2458
1,0,69,corraid,corlevlr,1,east,0,5,5,1175,1100,y,wiped,17.0,9.5,0,5,0.000,0.695,10416,2247
0,1,58,corthud,armstump,4,west,0,8,5,1120,1125,x,wiped,39.0,8.5,2,0,0.190,0.000,7782,9546
1,1,68,armrock,corcrash,6,west,1,10,10,1200,1250,x,wiped,27.5,9.5,10,0,0.781,0.000,1648,7281
0,0,65,cormist,corllt,0,west,0,7,12,1085,1080,x,wiped,48.5,13.5,7,0,1.000,0.000,0,8276
1,0,70,armham,corak,0,west,0,9,27,1170,1161,x,wiped,25.0,7.5,5,0,0.416,0.000,5462,9196
1,1,69,armwar,corraid,3,east,1,5,6,1350,1410,x,wiped,46.5,8.0,1,0,0.105,0.000,7691,12524
0,0,66,corcrash,corfav,4,west,0,10,48,1250,1248,y,wiped,33.0,5.5,0,45,0.000,0.762,6435,1090
0,1,59,armrock,armrock,6,west,1,10,10,1200,1200,x,wiped,48.0,9.5,2,0,0.141,0.000,6817,8107
1,0,71,corstorm,armllt,7,east,1,10,13,1100,1105,x,wiped,42.5,15.0,5,0,0.487,0.000,3880,9449
1,1,70,corcrash,corlevlr,4,west,0,7,4,875,880,y,wiped,16.0,10.5,0,4,0.000,0.993,5134,41
1,0,72,armflea,armart,1,east,0,58,9,1218,1215,x,wiped,18.0,6.5,16,0,0.142,0.000,6271,5774
0,0,67,corthud,armflash,6,west,1,8,10,1120,1100,x,wiped,32.0,7.5,2,0,0.048,0.000,8749,8198
0,1,60,armpw,corraid,5,east,0,26,6,1404,1410,y,wiped,23.0,7.0,0,6,0.000,0.504,11276,6164
1,1,71,armrock,armrock,0,west,0,10,10,1200,1200,x,wiped,48.0,9.5,2,0,0.141,0.000,6782,8111
0,0,68,corak,armfav,5,east,0,28,39,1204,1209,x,wiped,11.0,4.5,23,0,0.432,0.000,4660,4487
1,0,73,armham,corstorm,3,east,1,11,13,1430,1430,x,wiped,36.0,10.5,5,0,0.324,0.000,8167,10846
1,1,72,corgator,corfav,7,east,1,10,46,1200,1196,x,wiped,11.5,5.0,10,0,0.668,0.000,2826,4674
0,0,69,armwar,corgator,4,west,0,4,9,1080,1080,x,wiped,19.0,7.0,3,0,0.371,0.000,4123,7719
0,1,61,corraid,corraid,4,west,0,5,5,1175,1175,x,wiped,47.0,8.5,1,0,0.129,0.000,9166,10644
1,0,74,armpw,armrock,0,west,0,20,9,1080,1080,x,wiped,21.0,7.0,9,0,0.198,0.000,6624,6746
0,1,62,armfav,corgator,7,east,1,39,10,1209,1200,y,wiped,13.0,4.5,0,10,0.000,0.661,4674,2872
0,0,70,armpw,armjanus,0,west,0,22,5,1188,1200,y,wiped,17.5,8.0,0,5,0.000,0.407,10838,3277
1,1,73,corwolv,cormist,5,east,0,8,9,1360,1395,x,wiped,53.0,9.0,3,0,0.127,0.000,5529,9173
0,1,63,corlevlr,cormist,1,east,0,5,7,1100,1085,x,wiped,19.0,9.0,5,0,0.733,0.000,1909,6600
1,0,75,armjeth,armllt,6,west,1,10,15,1250,1275,y,wiped,54.5,12.5,0,15,0.000,0.956,6409,418
1,1,74,corgator,corlevlr,3,east,1,11,6,1320,1320,y,wiped,14.0,8.5,0,6,0.000,0.942,10072,513
0,0,71,armrock,corwolv,3,east,1,10,7,1200,1190,x,wiped,29.5,10.5,4,0,0.163,0.000,6906,5847
0,0,72,armwar,corgator,1,east,0,4,9,1080,1080,x,wiped,21.0,7.0,3,0,0.352,0.000,4255,7733
1,0,76,armflash,corraid,6,west,1,11,5,1210,1175,y,wiped,29.0,7.0,0,3,0.000,0.193,8915,8357
1,1,75,corstorm,corgator,0,west,0,11,10,1210,1200,y,wiped,28.0,7.5,0,7,0.000,0.423,8524,5195
0,1,64,corstorm,corllt,5,east,0,9,11,990,990,x,wiped,56.5,15.0,2,0,0.124,0.000,6041,8367
0,0,73,armjanus,corgator,1,east,0,5,10,1200,1200,x,wiped,24.0,8.5,3,0,0.290,0.000,3870,9394
0,1,65,corstorm,armart,4,west,0,11,9,1210,1215,x,wiped,25.5,10.0,8,0,0.480,0.000,4623,6006
1,1,76,corak,cormist,4,west,0,29,8,1247,1240,x,wiped,27.5,6.5,15,0,0.279,0.000,6411,7168
1,0,77,corcrash,corfav,7,east,1,10,48,1250,1248,y,wiped,31.0,5.5,0,43,0.000,0.727,6449,1243
0,0,74,armstump,corwolv,4,west,0,6,8,1350,1360,x,wiped,25.0,9.5,6,0,0.467,0.000,5991,6438
0,0,75,armwar,armjeth,5,east,0,5,11,1350,1375,x,wiped,21.0,8.0,5,0,0.984,0.000,137,7007
1,0,78,corstorm,cormist,3,east,1,7,5,770,775,x,wiped,31.5,8.0,4,0,0.535,0.000,2532,4721
1,1,77,cormist,armllt,0,west,0,6,11,930,935,x,wiped,51.0,13.5,6,0,0.930,0.000,374,7166
0,1,66,corak,cormist,6,west,1,29,8,1247,1240,x,wiped,88.0,6.5,1,0,0.000,0.000,9259,7280
0,0,76,corthud,corthud,6,west,1,9,9,1260,1260,x,wiped,50.0,10.0,2,0,0.095,0.000,9576,10518
1,0,79,corak,corstorm,7,east,1,28,11,1204,1210,y,wiped,31.5,7.5,0,4,0.000,0.240,9747,6503
1,1,78,corstorm,corlevlr,6,west,1,10,5,1100,1100,y,wiped,16.0,11.5,0,5,0.000,0.686,8635,2317
0,1,67,corlevlr,corlevlr,6,west,1,5,5,1100,1100,y,wiped,20.5,12.0,0,1,0.000,0.016,7675,7500
0,0,77,corwolv,corfav,7,east,1,7,46,1190,1196,y,wiped,16.5,6.5,0,34,0.000,0.601,5303,1858
1,0,80,armpw,corstorm,0,west,0,22,11,1188,1210,y,wiped,29.5,7.5,0,4,0.000,0.227,10029,6582
0,0,78,armpw,corthud,5,east,0,26,10,1404,1400,y,wiped,21.5,7.0,0,8,0.000,0.424,11174,6590
1,1,79,corstorm,armstump,2,west,1,10,5,1100,1125,y,wiped,38.0,9.0,0,3,0.000,0.304,8103,6668
0,1,68,armham,corstorm,2,west,1,11,13,1430,1430,x,wiped,35.5,9.0,7,0,0.357,0.000,7900,10918
0,0,79,armwar,armjanus,5,east,0,5,6,1350,1440,y,wiped,19.0,9.0,0,4,0.000,0.494,8547,3244
1,1,80,armwar,armart,3,east,1,4,8,1080,1080,x,wiped,20.0,9.0,4,0,0.790,0.000,1411,5025
0,1,69,armwar,armwar,3,east,1,4,4,1080,1080,x,wiped,27.0,9.0,2,0,0.022,0.000,6468,6657
1,0,81,corstorm,corgator,7,east,1,11,10,1210,1200,y,wiped,38.0,8.0,0,2,0.000,0.072,8607,8465
0,1,70,armwar,corcrash,4,west,0,5,11,1350,1375,x,wiped,20.0,8.5,5,0,0.992,0.000,71,7138
1,0,82,armjanus,corwolv,1,east,0,5,7,1200,1190,x,wiped,19.5,12.0,5,0,0.509,0.000,2688,6272
0,0,80,corraid,corraid,6,west,1,5,5,1175,1175,x,wiped,50.5,8.5,1,0,0.010,0.000,10406,10729
1,1,81,armjeth,corllt,4,west,0,10,14,1250,1260,y,wiped,45.0,13.0,0,14,0.000,1.000,6415,4
0,1,71,corcrash,corgator,2,west,1,10,10,1250,1200,y,wiped,27.5,7.5,0,10,0.000,0.868,6581,1146
0,0,81,armpw,armart,2,west,1,20,8,1080,1080,x,wiped,19.0,8.5,20,0,0.617,0.000,2980,5016
1,0,83,armstump,cormist,0,west,0,5,7,1125,1085,x,wiped,31.0,7.0,5,0,0.613,0.000,3569,6617
1,1,82,corthud,armstump,5,east,0,8,5,1120,1125,x,wiped,37.5,9.0,3,0,0.284,0.000,6807,9486
0,1,72,armjeth,corthud,3,east,1,10,9,1250,1260,y,wiped,23.0,9.5,0,9,0.000,0.833,6742,1737
1,0,84,corraid,corfav,7,east,1,5,45,1175,1170,x,wiped,16.5,5.5,4,0,0.453,0.000,5657,5732
0,0,82,armpw,armwar,6,west,1,20,4,1080,1080,x,wiped,29.5,7.0,2,0,0.011,0.000,7764,6691
0,1,73,armflash,corfav,6,west,1,11,47,1210,1222,x,wiped,12.0,5.0,11,0,0.477,0.000,4342,4574
1,0,85,armwar,corgator,0,west,0,4,9,1080,1080,x,wiped,20.5,7.0,4,0,0.420,0.000,3800,7705
1,1,83,armham,armllt,0,west,0,9,14,1170,1190,x,wiped,38.0,15.0,6,0,0.573,0.000,3912,9917
0,0,83,armjeth,corstorm,7,east,1,7,8,875,880,y,wiped,21.5,9.5,0,8,0.000,0.802,4927,1255
0,1,74,armwar,corthud,1,east,0,4,8,1080,1120,y,wiped,28.5,9.0,0,4,0.000,0.321,6745,6215
1,1,84,armpw,corfav,7,east,1,22,46,1188,1196,x,wiped,11.5,5.0,19,0,0.475,0.000,4438,4501
0,0,84,armflea,corwolv,4,west,0,57,7,1197,1190,x,wiped,15.5,6.5,30,0,0.282,0.000,3183,5330
1,0,86,armrock,armrock,2,west,1,10,10,1200,1200,y,wiped,46.5,10.0,0,2,0.000,0.160,7930,6692
0,1,75,armwar,armllt,7,east,1,5,16,1350,1360,x,wiped,44.5,17.0,3,0,0.434,0.000,4586,10491
1,1,85,corcrash,cormist,4,west,0,10,8,1250,1240,y,wiped,36.5,7.5,0,8,0.000,0.785,6792,1554
0,0,85,corak,corstorm,4,west,0,28,11,1204,1210,y,wiped,26.5,7.5,0,7,0.000,0.476,10082,4546
1,0,87,armham,corwolv,6,west,1,9,7,1170,1190,x,wiped,24.0,12.0,8,0,0.384,0.000,5930,5845
0,1,76,corcrash,armstump,4,west,0,9,5,1125,1125,y,wiped,25.5,8.5,0,5,0.000,0.851,6361,1371
1,0,88,armflea,corak,0,west,0,57,28,1197,1204,y,wiped,13.0,4.5,0,16,0.000,0.402,3892,4912
0,0,86,armflash,armstump,5,east,0,10,5,1100,1125,x,wiped,29.0,7.0,4,0,0.196,0.000,6277,9326
1,1,86,armjeth,corwolv,6,west,1,11,8,1375,1360,y,wiped,44.0,21.5,0,4,0.000,0.414,8637,4153
0,0,87,armfav,corlevlr,2,west,1,43,6,1333,1320,y,wiped,8.0,5.5,0,6,0.000,0.743,8372,2286
1,1,87,armart,corlevlr,1,east,0,8,5,1080,1100,y,wiped,15.0,11.0,0,5,0.000,1.000,5817,0
1,0,89,armham,corllt,1,east,0,9,13,1170,1170,x,wiped,34.0,15.5,6,0,0.618,0.000,3468,9483
0,1,77,corthud,armflash,1,east,0,8,10,1120,1100,y,wiped,44.5,7.0,0,1,0.000,0.030,9249,8063
0,0,88,corlevlr,armllt,3,east,1,5,13,1100,1105,x,wiped,29.0,19.0,3,0,0.566,0.000,3081,9277
0,0,89,armart,corfav,1,east,0,9,47,1215,1222,y,wiped,16.5,6.0,0,33,0.000,0.524,5648,2672
1,0,90,corak,armart,7,east,1,28,9,1204,1215,x,wiped,25.0,8.0,15,0,0.293,0.000,6579,5805
1,1,88,armjeth,armflea,5,east,0,10,60,1250,1260,y,wiped,27.0,6.0,0,38,0.000,0.503,6349,1937
0,1,78,corgator,corgator,5,east,0,10,10,1200,1200,x,wiped,43.5,6.5,1,0,0.037,0.000,8313,8685
0,0,90,armrock,corwolv,5,east,0,10,7,1200,1190,x,wiped,27.0,10.5,5,0,0.219,0.000,6160,5584
1,1,89,armfav,corraid,1,east,0,38,5,1178,1175,y,wiped,22.5,5.5,0,4,0.000,0.314,6433,7166
1,0,91,armstump,cormist,6,west,1,5,7,1125,1085,x,wiped,32.5,7.5,5,0,0.633,0.000,3380,6546
0,1,79,armrock,armham,1,east,0,12,11,1440,1430,y,wiped,31.0,9.5,0,8,0.000,0.416,9910,6825
1,1,90,armflash,corwolv,7,east,1,11,7,1210,1190,x,wiped,19.5,8.5,11,0,0.735,0.000,2267,5279
0,0,91,corak,corraid,7,east,1,33,6,1419,1410,y,wiped,24.5,6.5,0,5,0.000,0.454,10695,6819
0,1,80,armfav,corlevlr,7,east,1,43,6,1333,1320,y,wiped,7.5,5.5,0,6,0.000,0.986,7914,123
1,0,92,armart,armart,2,west,1,9,9,1215,1215,y,wiped,48.5,14.5,0,1,0.000,0.111,6225,5652
0,0,92,corlevlr,corllt,0,west,0,5,12,1100,1080,x,wiped,35.0,19.5,3,0,0.490,0.000,3658,8739
0,1,81,corthud,corraid,3,east,1,10,6,1400,1410,x,wiped,47.5,8.5,2,0,0.143,0.000,10144,12741
1,0,93,armjanus,corlevlr,6,west,1,5,5,1200,1100,y,wiped,16.5,11.5,0,2,0.000,0.347,5866,5034
1,1,91,armart,corllt,0,west,0,8,12,1080,1080,y,wiped,70.0,14.5,0,9,0.000,0.434,5062,4694
0,0,93,armpw,corthud,0,west,0,26,10,1404,1400,y,wiped,20.0,7.5,0,7,0.000,0.442,11544,6378
1,0,94,armwar,cormist,7,east,1,4,7,1080,1085,x,wiped,25.5,8.0,4,0,0.602,0.000,2586,6186
0,0,94,corraid,corlevlr,6,west,1,5,5,1175,1100,y,wiped,16.5,9.5,0,4,0.000,0.667,10767,2440
1,1,92,armham,armjanus,1,east,0,11,6,1430,1440,y,wiped,26.0,10.5,0,4,0.000,0.301,13043,4589
0,1,82,corcrash,armart,5,east,0,10,9,1250,1215,y,wiped,56.0,18.0,0,4,0.000,0.282,7790,4980
1,1,93,armjeth,corak,7,east,1,10,29,1250,1247,y,wiped,15.0,7.0,0,29,0.000,0.960,6407,339
0,0,95,armstump,armfav,0,west,0,5,36,1125,1116,x,wiped,17.0,5.0,4,0,0.446,0.000,5171,5822
1,0,95,corthud,corthud,7,east,1,9,9,1260,1260,y,wiped,37.0,10.0,0,4,0.000,0.208,10763,8278
0,1,83,armjeth,armflea,0,west,0,10,60,1250,1260,y,wiped,28.0,6.0,0,41,0.000,0.514,6337,1923
1,1,94,armpw,armham,7,east,1,24,10,1296,1300,y,wiped,21.0,8.0,0,5,0.000,0.400,10344,6252
1,0,96,armjeth,corfav,1,east,0,10,48,1250,1248,y,wiped,30.0,5.5,0,45,0.000,0.781,6352,986
0,0,96,armham,corgator,1,east,0,11,12,1430,1440,x,wiped,40.0,8.5,2,0,0.049,0.000,11041,10878
0,1,84,corthud,armjanus,2,west,1,10,6,1400,1440,y,wiped,27.0,10.0,0,3,0.000,0.268,12834,4946
1,1,95,armjeth,armart,5,east,0,10,9,1250,1215,y,wiped,54.5,19.0,0,4,0.000,0.223,7029,5044
1,0,97,corcrash,corwolv,0,west,0,11,8,1375,1360,y,wiped,42.5,21.0,0,5,0.000,0.285,8235,4747
0,0,97,armflea,cormist,2,west,1,59,8,1239,1240,y,wiped,38.0,5.0,0,2,0.000,0.207,5120,5655
0,1,85,armrock,corthud,5,east,0,7,6,840,840,y,wiped,27.0,9.5,0,6,0.000,0.414,5638,3989
1,1,96,armpw,armart,1,east,0,20,8,1080,1080,x,wiped,21.0,8.5,16,0,0.459,0.000,4399,5030
1,0,98,armwar,armart,1,east,0,4,8,1080,1080,x,wiped,19.5,9.0,4,0,0.611,0.000,2615,5032
0,0,98,corstorm,armfav,1,east,0,11,39,1210,1209,x,wiped,20.0,5.5,7,0,0.308,0.000,5869,7561
0,1,86,armrock,cormist,0,west,0,9,7,1080,1085,x,wiped,30.5,7.5,7,0,0.428,0.000,3863,6607
0,0,99,armpw,armfav,2,west,1,22,38,1188,1178,x,wiped,11.5,4.5,19,0,0.456,0.000,4599,4296
1,0,99,corstorm,armllt,6,west,1,10,13,1100,1105,x,wiped,39.5,15.0,6,0,0.448,0.000,4348,9305
0,1,87,corgator,corfav,4,west,0,10,46,1200,1196,x,wiped,13.0,5.0,7,0,0.468,0.000,4538,4735
1,1,97,corcrash,corcrash,2,west,1,10,10,1250,1250,draw,stalemate,60.0,,10,10,1.000,1.000,0,0
0,0,100,corstorm,corlevlr,1,east,0,10,5,1100,1100,y,wiped,19.5,11.0,0,5,0.000,0.603,8473,2915
0,1,88,armflea,armstump,1,east,0,54,5,1134,1125,y,wiped,14.5,5.5,0,5,0.000,0.465,5908,4996
1,0,100,armham,cormist,6,west,1,6,5,780,775,x,wiped,25.0,8.0,6,0,0.688,0.000,1904,4702
1,1,98,corraid,corlevlr,7,east,1,5,5,1175,1100,y,wiped,18.5,9.5,0,5,0.000,0.694,10536,2249
0,1,89,corcrash,armjanus,3,east,1,10,5,1250,1200,y,wiped,17.5,10.5,0,5,0.000,0.638,7525,1991
0,0,101,armpw,corthud,1,east,0,26,10,1404,1400,y,wiped,22.5,7.0,0,7,0.000,0.374,11247,7175
1,0,101,corwolv,corfav,3,east,1,7,46,1190,1196,y,wiped,19.0,6.5,0,38,0.000,0.681,5293,1685
0,0,102,armfav,armllt,7,east,1,41,15,1271,1275,y,wiped,12.5,5.5,0,13,0.000,0.676,5712,3152
1,1,99,armflea,corstorm,3,east,1,58,11,1218,1210,y,wiped,33.5,6.5,0,2,0.000,0.176,9140,7008
0,1,90,armstump,armjanus,6,west,1,5,5,1125,1200,y,wiped,24.5,9.5,0,3,0.000,0.370,10096,3504
1,0,102,corthud,armflash,3,east,1,8,10,1120,1100,x,wiped,25.0,7.0,5,0,0.353,0.000,5924,8174
1,1,100,corthud,armart,6,west,1,9,9,1260,1215,x,wiped,25.0,10.5,9,0,0.653,0.000,3592,5976
0,0,103,corstorm,corraid,1,east,0,11,5,1210,1175,y,wiped,49.0,9.0,0,2,0.000,0.089,8946,9607
1,0,103,corgator,armllt,6,west,1,10,14,1200,1190,x,wiped,24.0,9.5,6,0,0.466,0.000,4463,9108
0,1,91,armart,corwolv,0,west,0,10,8,1350,1360,x,wiped,44.5,14.0,2,0,0.162,0.000,6572,6924
1,1,101,armjeth,corlevlr,7,east,1,7,4,875,880,y,wiped,16.0,10.5,0,4,0.000,0.963,4919,220
0,1,92,armrock,armfav,5,east,0,10,39,1200,1209,x,wiped,18.0,5.5,7,0,0.340,0.000,4961,7574
1,0,104,corgator,cormist,3,east,1,9,7,1080,1085,x,wiped,22.5,7.0,8,0,0.687,0.000,2417,6168
1,1,102,armjeth,corak,2,west,1,10,29,1250,1247,y,wiped,15.5,7.0,0,29,0.000,0.888,6389,945
0,0,104,armrock,corstorm,5,east,0,10,11,1200,1210,y,wiped,43.5,10.0,0,4,0.000,0.214,7987,6845
1,1,103,armjanus,armart,0,west,0,5,9,1200,1215,x,wiped,27.0,12.0,5,0,0.532,0.000,2585,6262
0,1,93,armstump,armllt,4,west,0,6,16,1350,1360,x,wiped,38.0,11.0,4,0,0.586,0.000,4537,11168
1,0,105,armrock,corllt,0,west,0,9,12,1080,1080,x,wiped,44.5,14.5,4,0,0.340,0.000,4375,8982
1,1,104,armpw,armstump,3,east,1,21,5,1134,1125,y,wiped,21.5,7.0,0,5,0.000,0.364,9005,5906
0,0,105,corcrash,armllt,2,west,1,10,15,1250,1275,y,wiped,53.5,14.5,0,15,0.000,0.954,6502,426
0,1,94,armart,corraid,0,west,0,7,4,945,940,y,wiped,27.0,9.5,0,4,0.000,0.459,4790,4508
1,0,106,armflea,corfav,3,east,1,57,46,1197,1196,x,wiped,25.0,4.0,13,0,0.151,0.000,3219,4474
1,1,105,armflea,corfav,7,east,1,57,46,1197,1196,x,wiped,25.5,4.0,11,0,0.141,0.000,3245,4484
0,0,106,armrock,armjanus,4,west,0,10,5,1200,1200,y,wiped,26.0,10.5,0,3,0.000,0.446,8518,3069
0,1,95,corstorm,corwolv,1,east,0,11,7,1210,1190,x,wiped,25.5,10.5,7,0,0.328,0.000,6223,5692
1,0,107,armpw,armrock,7,east,1,20,9,1080,1080,x,wiped,24.5,7.5,3,0,0.046,0.000,8694,6818
1,1,106,armflash,corwolv,1,east,0,11,7,1210,1190,x,wiped,18.5,8.5,11,0,0.935,0.000,545,5294
0,1,96,armflash,corfav,0,west,0,11,47,1210,1222,x,wiped,12.0,5.0,11,0,0.518,0.000,3977,4608
0,0,107,corstorm,corthud,5,east,0,10,8,1100,1120,y,wiped,32.0,10.0,0,7,0.000,0.336,8331,6174
0,1,97,armjanus,corgator,2,west,1,5,10,1200,1200,x,wiped,17.0,8.0,4,0,0.600,0.000,2155,9653
1,1,107,armwar,cormist,5,east,0,4,7,1080,1085,x,wiped,25.5,8.0,4,0,0.602,0.000,2588,6194
0,0,108,armjanus,corraid,1,east,0,5,5,1200,1175,x,wiped,25.5,9.5,3,0,0.278,0.000,4049,11014
0,1,98,corak,corfav,6,west,1,28,46,1204,1196,x,wiped,14.0,5.0,17,0,0.412,0.000,4816,4599
1,0,108,armart,armllt,1,east,0,10,16,1350,1360,y,wiped,75.5,15.0,0,2,0.000,0.034,6356,10788
0,0,109,armrock,corwolv,0,west,0,10,7,1200,1190,x,wiped,29.0,10.5,5,0,0.171,0.000,6709,5729
0,1,99,armstump,armjanus,3,east,1,5,5,1125,1200,y,wiped,25.0,9.5,0,3,0.000,0.422,9962,3300
1,1,108,corstorm,armstump,1,east,0,10,5,1100,1125,y,wiped,41.5,9.0,0,2,0.000,0.219,8082,7462
1,0,109,corak,corfav,4,west,0,28,46,1204,1196,x,wiped,12.5,4.5,17,0,0.429,0.000,4699,4481
0,0,110,armpw,corak,0,west,0,23,29,1242,1247,x,wiped,22.5,6.0,8,0,0.163,0.000,7408,8590
1,1,109,armpw,corwolv,5,east,0,22,7,1188,1190,x,wiped,21.5,8.5,9,0,0.229,0.000,7848,5296
0,1,100,armjeth,cormist,3,east,1,10,8,1250,1240,y,wiped,37.5,7.5,0,8,0.000,0.872,6711,915
1,0,110,armjeth,cormist,1,east,0,10,8,1250,1240,y,wiped,42.5,7.5,0,8,0.000,0.914,6686,613
0,1,101,corak,corthud,0,west,0,26,8,1118,1120,y,wiped,22.5,7.5,0,6,0.000,0.499,8740,4598
0,0,111,corcrash,armllt,0,west,0,10,15,1250,1275,y,wiped,49.5,13.5,0,15,0.000,0.992,6529,73
1,0,111,corcrash,armjanus,4,west,0,10,5,1250,1200,y,wiped,17.0,10.0,0,5,0.000,0.884,7462,632
1,1,110,armjeth,corwolv,2,west,1,11,8,1375,1360,y,wiped,50.0,21.5,0,3,0.000,0.295,8866,5063
0,1,102,armpw,corak,1,east,0,23,29,1242,1247,x,wiped,24.0,6.0,8,0,0.158,0.000,7490,8509
0,0,112,armrock,armflash,0,west,0,10,11,1200,1210,y,wiped,22.0,7.5,0,8,0.000,0.318,7473,5981
1,0,112,armjeth,armjanus,0,west,0,10,5,1250,1200,y,wiped,18.5,10.0,0,5,0.000,0.931,7316,376
1,1,111,armflash,armllt,1,east,0,10,13,1100,1105,x,wiped,24.0,9.0,5,0,0.359,0.000,4784,8592
0,1,103,corlevlr,corlevlr,3,east,1,5,5,1100,1100,x,wiped,20.0,12.5,1,0,0.042,0.000,7153,7738
0,0,113,armrock,armflash,2,west,1,10,11,1200,1210,y,wiped,23.5,7.0,0,9,0.000,0.443,7438,4800
1,0,113,corstorm,corcrash,0,west,0,8,7,880,875,x,wiped,20.5,10.0,8,0,0.858,0.000,896,4849
1,1,112,corcrash,corgator,6,west,1,10,10,1250,1200,y,wiped,23.0,8.0,0,10,0.000,0.963,6566,316
0,0,114,armpw,armpw,3,east,1,22,22,1188,1188,y,wiped,26.0,6.0,0,5,0.000,0.156,8491,7158
1,0,114,armrock,corfav,0,west,0,10,46,1200,1196,x,wiped,21.5,6.0,7,0,0.222,0.000,5819,7883
0,1,104,armpw,corgator,6,west,1,20,9,1080,1080,x,wiped,56.5,6.0,1,0,0.044,0.000,7602,7746
1,1,113,corak,armflash,4,west,0,28,11,1204,1210,y,wiped,25.0,6.0,0,5,0.000,0.278,8252,6072
1,0,115,armrock,corlevlr,5,east,0,11,6,1320,1320,y,wiped,17.0,10.5,0,6,0.000,0.754,8869,2154
0,1,105,corak,corthud,1,east,0,26,8,1118,1120,y,wiped,22.5,8.0,0,7,0.000,0.434,8781,5219
0,0,115,corcrash,armllt,7,east,1,10,15,1250,1275,y,wiped,52.5,13.5,0,15,0.000,0.954,6509,435
1,0,116,armpw,corak,4,west,0,23,29,1242,1247,x,wiped,19.5,6.0,11,0,0.224,0.000,6866,8494
1,1,114,corcrash,armfav,0,west,0,10,40,1250,1240,y,wiped,30.5,5.5,0,39,0.000,0.684,6446,1389
0,1,106,corstorm,armllt,2,west,1,10,13,1100,1105,x,wiped,38.0,15.0,7,0,0.550,0.000,3390,9300
0,0,116,armjeth,corcrash,2,west,1,10,10,1250,1250,draw,stalemate,60.0,,10,10,1.000,1.000,0,0
1,0,117,armfav,corwolv,6,west,1,44,8,1364,1360,x,wiped,25.0,6.0,26,0,0.456,0.000,3119,6075
1,1,115,armflea,corstorm,6,west,1,58,11,1218,1210,y,wiped,27.0,6.0,0,6,0.000,0.357,8441,5471
0,1,107,corcrash,corwolv,4,west,0,11,8,1375,1360,y,wiped,55.0,20.5,0,3,0.000,0.216,9279,5326
0,0,117,armrock,armwar,6,west,1,9,4,1080,1080,y,wiped,24.0,9.0,0,4,0.000,0.453,6739,3576
1,1,116,armjeth,corstorm,0,west,0,7,8,875,880,y,wiped,23.5,9.5,0,8,0.000,0.768,5328,1466
0,1,108,corak,armflash,1,east,0,28,11,1204,1210,x,wiped,24.5,5.5,4,0,0.084,0.000,7574,8429
1,0,118,corraid,corraid,5,east,0,5,5,1175,1175,x,wiped,51.5,8.5,2,0,0.032,0.000,10190,10612
1,1,117,corak,armstump,4,west,0,26,5,1118,1125,y,wiped,26.0,7.0,0,4,0.000,0.343,8527,6219
0,1,109,corthud,corwolv,2,west,1,10,8,1400,1360,x,wiped,23.0,10.5,8,0,0.463,0.000,6598,6717
0,0,118,armjeth,armjeth,6,west,1,10,10,1250,1250,draw,stalemate,60.0,,10,10,1.000,1.000,0,0
1,0,119,armfav,corwolv,1,east,0,44,8,1364,1360,x,wiped,21.5,5.5,15,0,0.249,0.000,6454,6121
1,1,118,armwar,corcrash,2,west,1,5,11,1350,1375,x,wiped,18.5,8.5,5,0,0.996,0.000,37,7142
1,0,120,corak,corfav,3,east,1,28,46,1204,1196,x,wiped,13.0,5.5,19,0,0.448,0.000,4513,4544
0,1,110,corgator,corraid,3,east,1,10,5,1200,1175,y,wiped,34.5,7.5,0,3,0.000,0.176,9087,8532
0,0,119,armjeth,armfav,5,east,0,10,40,1250,1240,y,wiped,34.5,5.5,0,39,0.000,0.760,6332,1055
1,1,119,corlevlr,corwolv,3,east,1,6,8,1320,1360,x,wiped,15.5,12.0,6,0,1.000,0.000,0,6573
1,0,121,armpw,corllt,5,east,0,20,12,1080,1080,y,wiped,24.5,9.0,0,5,0.000,0.205,8197,6477
0,0,120,corak,corwolv,4,west,0,28,7,1204,1190,x,wiped,32.5,8.0,7,0,0.081,0.000,9467,5489
0,1,111,armjeth,corcrash,0,west,0,10,10,1250,1250,draw,stalemate,60.0,,10,10,1.000,1.000,0,0
1,0,122,corcrash,armfav,6,west,1,10,40,1250,1240,y,wiped,30.0,5.0,0,40,0.000,0.854,6443,639
1,1,120,armjeth,corcrash,4,west,0,10,10,1250,1250,draw,stalemate,60.0,,10,10,1.000,1.000,0,0
0,0,121,armstump,corgator,6,west,1,6,11,1350,1320,y,wiped,31.0,7.5,0,4,0.000,0.235,11226,7662
1,0,123,armstump,corfav,7,east,1,5,43,1125,1118,x,wiped,14.5,5.5,5,0,0.588,0.000,3859,5821
0,1,112,corak,corllt,4,west,0,27,13,1161,1170,y,wiped,30.5,9.0,0,7,0.000,0.244,8952,6671
0,0,122,armham,corak,3,east,1,9,27,1170,1161,x,wiped,23.0,8.0,5,0,0.476,0.000,4928,9107
1,0,124,armfav,corllt,6,west,1,38,13,1178,1170,y,wiped,13.0,6.0,0,11,0.000,0.639,5652,3266
0,1,113,armham,armflea,4,west,0,9,56,1170,1176,x,wiped,19.0,6.0,5,0,0.361,0.000,5964,6658
1,1,121,armflash,corllt,5,east,0,9,11,990,990,y,wiped,40.0,8.5,0,1,0.000,0.030,6836,7302
0,0,123,corcrash,corraid,3,east,1,11,6,1375,1410,y,wiped,26.0,9.0,0,6,0.000,0.876,7650,1555
0,1,114,armflash,corgator,0,west,0,11,10,1210,1200,y,wiped,22.5,6.0,0,5,0.000,0.314,8402,5864
1,1,122,armjanus,armfav,2,west,1,5,39,1200,1209,x,wiped,14.5,5.5,4,0,0.424,0.000,3088,10222
0,0,124,armrock,armart,7,east,1,9,8,1080,1080,x,wiped,29.0,10.0,8,0,0.331,0.000,4656,5287
0,1,115,armpw,armflash,1,east,0,22,11,1188,1210,y,wiped,27.5,6.0,0,4,0.000,0.274,8554,6016
1,1,123,corstorm,corfav,6,west,1,11,47,1210,1222,x,wiped,31.5,5.5,4,0,0.170,0.000,7272,8006
0,0,125,corwolv,corllt,7,east,1,8,15,1360,1350,x,wiped,40.5,16.0,5,0,0.445,0.000,3398,10942
1,0,125,armart,corllt,1,east,0,8,12,1080,1080,y,wiped,87.0,15.5,0,1,0.000,0.053,5186,8523
0,1,116,armwar,corllt,0,west,0,4,12,1080,1080,x,wiped,36.0,16.0,2,0,0.438,0.000,3616,8200
1,1,124,armflea,corllt,0,west,0,56,13,1176,1170,y,wiped,13.5,6.0,0,9,0.000,0.430,6232,4844
0,0,126,armfav,corraid,3,east,1,38,5,1178,1175,y,wiped,17.5,5.5,0,5,0.000,0.503,5992,5143
0,1,117,armstump,corlevlr,3,east,1,5,5,1125,1100,y,wiped,16.5,9.0,0,5,0.000,0.762,9513,1761
1,1,125,armwar,armwar,5,east,0,4,4,1080,1080,y,wiped,23.0,9.5,0,3,0.000,0.232,6625,5039
0,0,127,armart,armfav,7,east,1,9,39,1215,1209,y,wiped,16.5,6.0,0,28,0.000,0.579,5618,2056
0,1,118,armflash,cormist,6,west,1,7,5,770,775,x,wiped,18.5,6.5,6,0,0.606,0.000,2090,4402
1,0,126,armjeth,corcrash,7,east,1,10,10,1250,1250,draw,stalemate,60.0,,10,10,1.000,1.000,0,0
1,1,126,armart,corlevlr,3,east,1,8,5,1080,1100,y,wiped,15.5,11.5,0,5,0.000,1.000,5697,0
0,1,119,corstorm,corfav,7,east,1,11,47,1210,1222,x,wiped,18.5,6.0,8,0,0.329,0.000,5851,8558
0,0,128,armham,corstorm,1,east,0,11,13,1430,1430,x,wiped,38.5,10.5,4,0,0.274,0.000,8762,10852
0,1,120,armstump,armfav,6,west,1,5,36,1125,1116,x,wiped,17.0,5.5,5,0,0.400,0.000,5594,5719
1,1,127,corcrash,cormist,5,east,0,10,8,1250,1240,y,wiped,38.5,7.5,0,8,0.000,0.833,6897,1206
1,0,127,corwolv,cormist,2,west,1,8,9,1360,1395,y,wiped,50.5,8.5,0,3,0.000,0.097,6432,8227
0,1,121,corthud,corgator,2,west,1,6,7,840,840,x,wiped,28.0,8.0,3,0,0.232,0.000,5290,6312
1,1,128,armjanus,corgator,0,west,0,5,10,1200,1200,y,wiped,25.0,8.5,0,2,0.000,0.077,5442,9026
1,0,128,armfav,armfav,2,west,1,39,39,1209,1209,x,wiped,23.0,4.0,12,0,0.152,0.000,3708,4377
0,0,129,armart,corllt,2,west,1,8,12,1080,1080,y,wiped,78.0,14.5,0,4,0.000,0.100,5153,7996
0,1,122,armjeth,corlevlr,4,west,0,7,4,875,880,y,wiped,13.5,10.0,0,4,0.000,1.000,4898,0
1,1,129,armflea,armfav,6,west,1,57,39,1197,1209,x,wiped,10.0,4.0,25,0,0.342,0.000,2483,4410
0,1,123,armflea,corllt,2,west,1,56,13,1176,1170,y,wiped,14.5,6.0,0,11,0.000,0.620,5563,3303
1,0,129,armrock,corllt,2,west,1,9,12,1080,1080,x,wiped,48.0,14.5,4,0,0.329,0.000,4463,9019
1,1,130,armfav,corllt,3,east,1,38,13,1178,1170,y,wiped,33.0,7.0,0,6,0.000,0.226,7024,6584
0,0,130,armjeth,cormist,4,west,0,10,8,1250,1240,y,wiped,40.5,7.5,0,8,0.000,0.827,6826,1248
0,1,124,armjeth,corthud,2,west,1,10,9,1250,1260,y,wiped,25.5,9.5,0,9,0.000,0.887,6767,1186
1,1,131,armfav,corllt,7,east,1,38,13,1178,1170,y,wiped,15.0,6.0,0,11,0.000,0.611,5924,3375
1,0,130,armpw,corcrash,6,west,1,23,10,1242,1250,x,wiped,17.5,7.5,23,0,0.789,0.000,1881,6504
0,0,131,armjeth,corraid,1,east,0,11,6,1375,1410,y,wiped,30.0,9.5,0,6,0.000,0.834,7698,2087
0,1,125,corcrash,armflash,5,east,0,7,8,875,880,y,wiped,22.0,7.5,0,8,0.000,0.978,4530,130
1,1,132,armjeth,armflea,6,west,1,10,60,1250,1260,y,wiped,28.0,6.0,0,42,0.000,0.509,6351,1936
1,0,131,armham,armllt,1,east,0,9,14,1170,1190,x,wiped,30.5,15.0,7,0,0.625,0.000,3417,9621
0,1,126,armjanus,corgator,3,east,1,5,10,1200,1200,x,wiped,17.0,8.5,5,0,0.686,0.000,1672,9706
0,0,132,corgator,corraid,6,west,1,10,5,1200,1175,y,wiped,43.0,7.5,0,1,0.000,0.024,9084,10181
1,1,133,corcrash,armfav,4,west,0,10,40,1250,1240,y,wiped,29.5,5.5,0,38,0.000,0.795,6465,912
1,0,132,corstorm,armllt,1,east,0,10,13,1100,1105,x,wiped,46.0,15.0,4,0,0.370,0.000,4785,9342
0,0,133,armflea,armjanus,5,east,0,57,5,1197,1200,x,wiped,21.5,6.5,4,0,0.063,0.000,10484,5376
0,1,127,corraid,armllt,0,west,0,4,11,940,935,x,wiped,44.0,11.5,2,0,0.390,0.000,4949,7685
1,1,134,armflash,corfav,7,east,1,11,47,1210,1222,x,wiped,13.5,5.5,10,0,0.419,0.000,4828,4627
1,0,133,armpw,corlevlr,4,west,0,21,5,1134,1100,y,wiped,13.0,8.5,0,5,0.000,0.896,9488,775
0,1,128,armfav,armllt,0,west,0,41,15,1271,1275,y,wiped,12.0,5.5,0,13,0.000,0.668,7166,3304
0,0,134,armham,armham,1,east,0,9,9,1170,1170,y,wiped,37.0,10.5,0,4,0.000,0.178,9656,7923
1,1,135,corcrash,corcrash,6,west,1,10,10,1250,1250,draw,stalemate,60.0,,10,10,1.000,1.000,0,0
0,0,135,armflash,armflash,7,east,1,11,11,1210,1210,y,wiped,26.5,6.0,0,4,0.000,0.104,8409,7490
1,0,134,corstorm,corraid,0,west,0,11,5,1210,1175,y,wiped,53.0,9.5,0,2,0.000,0.164,8965,9006
0,1,129,cormist,cormist,7,east,1,8,8,1240,1240,y,wiped,64.0,8.5,0,2,0.000,0.165,7400,6104
1,1,136,armflea,corgator,4,west,0,57,10,1197,1200,y,wiped,11.5,5.0,0,10,0.000,0.663,4228,2868
1,0,135,armstump,corwolv,3,east,1,6,8,1350,1360,x,wiped,27.5,9.5,6,0,0.221,0.000,8720,6551
0,0,136,armstump,armstump,4,west,0,5,5,1125,1125,x,wiped,40.0,8.5,2,0,0.204,0.000,7493,9577
0,1,130,armstump,armjanus,4,west,0,5,5,1125,1200,y,wiped,25.5,9.5,0,3,0.000,0.439,9894,3146
1,1,137,corthud,corllt,4,west,0,9,14,1260,1260,x,wiped,32.5,15.5,7,0,0.638,0.000,3625,9888
1,0,136,armrock,corcrash,7,east,1,10,10,1200,1250,x,wiped,29.0,9.5,10,0,0.683,0.000,2407,7339
0,1,131,armjeth,corgator,2,west,1,10,10,1250,1200,y,wiped,23.5,7.5,0,10,0.000,0.844,6440,1322
0,0,137,corlevlr,armllt,2,west,1,5,13,1100,1105,x,wiped,31.0,20.0,4,0,0.544,0.000,3244,9369
1,1,138,armart,corfav,0,west,0,9,47,1215,1222,y,wiped,17.5,6.0,0,32,0.000,0.499,5626,2673
0,0,138,corraid,corllt,2,west,1,5,13,1175,1170,x,wiped,31.5,11.5,4,0,0.661,0.000,3429,9280
1,0,137,corstorm,cormist,0,west,0,7,5,770,775,x,wiped,28.5,8.0,7,0,0.558,0.000,2344,4746
0,1,132,corraid,cormist,5,east,0,6,9,1410,1395,x,wiped,37.5,8.0,5,0,0.645,0.000,4412,8377
1,1,139,corthud,armllt,6,west,1,9,15,1260,1275,x,wiped,40.5,15.5,6,0,0.603,0.000,3997,10430
0,1,133,armwar,armfav,5,east,0,4,35,1080,1085,x,wiped,12.5,4.5,4,0,0.623,0.000,2490,4141
0,0,139,corthud,corfav,0,west,0,9,48,1260,1248,x,wiped,15.0,5.5,8,0,0.549,0.000,4660,6965
1,0,138,armflash,armart,0,west,0,11,9,1210,1215,x,wiped,19.0,8.0,11,0,0.725,0.000,2361,5644
1,1,140,armflash,corlevlr,0,west,0,10,5,1100,1100,y,wiped,12.5,8.5,0,5,0.000,0.977,7744,163
0,1,134,armjanus,armjanus,2,west,1,5,5,1200,1200,y,wiped,19.5,12.0,0,2,0.000,0.127,6152,4936
0,1,135,corgator,corfav,2,west,1,10,46,1200,1196,x,wiped,12.5,5.0,9,0,0.490,0.000,4346,4843
1,1,141,armham,corlevlr,6,west,1,10,6,1300,1320,y,wiped,18.5,11.5,0,6,0.000,0.704,10954,2624
0,0,140,corcrash,corcrash,4,west,0,10,10,1250,1250,draw,stalemate,60.0,,10,10,1.000,1.000,0,0
1,0,139,armham,corllt,0,west,0,9,13,1170,1170,x,wiped,38.5,15.5,6,0,0.602,0.000,3654,9581
1,1,142,armflash,corlevlr,2,west,1,10,5,1100,1100,y,wiped,12.5,8.5,0,5,0.000,0.994,8221,45
0,1,136,corcrash,cormist,6,west,1,10,8,1250,1240,y,wiped,39.5,7.5,0,8,0.000,0.814,6810,1340
0,0,141,corstorm,corwolv,4,west,0,11,7,1210,1190,x,wiped,30.0,10.0,4,0,0.207,0.000,7298,5663
1,0,140,corlevlr,armllt,4,west,0,5,13,1100,1105,x,wiped,29.0,20.0,4,0,0.636,0.000,2582,9297
0,1,137,armflash,corwolv,5,east,0,11,7,1210,1190,x,wiped,21.0,8.5,10,0,0.560,0.000,3809,5283
1,1,143,corthud,armjanus,6,west,1,10,6,1400,1440,x,wiped,28.0,10.5,5,0,0.258,0.000,9054,6868
1,0,141,armrock,armjeth,2,west,1,10,10,1200,1250,x,wiped,24.0,9.0,10,0,0.664,0.000,2578,7022
1,1,144,armjeth,armfav,0,west,0,10,40,1250,1240,y,wiped,31.0,5.5,0,39,0.000,0.897,6346,462
0,1,138,cormist,corfav,1,east,0,8,48,1240,1248,y,wiped,48.0,5.0,0,2,0.000,0.033,7160,5891
0,0,142,cormist,corllt,2,west,1,7,12,1085,1080,y,wiped,91.0,14.0,0,3,0.000,0.100,6251,7652
1,0,142,armwar,armjeth,1,east,0,5,11,1350,1375,x,wiped,20.0,8.5,5,0,1.000,0.000,0,7068
0,1,139,armham,corak,2,west,1,9,27,1170,1161,x,wiped,25.0,8.0,5,0,0.402,0.000,5659,9245
1,1,145,corstorm,corwolv,2,west,1,11,7,1210,1190,x,wiped,30.5,10.0,4,0,0.123,0.000,7785,5675
1,0,143,armjanus,armjanus,5,east,0,5,5,1200,1200,x,wiped,20.0,12.0,2,0,0.045,0.000,5535,6092
0,1,140,armflash,corlevlr,1,east,0,10,5,1100,1100,y,wiped,13.0,8.0,0,5,0.000,0.886,7937,840
0,0,143,corstorm,corllt,1,east,0,9,11,990,990,x,wiped,42.0,15.0,5,0,0.483,0.000,3514,8066
1,0,144,armpw,corraid,2,west,1,26,6,1404,1410,y,wiped,23.5,7.5,0,5,0.000,0.468,11077,6631
1,1,146,armrock,armwar,5,east,0,9,4,1080,1080,y,wiped,26.0,9.5,0,4,0.000,0.288,6784,4641
0,1,141,armjeth,armjanus,1,east,0,10,5,1250,1200,y,wiped,17.5,10.0,0,5,0.000,0.809,7251,1043
0,0,144,armjeth,armflea,7,east,1,10,60,1250,1260,y,wiped,27.5,6.0,0,44,0.000,0.568,6350,1696
1,0,145,armflash,corllt,6,west,1,9,11,990,990,x,wiped,29.0,8.5,3,0,0.158,0.000,5747,7871
1,1,147,armstump,corraid,5,east,0,5,5,1125,1175,y,wiped,40.0,9.0,0,3,0.000,0.267,9512,7651
0,1,142,corak,armstump,5,east,0,26,5,1118,1125,y,wiped,27.0,6.5,0,3,0.000,0.307,8639,6526
1,0,146,corwolv,corfav,4,west,0,7,46,1190,1196,y,wiped,21.5,6.5,0,10,0.000,0.156,5290,6658
0,0,145,corthud,armstump,7,east,1,8,5,1120,1125,x,wiped,34.0,8.5,4,0,0.378,0.000,5834,9419
1,0,147,armflea,armflea,5,east,0,57,57,1197,1197,y,wiped,12.0,4.5,0,11,0.000,0.127,3784,3344
1,1,148,armjeth,cormist,7,east,1,10,8,1250,1240,y,wiped,40.5,8.0,0,8,0.000,0.869,6606,939
0,1,143,corfav,corfav,2,west,1,46,46,1196,1196,x,wiped,28.0,4.0,5,0,0.075,0.000,4137,4486
0,0,146,armflash,armjanus,2,west,1,11,5,1210,1200,y,wiped,24.0,8.5,0,3,0.000,0.419,9761,3193
1,1,149,armflea,armllt,3,east,1,57,14,1197,1190,y,wiped,14.5,6.0,0,12,0.000,0.671,5158,2973
1,1,150,corthud,corlevlr,7,east,1,8,5,1120,1100,y,wiped,20.5,11.5,0,4,0.000,0.608,9687,2856
1,0,148,armjeth,armart,0,west,0,10,9,1250,1215,y,wiped,66.0,18.5,0,4,0.000,0.303,6933,4474
0,0,147,armham,armstump,2,west,1,7,4,910,900,x,wiped,32.0,9.5,4,0,0.439,0.000,4178,7611
0,1,144,armjeth,corcrash,5,east,0,10,10,1250,1250,draw,stalemate,60.0,,10,10,1.000,1.000,0,0
0,0,148,corraid,corfav,5,east,0,5,45,1175,1170,x,wiped,18.0,5.5,5,0,0.557,0.000,4605,5710
1,1,151,armart,armart,6,west,1,9,9,1215,1215,y,wiped,53.5,15.0,0,3,0.000,0.212,6306,5247
0,1,145,armpw,corgator,3,east,1,20,9,1080,1080,x,wiped,32.5,6.0,2,0,0.053,0.000,7530,7783
0,0,149,armflash,corraid,0,west,0,11,5,1210,1175,y,wiped,26.5,7.5,0,3,0.000,0.362,8950,6590
1,0,149,armrock,armrock,7,east,1,10,10,1200,1200,x,wiped,53.5,9.5,1,0,0.040,0.000,7752,7879
0,1,146,armrock,armflea,7,east,1,10,57,1200,1197,x,wiped,21.0,6.0,6,0,0.362,0.000,4817,8250
0,0,150,corthud,armstump,6,west,1,8,5,1120,1125,x,wiped,38.0,9.0,3,0,0.304,0.000,6507,9633
0,1,147,corthud,corllt,3,east,1,9,14,1260,1260,x,wiped,41.5,16.0,6,0,0.583,0.000,4198,10018
0,0,151,armpw,corraid,4,west,0,26,6,1404,1410,y,wiped,25.5,7.5,0,4,0.000,0.330,11451,8410
0,1,148,armart,armart,0,west,0,9,9,1215,1215,y,wiped,45.0,15.0,0,4,0.000,0.248,6388,4783
0,0,152,armjeth,corwolv,4,west,0,11,8,1375,1360,y,wiped,59.5,21.5,0,3,0.000,0.289,8106,5104
2,0,1,armham,armflea,7,east,1,9,56,1170,1176,x,wiped,17.0,6.5,5,0,0.479,0.000,4846,6885
2,1,1,corak,corllt,3,east,1,27,13,1161,1170,x,wiped,33.0,9.5,1,0,0.015,0.000,8117,8878
2,1,2,armwar,armfav,3,east,1,4,35,1080,1085,x,wiped,14.5,5.5,4,0,0.409,0.000,3918,4120
2,1,3,armflea,corthud,4,west,0,60,9,1260,1260,y,wiped,18.5,7.0,0,7,0.000,0.593,6928,4215
2,0,2,armart,armllt,5,east,0,10,16,1350,1360,x,wiped,87.0,-0.5,1,0,0.047,0.000,6130,11361
2,0,3,armpw,armllt,7,east,1,22,14,1188,1190,y,wiped,24.5,9.5,0,9,0.000,0.374,8840,5697
2,1,4,armham,corthud,3,east,1,11,10,1430,1400,x,wiped,42.5,10.5,3,0,0.166,0.000,9833,11874
2,1,5,armham,armfav,4,west,0,9,38,1170,1178,x,wiped,14.5,6.0,9,0,0.678,0.000,3013,6293
2,0,4,armstump,corllt,0,west,0,6,15,1350,1350,x,wiped,40.0,11.5,4,0,0.565,0.000,4772,10796
2,1,6,armflea,armjanus,4,west,0,57,5,1197,1200,y,wiped,25.0,7.5,0,2,0.000,0.028,11057,5242
2,0,5,armwar,corak,4,west,0,4,25,1080,1075,x,wiped,20.5,8.0,4,0,0.473,0.000,3468,7385
2,1,7,armwar,cormist,0,west,0,4,7,1080,1085,x,wiped,26.0,8.5,4,0,0.612,0.000,2525,6186
2,0,6,armjanus,corfav,4,west,0,5,46,1200,1196,x,wiped,15.5,6.5,4,0,0.571,0.000,2324,11015
3,1,1,armpw,corfav,4,west,0,22,46,1188,1196,x,wiped,14.0,5.5,14,0,0.417,0.000,4952,4505
2,1,8,armjeth,corlevlr,3,east,1,7,4,875,880,y,wiped,13.5,10.0,0,4,0.000,1.000,5096,0
3,0,1,armjanus,cormist,4,west,0,5,8,1200,1240,x,wiped,21.5,9.0,5,0,0.492,0.000,2672,7875
2,0,7,corthud,armjanus,0,west,0,10,6,1400,1440,y,wiped,27.0,10.5,0,5,0.000,0.287,12933,4667
3,1,2,armwar,armwar,7,east,1,4,4,1080,1080,y,wiped,23.0,6.0,0,4,0.000,0.299,6607,4594
3,0,2,armjanus,corraid,6,west,1,5,5,1200,1175,x,wiped,25.0,10.0,4,0,0.350,0.000,3590,10862
2,1,9,corstorm,armjanus,2,west,1,11,5,1210,1200,y,wiped,35.0,10.5,0,1,0.000,0.073,9888,5145
2,0,8,corak,corwolv,6,west,1,28,7,1204,1190,x,wiped,21.0,9.0,17,0,0.364,0.000,6929,5715
3,1,3,armwar,armflash,3,east,1,4,10,1080,1100,x,wiped,20.5,7.0,3,0,0.168,0.000,5477,7662
3,0,3,armjanus,armart,7,east,1,5,9,1200,1215,x,wiped,20.5,12.5,5,0,0.531,0.000,2565,6231
2,1,10,armrock,corraid,5,east,0,10,5,1200,1175,y,wiped,36.5,9.5,0,4,0.000,0.357,7802,6751
2,0,9,armham,armflash,1,east,0,11,13,1430,1430,x,wiped,31.5,8.0,3,0,0.173,0.000,9519,10425
3,1,4,armrock,armjeth,3,east,1,10,10,1200,1250,x,wiped,34.0,10.0,10,0,0.836,0.000,1227,7076
3,0,4,armjanus,corwolv,0,west,0,5,7,1200,1190,x,wiped,21.0,13.0,5,0,0.384,0.000,3344,5709
3,0,5,armham,corwolv,1,east,0,9,7,1170,1190,x,wiped,24.0,12.0,7,0,0.355,0.000,6377,5836
2,0,10,corgator,corraid,5,east,0,10,5,1200,1175,y,wiped,32.5,8.0,0,2,0.000,0.129,9019,9045
2,1,11,armwar,armllt,4,west,0,5,16,1350,1360,x,wiped,41.0,17.0,3,0,0.491,0.000,4101,10421
3,1,5,corak,corak,7,east,1,28,28,1204,1204,y,wiped,34.5,7.5,0,3,0.000,0.057,8319,7832
3,0,6,armjeth,corgator,5,east,0,10,10,1250,1200,y,wiped,20.5,8.0,0,10,0.000,0.948,6457,441
2,1,12,armflea,corllt,4,west,0,56,13,1176,1170,y,wiped,17.0,7.0,0,9,0.000,0.445,5032,4926
2,0,11,corthud,armart,2,west,1,9,9,1260,1215,x,wiped,24.0,10.0,9,0,0.561,0.000,4574,5895
3,1,6,armrock,armjanus,3,east,1,10,5,1200,1200,y,wiped,26.5,10.5,0,4,0.000,0.266,8486,3928
3,0,7,armpw,corraid,6,west,1,26,6,1404,1410,y,wiped,21.0,7.5,0,6,0.000,0.452,11060,6822
3,1,7,armwar,armjanus,7,east,1,5,6,1350,1440,y,wiped,27.0,9.5,0,3,0.000,0.366,8445,4074
3,0,8,armjanus,armllt,6,west,1,5,14,1200,1190,x,wiped,34.0,16.0,2,0,0.333,0.000,3480,10407
2,0,12,armjeth,armjeth,7,east,1,10,10,1250,1250,draw,stalemate,60.0,,10,10,1.000,1.000,0,0
3,1,8,armpw,armpw,5,east,0,22,22,1188,1188,y,wiped,25.0,7.0,0,5,0.000,0.110,8500,7594
2,1,13,corcrash,corllt,0,west,0,10,14,1250,1260,y,wiped,63.0,13.5,0,14,0.000,1.000,6485,0
2,0,13,armrock,armflash,7,east,1,10,11,1200,1210,y,wiped,22.5,7.5,0,7,0.000,0.305,7488,5942
3,1,9,armwar,corak,3,east,1,4,25,1080,1075,x,wiped,20.5,8.0,4,0,0.449,0.000,3638,7410
3,0,9,armjeth,armfav,7,east,1,10,40,1250,1240,y,wiped,32.5,6.5,0,34,0.000,0.715,6339,1292
2,1,14,armart,corwolv,7,east,1,10,8,1350,1360,y,wiped,42.5,14.5,0,1,0.000,0.025,7419,6759
2,0,14,corak,armfav,4,west,0,28,39,1204,1209,x,wiped,9.5,4.5,26,0,0.626,0.000,3061,4376
3,0,10,armjeth,armflash,4,west,0,7,8,875,880,y,wiped,22.5,8.0,0,8,0.000,0.972,4450,176
2,1,15,armart,corlevlr,4,west,0,8,5,1080,1100,y,wiped,14.5,11.0,0,5,0.000,1.000,5587,0
2,0,15,armflea,armflash,6,west,1,58,11,1218,1210,y,wiped,12.0,5.0,0,10,0.000,0.387,3855,5121
3,1,10,armwar,corstorm,3,east,1,4,10,1080,1100,y,wiped,78.5,9.5,0,1,0.000,0.100,6969,6950
2,1,16,armflash,corraid,5,east,0,11,5,1210,1175,y,wiped,29.0,6.5,0,2,0.000,0.132,8949,8990
2,0,16,armham,armflash,6,west,1,11,13,1430,1430,x,wiped,34.5,7.5,3,0,0.108,0.000,10233,10510
3,1,11,armham,armwar,1,east,0,10,5,1300,1350,y,wiped,34.0,9.0,0,2,0.000,0.109,10566,7447
3,0,11,armart,corllt,4,west,0,8,12,1080,1080,y,wiped,75.0,14.5,0,5,0.000,0.132,5128,7778
2,1,17,armfav,corgator,2,west,1,39,10,1209,1200,y,wiped,12.5,5.5,0,10,0.000,0.542,4732,3872
2,0,17,armflea,armllt,6,west,1,57,14,1197,1190,y,wiped,16.5,7.0,0,11,0.000,0.531,4873,4237
3,1,12,armflash,armjanus,0,west,0,11,5,1210,1200,y,wiped,16.0,8.0,0,5,0.000,0.488,9536,2787
3,0,12,armham,cormist,7,east,1,6,5,780,775,x,wiped,27.0,7.5,6,0,0.628,0.000,2286,4692
2,0,18,armflash,corfav,4,west,0,11,47,1210,1222,x,wiped,12.5,5.0,11,0,0.471,0.000,4375,4612
2,1,18,armjanus,cormist,7,east,1,5,8,1200,1240,x,wiped,28.0,8.5,5,0,0.518,0.000,2602,8301
3,1,13,corthud,corgator,4,west,0,6,7,840,840,y,wiped,27.0,8.0,0,5,0.000,0.088,6940,5543
3,0,13,armrock,corlevlr,2,west,1,11,6,1320,1320,y,wiped,19.5,10.5,0,6,0.000,0.774,9114,2000
2,0,19,armwar,armflash,6,west,1,4,10,1080,1100,x,wiped,16.5,6.5,4,0,0.352,0.000,4257,7642
2,1,19,armpw,corgator,5,east,0,20,9,1080,1080,y,wiped,22.5,6.0,0,7,0.000,0.330,7869,5103
3,1,14,armwar,armflash,7,east,1,4,10,1080,1100,x,wiped,19.0,6.5,4,0,0.205,0.000,5230,7656
2,0,20,corlevlr,corfav,5,east,0,5,42,1100,1092,x,wiped,10.0,5.5,5,0,0.820,0.000,1294,7095
3,0,14,armwar,armstump,1,east,0,5,6,1350,1350,x,wiped,26.5,7.5,4,0,0.293,0.000,5828,11187
2,1,20,corthud,armfav,1,east,0,9,41,1260,1271,x,wiped,14.0,5.5,9,0,0.680,0.000,3307,6943
3,0,15,corgator,corfav,6,west,1,10,46,1200,1196,x,wiped,12.0,5.0,10,0,0.548,0.000,3833,4796
3,1,15,corstorm,corgator,5,east,0,11,10,1210,1200,y,wiped,41.5,8.0,0,3,0.000,0.130,8633,7933
2,1,21,corgator,corwolv,4,west,0,10,7,1200,1190,x,wiped,19.0,8.0,10,0,0.491,0.000,4358,5375
2,0,21,armrock,corstorm,2,west,1,10,11,1200,1210,y,wiped,42.0,10.0,0,3,0.000,0.234,7882,6884
3,0,16,corak,corllt,6,west,1,27,13,1161,1170,y,wiped,29.5,9.5,0,4,0.000,0.121,8499,7703
3,1,16,armjanus,corwolv,3,east,1,5,7,1200,1190,x,wiped,19.5,12.0,5,0,0.484,0.000,2811,6059
2,1,22,armrock,armjeth,1,east,0,10,10,1200,1250,x,wiped,24.5,9.0,10,0,0.701,0.000,2283,6824
3,0,17,corgator,corlevlr,6,west,1,11,6,1320,1320,y,wiped,12.0,8.5,0,6,0.000,0.980,9840,181
2,0,22,armflash,armstump,1,east,0,10,5,1100,1125,y,wiped,39.5,7.0,0,1,0.000,0.035,8235,9030
2,1,23,armflash,cormist,4,west,0,7,5,770,775,x,wiped,17.5,6.5,7,0,0.614,0.000,2021,4396
3,1,17,armflea,armflea,2,west,1,57,57,1197,1197,y,wiped,24.0,4.5,0,5,0.000,0.065,3808,3536
2,0,23,corlevlr,corllt,2,west,1,5,12,1100,1080,x,wiped,27.5,19.0,4,0,0.585,0.000,2936,8727
2,1,24,armstump,armfav,2,west,1,5,36,1125,1116,x,wiped,21.5,5.0,3,0,0.387,0.000,5789,6478
3,1,18,armrock,corfav,4,west,0,10,46,1200,1196,x,wiped,24.0,5.5,4,0,0.240,0.000,5691,7491
3,0,18,armjeth,armart,4,west,0,10,9,1250,1215,y,wiped,46.0,18.0,0,4,0.000,0.197,7248,4897
3,1,19,armham,armart,3,east,1,9,9,1170,1215,x,wiped,24.0,10.5,9,0,0.520,0.000,4574,6166
3,0,19,corak,armflash,3,east,1,28,11,1204,1210,y,wiped,21.0,5.5,0,8,0.000,0.347,8190,5447
2,0,24,armjanus,armllt,0,west,0,5,14,1200,1190,x,wiped,32.5,14.5,2,0,0.332,0.000,3511,10405
2,1,25,corwolv,cormist,4,west,0,8,9,1360,1395,x,wiped,38.0,8.5,4,0,0.094,0.000,5701,8712
3,1,20,corak,armfav,2,west,1,28,39,1204,1209,x,wiped,10.0,4.5,25,0,0.552,0.000,3668,4447
2,0,25,armjanus,armart,5,east,0,5,9,1200,1215,x,wiped,26.0,11.0,4,0,0.362,0.000,3504,6458
2,1,26,armstump,corwolv,0,west,0,6,8,1350,1360,x,wiped,24.0,9.5,6,0,0.443,0.000,6242,6426
3,0,20,corthud,armllt,0,west,0,9,15,1260,1275,x,wiped,32.5,16.0,7,0,0.657,0.000,3441,10446
3,1,21,corak,corthud,6,west,1,26,8,1118,1120,y,wiped,23.5,8.0,0,7,0.000,0.439,8586,5163
2,0,26,armpw,cormist,0,west,0,23,8,1242,1240,x,wiped,28.5,6.5,9,0,0.171,0.000,7537,7123
3,0,21,armwar,corlevlr,7,east,1,4,5,1080,1100,y,wiped,17.0,10.5,0,5,0.000,0.652,6759,2533
2,1,27,corstorm,cormist,7,east,1,7,5,770,775,x,wiped,31.5,8.0,7,0,0.503,0.000,2649,4715
2,0,27,armjanus,armfav,6,west,1,5,39,1200,1209,x,wiped,13.5,5.5,5,0,0.551,0.000,2421,9607
3,1,22,armart,armart,1,east,0,9,9,1215,1215,x,wiped,61.0,14.5,1,0,0.035,0.000,6083,6523
2,1,28,corcrash,armfav,2,west,1,10,40,1250,1240,y,wiped,33.5,5.0,0,40,0.000,0.833,6431,717
2,0,28,armfav,corraid,7,east,1,38,5,1178,1175,y,wiped,18.5,5.0,0,5,0.000,0.367,6215,6594
3,0,22,armjeth,armjeth,3,east,1,10,10,1250,1250,draw,stalemate,60.0,,10,10,1.000,1.000,0,0
3,1,23,corgator,armllt,1,east,0,10,14,1200,1190,x,wiped,24.5,10.0,6,0,0.567,0.000,3609,9079
3,0,23,armfav,corraid,4,west,0,38,5,1178,1175,y,wiped,19.5,5.5,0,5,0.000,0.358,6077,6635
2,1,29,corstorm,armjanus,6,west,1,11,5,1210,1200,x,wiped,30.0,10.5,4,0,0.119,0.000,7998,5540
2,0,29,cormist,corfav,5,east,0,8,48,1240,1248,y,wiped,27.5,5.0,0,8,0.000,0.093,7138,5065
3,1,24,armflea,armart,0,west,0,58,9,1218,1215,x,wiped,16.5,6.0,34,0,0.337,0.000,2804,5634
3,0,24,corgator,armllt,3,east,1,10,14,1200,1190,x,wiped,28.0,10.5,5,0,0.498,0.000,4215,9122
2,1,30,corak,corcrash,4,west,0,29,10,1247,1250,x,wiped,14.0,7.0,29,0,0.939,0.000,512,6486
2,0,30,armwar,corak,5,east,0,4,25,1080,1075,x,wiped,20.5,6.5,4,0,0.569,0.000,2839,7345
3,1,25,armpw,armllt,5,east,0,22,14,1188,1190,y,wiped,25.0,10.0,0,6,0.000,0.196,9420,7338
3,0,25,corak,corraid,2,west,1,33,6,1419,1410,y,wiped,26.5,7.0,0,5,0.000,0.401,11020,7485
2,1,31,corak,armllt,0,west,0,28,14,1204,1190,y,wiped,24.5,9.0,0,7,0.000,0.250,8853,6909
2,0,31,armstump,corgator,1,east,0,6,11,1350,1320,x,wiped,27.5,7.0,4,0,0.207,0.000,8861,9806
3,1,26,armham,corllt,6,west,1,9,13,1170,1170,x,wiped,35.5,15.0,6,0,0.607,0.000,3585,9430
3,0,26,corthud,corgator,3,east,1,6,7,840,840,x,wiped,26.0,8.0,4,0,0.210,0.000,5425,6275
2,1,32,corcrash,armjanus,5,east,0,10,5,1250,1200,y,wiped,18.0,10.0,0,5,0.000,0.662,7556,1831
2,0,32,armfav,cormist,7,east,1,40,8,1240,1240,y,wiped,32.0,4.5,0,3,0.000,0.278,5351,5184
3,0,27,armpw,armwar,4,west,0,20,4,1080,1080,y,wiped,20.0,6.5,0,4,0.000,0.313,7793,4537
2,1,33,corak,armart,3,east,1,28,9,1204,1215,x,wiped,23.0,7.5,21,0,0.359,0.000,5612,5733
3,1,27,armwar,corstorm,1,east,0,4,10,1080,1100,y,wiped,62.0,9.0,0,1,0.000,0.031,6933,7539
2,0,33,armstump,corlevlr,0,west,0,5,5,1125,1100,y,wiped,16.0,9.0,0,4,0.000,0.772,9630,1732
2,1,34,corak,corstorm,1,east,0,28,11,1204,1210,y,wiped,25.5,7.5,0,6,0.000,0.390,9849,5243
2,0,34,armfav,corllt,2,west,1,38,13,1178,1170,y,wiped,12.5,5.5,0,11,0.000,0.606,5629,3485
3,0,28,armwar,corstorm,0,west,0,4,10,1080,1100,x,wiped,50.0,9.0,2,0,0.021,0.000,6523,7850
3,1,28,corthud,armjanus,7,east,1,10,6,1400,1440,x,wiped,35.0,10.0,2,0,0.094,0.000,12022,6784
3,0,29,armart,corgator,0,west,0,8,9,1080,1080,y,wiped,17.5,8.0,0,9,0.000,0.400,5055,4707
2,0,35,armart,corlevlr,2,west,1,8,5,1080,1100,y,wiped,14.5,10.5,0,5,0.000,1.000,5715,0
2,1,35,armham,armflash,3,east,1,11,13,1430,1430,x,wiped,22.5,7.5,5,0,0.384,0.000,7062,10090
3,1,29,corthud,corgator,7,east,1,6,7,840,840,y,wiped,29.0,8.0,0,2,0.000,0.062,6945,5959
3,0,30,armham,armfav,1,east,0,9,38,1170,1178,x,wiped,15.0,5.5,8,0,0.492,0.000,4788,6164
2,1,36,armart,armfav,0,west,0,9,39,1215,1209,y,wiped,21.5,5.5,0,13,0.000,0.184,5915,5058
3,1,30,armrock,armjanus,1,east,0,10,5,1200,1200,y,wiped,26.0,10.0,0,4,0.000,0.384,8739,3357
2,0,36,corstorm,corstorm,0,west,0,11,11,1210,1210,x,wiped,44.0,9.0,4,0,0.213,0.000,7035,9498
3,0,31,armart,cormist,5,east,0,8,7,1080,1085,x,wiped,45.5,8.0,2,0,0.106,0.000,4732,6640
2,1,37,corraid,corllt,4,west,0,5,13,1175,1170,x,wiped,39.0,11.0,4,0,0.550,0.000,4562,9422
3,1,31,corlevlr,corllt,4,west,0,5,12,1100,1080,x,wiped,30.5,19.5,3,0,0.538,0.000,3286,8643
2,0,37,corstorm,corcrash,6,west,1,8,7,880,875,x,wiped,23.0,9.5,8,0,0.781,0.000,1364,4949
3,0,32,armflash,corllt,7,east,1,9,11,990,990,x,wiped,32.0,9.0,3,0,0.178,0.000,5511,7519
3,1,32,corak,corgator,3,east,1,28,10,1204,1200,y,wiped,28.5,7.0,0,6,0.000,0.265,8413,6319
2,1,38,armflea,corcrash,6,west,1,59,10,1239,1250,x,wiped,26.5,6.0,40,0,0.475,0.000,2033,6447
2,0,38,armham,corllt,4,west,0,9,13,1170,1170,x,wiped,35.5,15.0,6,0,0.594,0.000,3719,9361
3,0,33,armrock,armfav,4,west,0,10,39,1200,1209,x,wiped,25.5,5.5,3,0,0.120,0.000,6624,7410
3,1,33,armjeth,corthud,4,west,0,10,9,1250,1260,y,wiped,24.5,9.0,0,9,0.000,0.872,6970,1341
3,0,34,armpw,armflea,6,west,1,22,57,1188,1197,x,wiped,19.0,6.0,6,0,0.154,0.000,7203,3828
2,1,39,armrock,corllt,1,east,0,9,12,1080,1080,x,wiped,45.0,14.5,4,0,0.411,0.000,3900,8877
2,0,39,corstorm,armstump,4,west,0,10,5,1100,1125,y,wiped,42.5,9.0,0,3,0.000,0.122,8388,8314
3,1,34,armwar,armstump,5,east,0,5,6,1350,1350,x,wiped,25.5,8.0,4,0,0.270,0.000,6021,11190
3,0,35,corthud,corllt,0,west,0,9,14,1260,1260,x,wiped,38.0,15.5,6,0,0.604,0.000,3974,10132
2,1,40,armjeth,armflash,6,west,1,7,8,875,880,y,wiped,34.0,7.0,0,8,0.000,0.970,4446,189
2,0,40,corstorm,armart,0,west,0,11,9,1210,1215,x,wiped,26.5,10.5,7,0,0.451,0.000,4979,6423
3,0,36,armflea,armjanus,1,east,0,57,5,1197,1200,y,wiped,16.0,6.5,0,4,0.000,0.387,11155,3363
3,1,35,corcrash,corwolv,3,east,1,11,8,1375,1360,y,wiped,50.5,21.5,0,5,0.000,0.395,8647,4258
2,0,41,armpw,corstorm,4,west,0,22,11,1188,1210,y,wiped,32.5,7.0,0,3,0.000,0.116,10203,7544
3,0,37,armfav,corwolv,2,west,1,44,8,1364,1360,x,wiped,23.0,6.0,24,0,0.387,0.000,4202,6049
2,1,41,corcrash,armart,3,east,1,10,9,1250,1215,y,wiped,55.5,18.0,0,4,0.000,0.177,7128,5312
3,1,36,armwar,armllt,0,west,0,5,16,1350,1360,x,wiped,38.5,16.0,4,0,0.502,0.000,4008,10535
3,0,38,armstump,corgator,2,west,1,6,11,1350,1320,x,wiped,23.5,7.5,4,0,0.311,0.000,7666,9822
2,0,42,armflash,armflash,3,east,1,11,11,1210,1210,y,wiped,30.0,6.0,0,3,0.000,0.088,8413,7614
3,0,39,armpw,corlevlr,7,east,1,21,5,1134,1100,y,wiped,11.5,7.5,0,5,0.000,0.901,9340,734
3,1,37,armwar,armllt,3,east,1,5,16,1350,1360,x,wiped,41.5,16.0,3,0,0.460,0.000,4377,10356
2,1,42,armrock,corak,6,west,1,10,28,1200,1204,x,wiped,36.0,7.5,1,0,0.043,0.000,7312,10565
2,0,43,armpw,corak,7,east,1,23,29,1242,1247,x,wiped,30.0,5.5,4,0,0.100,0.000,8025,8523
3,0,40,armpw,armstump,5,east,0,21,5,1134,1125,y,wiped,23.5,8.0,0,4,0.000,0.238,9131,7097
3,1,38,corstorm,armflash,7,east,1,11,11,1210,1210,y,wiped,26.0,7.0,0,7,0.000,0.240,8470,6404
2,1,43,armrock,corstorm,3,east,1,10,11,1200,1210,y,wiped,36.5,9.5,0,5,0.000,0.276,8041,6288
2,0,44,corcrash,armstump,0,west,0,9,5,1125,1125,y,wiped,30.5,8.5,0,5,0.000,0.785,6215,2025
3,0,41,corraid,cormist,0,west,0,6,9,1410,1395,x,wiped,34.0,7.0,6,0,0.638,0.000,4446,8382
3,1,39,armfav,armfav,1,east,0,39,39,1209,1209,x,wiped,24.5,4.0,8,0,0.140,0.000,3806,4384
2,1,44,corak,corlevlr,2,west,1,31,6,1333,1320,y,wiped,11.5,8.0,0,6,0.000,0.976,11288,218
2,0,45,corstorm,armfav,3,east,1,11,39,1210,1209,x,wiped,18.0,5.5,8,0,0.333,0.000,5665,7373
3,0,42,armrock,armham,2,west,1,12,11,1440,1430,y,wiped,30.5,10.0,0,8,0.000,0.471,9945,6258
2,1,45,armpw,armjeth,3,east,1,23,10,1242,1250,x,wiped,16.5,7.5,23,0,0.834,0.000,1456,6371
3,1,40,corcrash,corllt,4,west,0,10,14,1250,1260,y,wiped,54.5,13.5,0,14,0.000,0.989,6570,102
2,0,46,armwar,corcrash,5,east,0,5,11,1350,1375,x,wiped,20.0,9.0,5,0,1.000,0.000,1,7136
3,0,43,corlevlr,corlevlr,0,west,0,5,5,1100,1100,x,wiped,18.5,12.0,3,0,0.045,0.000,7143,7669
3,0,44,armjanus,armfav,7,east,1,5,39,1200,1209,x,wiped,13.0,5.5,5,0,0.685,0.000,1705,10651
2,1,46,armham,corstorm,0,west,0,11,13,1430,1430,x,wiped,38.5,10.0,4,0,0.338,0.000,8091,10919
3,1,41,armham,corraid,3,east,1,9,5,1170,1175,x,wiped,36.0,9.0,3,0,0.223,0.000,7610,10483
2,0,47,corraid,corraid,2,west,1,5,5,1175,1175,x,wiped,45.0,8.5,2,0,0.073,0.000,9822,10571
2,1,47,corstorm,armfav,2,west,1,11,39,1210,1209,x,wiped,16.5,5.5,8,0,0.423,0.000,4846,6757
3,0,45,armham,corthud,0,west,0,11,10,1430,1400,x,wiped,43.0,10.0,3,0,0.184,0.000,9512,11826
3,1,42,corak,corak,1,east,0,28,28,1204,1204,x,wiped,23.5,6.0,7,0,0.113,0.000,7348,8247
2,0,48,corlevlr,corfav,7,east,1,5,42,1100,1092,x,wiped,9.5,6.0,5,0,0.846,0.000,1138,7766
3,0,46,armflash,corlevlr,3,east,1,10,5,1100,1100,y,wiped,11.5,7.5,0,5,0.000,0.960,8048,297
2,1,48,armflash,corgator,5,east,0,11,10,1210,1200,x,wiped,30.0,6.0,5,0,0.202,0.000,6691,8524
2,0,49,corak,corthud,3,east,1,26,8,1118,1120,y,wiped,23.0,7.5,0,6,0.000,0.427,9011,5305
3,1,43,armwar,corllt,6,west,1,4,12,1080,1080,x,wiped,36.0,15.5,2,0,0.381,0.000,4000,8231
3,0,47,armham,corwolv,7,east,1,9,7,1170,1190,x,wiped,23.5,11.0,8,0,0.392,0.000,5800,5854
3,1,44,corstorm,corcrash,2,west,1,8,7,880,875,x,wiped,22.5,9.5,8,0,0.887,0.000,719,5260
2,0,50,corak,corcrash,0,west,0,29,10,1247,1250,x,wiped,15.5,7.0,29,0,0.869,0.000,1105,6479
2,1,49,armwar,armllt,6,west,1,5,16,1350,1360,x,wiped,35.0,15.5,3,0,0.521,0.000,3874,10494
3,0,48,corfav,corfav,6,west,1,46,46,1196,1196,x,wiped,25.5,4.0,7,0,0.094,0.000,4079,4468
3,1,45,armham,armjeth,0,west,0,9,9,1170,1125,x,wiped,24.5,9.5,9,0,0.903,0.000,918,6257
2,0,51,armpw,armham,5,east,0,24,10,1296,1300,y,wiped,19.5,7.5,0,6,0.000,0.466,10102,5568
3,0,49,armrock,armart,4,west,0,9,8,1080,1080,x,wiped,25.0,10.0,6,0,0.322,0.000,4768,5335
3,1,46,armpw,armflea,0,west,0,22,57,1188,1197,x,wiped,11.5,5.0,13,0,0.300,0.000,5914,3830
2,1,50,corwolv,cormist,7,east,1,8,9,1360,1395,y,wiped,41.0,8.5,0,5,0.000,0.399,6290,5111
2,0,52,armflash,armart,4,west,0,11,9,1210,1215,x,wiped,17.5,8.0,11,0,0.708,0.000,2494,5648
3,0,50,corstorm,armart,5,east,0,11,9,1210,1215,x,wiped,30.0,9.0,7,0,0.466,0.000,4926,6099
3,1,47,armpw,corstorm,3,east,1,22,11,1188,1210,y,wiped,35.0,6.5,0,2,0.000,0.100,9775,7687
2,0,53,corak,corlevlr,1,east,0,31,6,1333,1320,y,wiped,11.5,8.0,0,6,0.000,0.960,11557,366
2,1,51,corstorm,corfav,2,west,1,11,47,1210,1222,x,wiped,21.5,5.5,5,0,0.190,0.000,6929,8994
3,0,51,armwar,armjeth,4,west,0,5,11,1350,1375,x,wiped,22.5,8.5,5,0,1.000,0.000,0,7036
2,1,52,armfav,corlevlr,0,west,0,43,6,1333,1320,y,wiped,8.5,5.5,0,6,0.000,0.924,7781,694
2,0,54,armstump,corwolv,5,east,0,6,8,1350,1360,x,wiped,26.5,9.5,6,0,0.341,0.000,7410,6524
3,0,52,armjanus,corlevlr,5,east,0,5,5,1200,1100,y,wiped,16.5,10.5,0,3,0.000,0.148,5486,6576
3,1,48,armwar,corstorm,7,east,1,4,10,1080,1100,y,wiped,52.0,10.0,0,2,0.000,0.156,6930,6497
2,1,53,armrock,corlevlr,3,east,1,11,6,1320,1320,y,wiped,16.0,10.5,0,6,0.000,0.784,8883,1905
2,0,55,armflea,corllt,6,west,1,56,13,1176,1170,y,wiped,14.5,6.0,0,11,0.000,0.643,4882,3167
3,1,49,corstorm,cormist,6,west,1,7,5,770,775,x,wiped,27.5,8.0,6,0,0.607,0.000,2122,4725
3,0,53,armart,cormist,2,west,1,8,7,1080,1085,y,wiped,45.5,8.0,0,4,0.000,0.276,5411,4741
2,0,56,corlevlr,corlevlr,2,west,1,5,5,1100,1100,x,wiped,20.0,12.5,1,0,0.017,0.000,7300,7494
2,1,54,corwolv,armllt,5,east,0,7,14,1190,1190,y,wiped,62.0,16.5,0,4,0.000,0.125,5384,9110
3,1,50,armjanus,corraid,0,west,0,5,5,1200,1175,x,wiped,25.0,9.5,4,0,0.380,0.000,3442,10791
3,0,54,armrock,cormist,3,east,1,9,7,1080,1085,x,wiped,31.0,7.5,8,0,0.461,0.000,3619,6606
3,1,51,armpw,armwar,7,east,1,20,4,1080,1080,y,wiped,20.0,6.5,0,2,0.000,0.263,7834,4871
2,0,57,cormist,cormist,3,east,1,8,8,1240,1240,y,wiped,53.5,8.5,0,3,0.000,0.188,7414,5960
3,0,55,armpw,armflea,2,west,1,22,57,1188,1197,x,wiped,14.5,5.0,8,0,0.109,0.000,7508,3884
2,1,55,corraid,corllt,0,west,0,5,13,1175,1170,x,wiped,38.5,11.5,4,0,0.592,0.000,4139,9328
3,1,52,armwar,corstorm,6,west,1,4,10,1080,1100,x,wiped,31.0,9.5,4,0,0.219,0.000,5101,7784
3,0,56,corwolv,corwolv,1,east,0,7,7,1190,1190,x,wiped,35.5,15.0,2,0,0.057,0.000,5553,6228
2,1,56,armwar,corllt,1,east,0,4,12,1080,1080,x,wiped,31.0,17.0,4,0,1.000,0.000,0,7894
3,0,57,armpw,corfav,5,east,0,22,46,1188,1196,x,wiped,13.0,4.5,13,0,0.293,0.000,6007,4497
2,0,58,armjeth,armllt,1,east,0,10,15,1250,1275,y,wiped,60.0,13.0,0,15,0.000,0.985,6399,135
3,1,53,corcrash,corllt,3,east,1,10,14,1250,1260,y,wiped,54.0,13.0,0,14,0.000,0.991,6515,88
3,0,58,corfav,corllt,7,east,1,45,13,1170,1170,y,wiped,16.5,7.5,0,10,0.000,0.486,9095,4366
2,1,57,armwar,corllt,5,east,0,4,12,1080,1080,x,wiped,35.0,15.5,3,0,0.615,0.000,2476,8062
2,0,59,armrock,armart,2,west,1,9,8,1080,1080,x,wiped,30.0,10.5,6,0,0.273,0.000,5115,5542
3,1,54,armjeth,armjanus,3,east,1,10,5,1250,1200,y,wiped,18.0,10.5,0,5,0.000,0.849,7201,836
3,0,59,corcrash,armjanus,1,east,0,10,5,1250,1200,y,wiped,21.0,10.5,0,5,0.000,0.553,7511,2441
2,0,60,armjeth,armjanus,5,east,0,10,5,1250,1200,y,wiped,18.0,10.0,0,5,0.000,0.727,7028,1495
3,1,55,armflea,corraid,1,east,0,56,5,1176,1175,y,wiped,16.0,5.5,0,5,0.000,0.528,6411,4859
2,1,58,armstump,corgator,4,west,0,6,11,1350,1320,y,wiped,35.5,7.0,0,3,0.000,0.129,11236,8463
3,0,60,corlevlr,armllt,6,west,1,5,13,1100,1105,x,wiped,32.5,19.5,3,0,0.562,0.000,3109,9606
3,1,56,armfav,armllt,1,east,0,41,15,1271,1275,y,wiped,11.5,6.0,0,13,0.000,0.720,6193,2719
2,1,59,armjanus,cormist,0,west,0,5,8,1200,1240,x,wiped,35.0,8.5,3,0,0.377,0.000,3351,7976
2,0,61,cormist,armllt,4,west,0,6,11,930,935,x,wiped,47.0,13.5,6,0,1.000,0.000,0,7179
3,1,57,armflea,corcrash,7,east,1,59,10,1239,1250,x,wiped,27.0,6.0,34,0,0.427,0.000,2244,6437
3,0,61,corraid,corllt,1,east,0,5,13,1175,1170,x,wiped,38.0,11.5,4,0,0.640,0.000,3650,9299
2,1,60,corak,corthud,2,west,1,26,8,1118,1120,y,wiped,26.0,7.5,0,5,0.000,0.258,8823,6839
2,0,62,armrock,corak,7,east,1,10,28,1200,1204,y,wiped,28.0,7.5,0,8,0.000,0.138,7624,8088
2,1,61,corlevlr,cormist,3,east,1,5,7,1100,1085,x,wiped,20.0,9.0,5,0,0.738,0.000,1864,6715
3,1,58,corcrash,corlevlr,3,east,1,7,4,875,880,y,wiped,13.5,10.0,0,4,0.000,1.000,5041,0
2,0,63,corak,armjanus,3,east,1,28,5,1204,1200,y,wiped,16.5,7.5,0,5,0.000,0.563,12309,2320
3,0,62,armjeth,corgator,6,west,1,10,10,1250,1200,y,wiped,24.5,7.0,0,10,0.000,0.915,6433,729
2,1,62,armrock,corfav,1,east,0,10,46,1200,1196,x,wiped,20.5,5.5,4,0,0.272,0.000,5532,8621
2,0,64,armwar,armjeth,6,west,1,5,11,1350,1375,x,wiped,21.5,8.5,5,0,0.987,0.000,109,7035
3,1,59,armflash,corllt,1,east,0,9,11,990,990,x,wiped,26.5,8.5,3,0,0.137,0.000,5841,7519
2,0,65,armham,armflea,6,west,1,9,56,1170,1176,x,wiped,17.0,6.0,7,0,0.531,0.000,4440,6601
2,1,63,armjeth,corraid,5,east,0,11,6,1375,1410,y,wiped,26.5,8.5,0,6,0.000,0.903,7579,1218
3,1,60,armstump,corlevlr,7,east,1,5,5,1125,1100,y,wiped,16.5,9.0,0,4,0.000,0.696,9420,2338
2,1,64,armflea,corstorm,0,west,0,58,11,1218,1210,y,wiped,20.5,6.0,0,6,0.000,0.498,9220,4326
3,0,63,corak,cormist,7,east,1,29,8,1247,1240,x,wiped,45.5,6.0,4,0,0.090,0.000,8174,7203
2,0,66,corraid,armllt,4,west,0,4,11,940,935,x,wiped,38.0,11.5,3,0,0.451,0.000,4449,7723
2,1,65,armjeth,corak,3,east,1,10,29,1250,1247,y,wiped,16.0,7.0,0,29,0.000,0.942,6372,489
2,0,67,armstump,corlevlr,6,west,1,5,5,1125,1100,y,wiped,17.5,10.0,0,5,0.000,0.683,9294,2339
3,1,61,armstump,armart,0,west,0,6,10,1350,1350,x,wiped,32.0,9.0,4,0,0.445,0.000,6393,6796
3,0,64,armpw,armpw,4,west,0,22,22,1188,1188,x,wiped,40.0,6.0,1,0,0.013,0.000,8411,8510
2,1,66,armham,armham,0,west,0,9,9,1170,1170,y,wiped,48.5,11.0,0,1,0.000,0.059,9582,9165
2,0,68,armjeth,corcrash,6,west,1,10,10,1250,1250,draw,stalemate,60.0,,10,10,1.000,1.000,0,0
3,1,62,corgator,corraid,7,east,1,10,5,1200,1175,y,wiped,35.5,7.0,0,2,0.000,0.108,9004,9277
3,0,65,armham,armflash,7,east,1,11,13,1430,1430,x,wiped,27.5,7.5,5,0,0.253,0.000,8566,10568
2,1,67,armrock,corak,0,west,0,10,28,1200,1204,y,wiped,32.0,7.5,0,4,0.000,0.089,7675,9393
3,1,63,armflea,corak,6,west,1,57,28,1197,1204,y,wiped,12.0,4.5,0,16,0.000,0.426,3912,4750
2,0,69,armjeth,corraid,6,west,1,11,6,1375,1410,y,wiped,29.5,8.5,0,6,0.000,0.837,7642,2049
3,0,66,armstump,corwolv,6,west,1,6,8,1350,1360,x,wiped,26.0,9.5,6,0,0.442,0.000,6222,6351
2,1,68,armflash,armfav,4,west,0,11,39,1210,1209,x,wiped,19.0,5.5,11,0,0.518,0.000,4002,4368
3,1,64,corstorm,armfav,4,west,0,11,39,1210,1209,x,wiped,17.5,5.5,8,0,0.380,0.000,5420,7620
3,1,65,armwar,corlevlr,0,west,0,4,5,1080,1100,y,wiped,16.5,10.5,0,5,0.000,0.663,6640,2442
2,0,70,corthud,corthud,5,east,0,9,9,1260,1260,x,wiped,36.5,10.0,3,0,0.142,0.000,8942,10734
2,1,69,corthud,corraid,4,west,0,10,6,1400,1410,x,wiped,43.0,9.0,2,0,0.168,0.000,9948,12870
3,0,67,corcrash,corllt,5,east,0,10,14,1250,1260,y,wiped,55.0,13.5,0,14,0.000,1.000,6465,2
3,1,66,armrock,armflash,3,east,1,10,11,1200,1210,y,wiped,22.0,7.0,0,7,0.000,0.339,7457,5930
2,0,71,cormist,armllt,5,east,0,6,11,930,935,x,wiped,43.5,13.5,6,0,1.000,0.000,0,7113
3,0,68,corthud,corgator,5,east,0,6,7,840,840,x,wiped,32.0,8.0,2,0,0.097,0.000,6237,6446
2,1,70,corstorm,armllt,4,west,0,10,13,1100,1105,x,wiped,47.0,15.0,3,0,0.239,0.000,5876,9450
3,1,67,armjeth,corraid,7,east,1,11,6,1375,1410,y,wiped,28.0,8.5,0,6,0.000,0.863,7669,1697
2,0,72,corgator,corwolv,3,east,1,10,7,1200,1190,x,wiped,17.5,8.5,10,0,0.867,0.000,1139,5340
2,1,71,corstorm,armflash,4,west,0,11,11,1210,1210,y,wiped,25.0,7.5,0,7,0.000,0.355,8419,5649
3,0,69,corak,armllt,4,west,0,28,14,1204,1190,y,wiped,26.5,9.0,0,4,0.000,0.088,8821,8562
2,0,73,corak,corthud,7,east,1,26,8,1118,1120,y,wiped,26.5,8.0,0,7,0.000,0.443,8503,5128
3,1,68,armstump,corllt,1,east,0,6,15,1350,1350,x,wiped,31.5,13.5,6,0,0.915,0.000,944,10738
2,1,72,armwar,corlevlr,4,west,0,4,5,1080,1100,y,wiped,17.0,10.5,0,4,0.000,0.686,6793,2287
3,0,70,armjeth,armflash,2,west,1,7,8,875,880,y,wiped,22.0,7.0,0,8,0.000,0.989,4461,69
2,0,74,corstorm,corthud,7,east,1,10,8,1100,1120,y,wiped,31.5,10.5,0,7,0.000,0.300,8248,6504
3,1,69,armpw,armstump,0,west,0,21,5,1134,1125,y,wiped,22.0,7.0,0,4,0.000,0.311,9072,6436
2,1,73,armpw,armart,4,west,0,20,8,1080,1080,x,wiped,18.0,8.0,19,0,0.697,0.000,2389,5005
2,0,75,armjeth,armflash,5,east,0,7,8,875,880,y,wiped,16.5,7.0,0,8,0.000,0.980,4448,124
3,0,71,armham,corthud,6,west,1,11,10,1430,1400,x,wiped,43.0,10.0,3,0,0.165,0.000,9813,11780
3,1,70,armstump,corllt,5,east,0,6,15,1350,1350,x,wiped,39.0,11.0,5,0,0.558,0.000,4850,10978
2,1,74,armjanus,armllt,3,east,1,5,14,1200,1190,x,wiped,40.5,16.0,2,0,0.400,0.000,3164,10784
2,0,76,corfav,corllt,0,west,0,45,13,1170,1170,y,wiped,15.0,6.0,0,11,0.000,0.569,5878,3786
3,1,71,armham,armjeth,5,east,0,9,9,1170,1125,x,wiped,22.5,9.5,9,0,0.852,0.000,1415,6363
2,1,75,armrock,armflea,2,west,1,10,57,1200,1197,x,wiped,36.0,6.0,2,0,0.029,0.000,7372,8584
2,0,77,corlevlr,corllt,1,east,0,5,12,1100,1080,x,wiped,34.0,20.5,3,0,0.550,0.000,3197,8589
3,1,72,armrock,armflea,6,west,1,10,57,1200,1197,y,wiped,28.0,5.5,0,6,0.000,0.084,7436,7332
3,0,72,armart,corllt,7,east,1,8,12,1080,1080,y,wiped,74.0,14.5,0,6,0.000,0.255,5106,6759
2,0,78,armpw,armpw,0,west,0,22,22,1188,1188,y,wiped,32.0,6.0,0,1,0.000,0.033,8537,8217
3,1,73,armfav,corraid,6,west,1,38,5,1178,1175,y,wiped,19.5,5.5,0,5,0.000,0.324,6150,7012
2,1,76,corstorm,corgator,2,west,1,11,10,1210,1200,y,wiped,54.0,8.5,0,3,0.000,0.127,8629,8101
3,0,73,corak,armart,4,west,0,28,9,1204,1215,x,wiped,25.5,8.0,22,0,0.443,0.000,4986,5728
2,0,79,corgator,armllt,7,east,1,10,14,1200,1190,x,wiped,24.0,10.0,7,0,0.435,0.000,4699,9147
3,0,74,armfav,corlevlr,3,east,1,43,6,1333,1320,y,wiped,9.0,5.5,0,6,0.000,0.772,8460,2007
3,1,74,armflea,corstorm,1,east,0,58,11,1218,1210,y,wiped,25.0,6.0,0,6,0.000,0.390,8844,5156
2,1,77,corgator,cormist,4,west,0,9,7,1080,1085,x,wiped,21.5,7.5,9,0,0.596,0.000,3041,6230
3,0,75,armwar,armfav,1,east,0,4,35,1080,1085,x,wiped,14.5,5.0,4,0,0.541,0.000,3042,4059
2,0,80,armham,cormist,3,east,1,6,5,780,775,x,wiped,26.5,8.0,6,0,0.681,0.000,1958,4708
3,1,75,corwolv,corfav,1,east,0,7,46,1190,1196,y,wiped,17.0,6.0,0,31,0.000,0.546,5727,3678
3,0,76,corwolv,corfav,0,west,0,7,46,1190,1196,y,wiped,16.0,6.0,0,28,0.000,0.457,5285,3102
2,0,81,armpw,armjanus,5,east,0,22,5,1188,1200,y,wiped,23.0,8.0,0,2,0.000,0.281,11577,3986
2,1,78,corstorm,corllt,3,east,1,9,11,990,990,x,wiped,62.5,15.0,2,0,0.101,0.000,6378,8263
3,0,77,corak,armllt,7,east,1,28,14,1204,1190,y,wiped,26.5,9.0,0,6,0.000,0.159,8715,7689
3,1,76,armrock,corstorm,0,west,0,10,11,1200,1210,y,wiped,53.0,9.0,0,2,0.000,0.125,8314,7848
2,1,79,armflea,armart,7,east,1,58,9,1218,1215,x,wiped,16.5,6.5,31,0,0.306,0.000,2924,5628
2,0,82,armjeth,corcrash,3,east,1,10,10,1250,1250,draw,stalemate,60.0,,10,10,1.000,1.000,0,0
3,0,78,armjeth,corgator,3,east,1,10,10,1250,1200,y,wiped,25.0,7.5,0,10,0.000,0.824,6473,1495
2,1,80,armham,armwar,5,east,0,10,5,1300,1350,y,wiped,31.0,9.0,0,3,0.000,0.178,10517,6788
3,1,77,corstorm,armart,2,west,1,11,9,1210,1215,x,wiped,33.5,10.5,6,0,0.296,0.000,6148,6210
2,0,83,corfav,corfav,1,east,0,46,46,1196,1196,y,wiped,24.5,4.0,0,14,0.000,0.225,4496,3460
3,0,79,armpw,cormist,4,west,0,23,8,1242,1240,x,wiped,25.0,6.5,12,0,0.223,0.000,7011,7133
2,1,81,corgator,corgator,7,east,1,10,10,1200,1200,y,wiped,23.0,6.5,0,4,0.000,0.171,8718,7138
3,1,78,armwar,corgator,2,west,1,4,9,1080,1080,x,wiped,22.5,7.0,3,0,0.383,0.000,4046,7711
2,0,84,corak,armart,2,west,1,28,9,1204,1215,x,wiped,22.5,8.0,12,0,0.173,0.000,7781,5696
2,0,85,armpw,corlevlr,1,east,0,21,5,1134,1100,y,wiped,11.5,7.5,0,5,0.000,0.981,9687,138
3,1,79,armfav,armfav,5,east,0,39,39,1209,1209,y,wiped,22.5,4.0,0,8,0.000,0.079,4375,4060
2,1,82,armstump,armstump,3,east,1,5,5,1125,1125,y,wiped,49.0,8.5,0,1,0.000,0.011,9532,9464
2,0,86,armfav,armllt,2,west,1,41,15,1271,1275,y,wiped,13.0,5.5,0,13,0.000,0.657,6275,3477
3,0,80,corcrash,corllt,7,east,1,10,14,1250,1260,y,wiped,54.5,13.0,0,14,0.000,0.939,6499,586
3,1,80,armfav,corllt,4,west,0,38,13,1178,1170,y,wiped,12.5,5.5,0,11,0.000,0.649,5414,3125
2,1,83,corraid,corlevlr,0,west,0,5,5,1175,1100,y,wiped,16.5,9.5,0,4,0.000,0.709,10390,2153
2,0,87,armpw,armllt,2,west,1,22,14,1188,1190,y,wiped,26.5,9.0,0,5,0.000,0.123,9014,8054
3,0,81,armwar,cormist,1,east,0,4,7,1080,1085,x,wiped,25.5,8.0,4,0,0.593,0.000,2645,6195
2,1,84,armjanus,cormist,3,east,1,5,8,1200,1240,x,wiped,28.5,9.0,4,0,0.553,0.000,2412,7957
3,1,81,corthud,corraid,2,west,1,10,6,1400,1410,x,wiped,49.5,9.0,3,0,0.180,0.000,9699,12669
3,0,82,armpw,armham,1,east,0,24,10,1296,1300,y,wiped,18.0,7.5,0,9,0.000,0.472,9930,5497
2,0,88,armwar,corak,0,west,0,4,25,1080,1075,x,wiped,20.5,6.5,4,0,0.497,0.000,3311,7331
3,1,82,armpw,armrock,4,west,0,20,9,1080,1080,x,wiped,21.0,7.5,10,0,0.203,0.000,6535,6781
2,1,85,corthud,armjanus,3,east,1,10,6,1400,1440,y,wiped,26.5,10.0,0,3,0.000,0.246,12993,5065
3,0,83,armrock,armfav,0,west,0,10,39,1200,1209,x,wiped,22.5,5.5,4,0,0.203,0.000,6012,7492
2,0,89,corthud,armllt,3,east,1,9,15,1260,1275,x,wiped,32.5,15.5,7,0,0.642,0.000,3594,10421
3,1,83,corthud,corlevlr,0,west,0,8,5,1120,1100,y,wiped,19.5,11.0,0,5,0.000,0.645,9667,2599
3,0,84,corak,corcrash,5,east,0,29,10,1247,1250,x,wiped,15.5,7.0,29,0,0.839,0.000,1369,6484
2,0,90,armpw,corfav,0,west,0,22,46,1188,1196,x,wiped,14.0,5.5,14,0,0.347,0.000,5515,4554
3,0,85,corgator,corfav,0,west,0,10,46,1200,1196,x,wiped,11.5,5.0,10,0,0.598,0.000,3428,4842
2,1,86,armjeth,corllt,5,east,0,10,14,1250,1260,y,wiped,60.5,13.5,0,14,0.000,1.000,6389,1
3,1,84,corstorm,corstorm,4,west,0,11,11,1210,1210,x,wiped,42.0,9.0,4,0,0.275,0.000,6299,8802
2,0,91,corak,armstump,0,west,0,26,5,1118,1125,y,wiped,28.5,7.0,0,2,0.000,0.178,8952,7750
3,0,86,armham,corraid,4,west,0,9,5,1170,1175,x,wiped,36.5,9.5,3,0,0.294,0.000,6810,10493
3,1,85,armfav,cormist,6,west,1,40,8,1240,1240,x,wiped,35.0,5.0,9,0,0.166,0.000,4613,7152
3,0,87,corcrash,armstump,2,west,1,9,5,1125,1125,y,wiped,26.5,8.5,0,5,0.000,0.903,6420,914
2,0,92,corak,corak,4,west,0,28,28,1204,1204,y,wiped,33.5,6.0,0,4,0.000,0.054,8349,7845
3,1,86,armjeth,armstump,5,east,0,9,5,1125,1125,y,wiped,28.5,8.5,0,5,0.000,0.809,6260,1777
2,0,93,armpw,armjanus,3,east,1,22,5,1188,1200,y,wiped,16.0,8.5,0,3,0.000,0.437,11838,3103
2,1,87,armart,armllt,0,west,0,10,16,1350,1360,y,wiped,79.5,14.5,0,5,0.000,0.192,6385,9276
3,0,88,armart,corraid,1,east,0,7,4,945,940,y,wiped,28.5,10.5,0,4,0.000,0.573,4745,3548
3,1,87,armrock,armflea,5,east,0,10,57,1200,1197,x,wiped,21.5,5.5,6,0,0.227,0.000,5803,9229
2,0,94,armpw,corlevlr,6,west,1,21,5,1134,1100,y,wiped,13.0,8.5,0,5,0.000,0.967,9973,251
2,1,88,armpw,corraid,7,east,1,26,6,1404,1410,y,wiped,25.5,7.0,0,4,0.000,0.305,11396,8657
3,1,88,armstump,corraid,7,east,1,5,5,1125,1175,y,wiped,40.5,8.5,0,2,0.000,0.220,9526,8229
2,0,95,armjanus,armllt,1,east,0,5,14,1200,1190,x,wiped,35.0,15.5,2,0,0.269,0.000,3825,10154
2,1,89,corak,corwolv,3,east,1,28,7,1204,1190,x,wiped,27.0,8.0,15,0,0.290,0.000,7321,5367
3,0,89,cormist,cormist,6,west,1,8,8,1240,1240,x,wiped,83.5,8.5,1,0,0.018,0.000,7288,7300
2,1,90,corraid,corlevlr,3,east,1,5,5,1175,1100,y,wiped,17.0,9.5,0,5,0.000,0.657,10864,2528
2,0,96,armham,armjeth,2,west,1,9,9,1170,1125,x,wiped,21.5,9.5,9,0,0.864,0.000,1294,6157
3,1,89,corthud,armstump,3,east,1,8,5,1120,1125,x,wiped,37.5,8.5,3,0,0.202,0.000,7583,9558
3,0,90,armham,corcrash,3,east,1,9,9,1170,1125,x,wiped,21.5,10.0,9,0,0.867,0.000,1267,6107
2,0,97,corgator,corwolv,2,west,1,10,7,1200,1190,x,wiped,22.0,8.5,5,0,0.286,0.000,6303,5436
3,0,91,corstorm,corwolv,7,east,1,11,7,1210,1190,x,wiped,26.5,11.0,9,0,0.335,0.000,5744,5914
2,1,91,corraid,corllt,5,east,0,5,13,1175,1170,x,wiped,34.5,12.0,3,0,0.590,0.000,4154,8999
3,1,90,armart,cormist,0,west,0,8,7,1080,1085,y,wiped,40.5,8.5,0,6,0.000,0.472,5205,3423
2,0,98,armflash,corwolv,0,west,0,11,7,1210,1190,x,wiped,22.0,8.5,11,0,0.596,0.000,3424,5303
3,1,91,armjanus,corfav,7,east,1,5,46,1200,1196,x,wiped,15.0,6.0,3,0,0.333,0.000,3851,10965
2,1,92,armpw,corwolv,4,west,0,22,7,1188,1190,x,wiped,23.0,8.5,20,0,0.427,0.000,4991,5540
3,0,92,armham,armllt,6,west,1,9,14,1170,1190,x,wiped,36.5,16.0,6,0,0.588,0.000,3771,10032
3,1,92,corthud,armart,0,west,0,9,9,1260,1215,x,wiped,25.0,10.5,8,0,0.690,0.000,3238,6148
3,0,93,armpw,armfav,7,east,1,22,38,1188,1178,x,wiped,10.5,4.5,18,0,0.477,0.000,4457,4320
2,0,99,armwar,corstorm,2,west,1,4,10,1080,1100,x,wiped,31.0,9.0,3,0,0.349,0.000,4312,7726
2,1,93,armwar,corllt,3,east,1,4,12,1080,1080,x,wiped,37.5,16.0,2,0,0.384,0.000,3975,8201
3,1,93,corcrash,armflash,0,west,0,7,8,875,880,y,wiped,32.0,7.5,0,8,0.000,0.966,4512,208
3,0,94,armfav,cormist,0,west,0,40,8,1240,1240,x,wiped,35.5,5.0,3,0,0.049,0.000,5134,7204
2,0,100,corak,armstump,2,west,1,26,5,1118,1125,y,wiped,26.0,8.0,0,4,0.000,0.434,8487,5324
2,1,94,armflea,armflea,1,east,0,57,57,1197,1197,y,wiped,24.5,4.5,0,8,0.000,0.114,3862,3345
2,0,101,armwar,corwolv,4,west,0,5,8,1350,1360,x,wiped,21.0,10.0,5,0,0.620,0.000,3140,6112
3,0,95,corraid,corwolv,0,west,0,5,7,1175,1190,x,wiped,27.5,10.0,5,0,0.609,0.000,4053,5640
3,1,94,armflash,corllt,4,west,0,9,11,990,990,y,wiped,38.0,8.5,0,1,0.000,0.009,6813,7467
2,1,95,armjanus,corgator,4,west,0,5,10,1200,1200,x,wiped,17.0,8.5,4,0,0.486,0.000,2814,9403
2,0,102,corfav,corfav,4,west,0,46,46,1196,1196,y,wiped,16.5,4.0,0,7,0.000,0.118,4508,3979
3,0,96,armflash,cormist,1,east,0,7,5,770,775,x,wiped,20.0,7.0,6,0,0.451,0.000,2896,4413
2,1,96,armham,armjeth,3,east,1,9,9,1170,1125,x,wiped,21.5,9.5,9,0,0.893,0.000,1022,6030
3,0,97,armjanus,armfav,3,east,1,5,39,1200,1209,x,wiped,13.5,6.0,5,0,0.789,0.000,1136,11270
3,1,95,corraid,corraid,3,east,1,5,5,1175,1175,x,wiped,54.5,9.0,1,0,0.004,0.000,10609,10772
2,0,103,armham,corstorm,5,east,0,11,13,1430,1430,x,wiped,40.0,10.5,4,0,0.296,0.000,8543,10872
3,1,96,armwar,corfav,6,west,1,5,52,1350,1352,x,wiped,15.5,5.0,5,0,0.619,0.000,3162,5313
3,0,98,armart,corllt,3,east,1,8,12,1080,1080,y,wiped,60.0,14.5,0,8,0.000,0.340,5118,5791
3,1,97,armham,corllt,7,east,1,9,13,1170,1170,x,wiped,33.5,18.0,9,0,0.898,0.000,948,9463
2,0,104,corstorm,cormist,1,east,0,7,5,770,775,x,wiped,40.0,8.0,5,0,0.462,0.000,2947,4801
3,0,99,corthud,corcrash,3,east,1,9,10,1260,1250,x,wiped,22.0,9.5,9,0,0.873,0.000,1334,7315
2,1,97,armart,armllt,3,east,1,10,16,1350,1360,y,wiped,84.5,15.0,0,9,0.000,0.225,6405,8950
3,0,100,corak,corcrash,2,west,1,29,10,1247,1250,x,wiped,14.5,7.0,29,0,0.896,0.000,869,6495
3,1,98,corstorm,corraid,4,west,0,11,5,1210,1175,y,wiped,41.5,8.5,0,3,0.000,0.359,9208,6911
2,1,98,armwar,armfav,0,west,0,4,35,1080,1085,x,wiped,13.0,4.5,4,0,0.623,0.000,2499,4126
2,0,105,armrock,corgator,3,east,1,10,10,1200,1200,y,wiped,25.0,8.0,0,9,0.000,0.322,7589,5805
3,0,101,corlevlr,corwolv,6,west,1,6,8,1320,1360,x,wiped,16.0,11.5,6,0,0.735,0.000,2396,6862
2,1,99,corak,armllt,5,east,0,28,14,1204,1190,y,wiped,27.0,9.0,0,6,0.000,0.160,8727,7749
3,1,99,armstump,armart,2,west,1,6,10,1350,1350,x,wiped,36.0,9.5,4,0,0.324,0.000,7749,6835
3,0,102,armrock,corlevlr,7,east,1,11,6,1320,1320,y,wiped,18.5,11.0,0,6,0.000,0.737,9068,2332
2,0,106,armjeth,armllt,7,east,1,10,15,1250,1275,y,wiped,49.0,13.0,0,15,0.000,1.000,6436,0
3,0,103,armpw,corak,2,west,1,23,29,1242,1247,x,wiped,24.0,6.0,5,0,0.127,0.000,7790,8538
2,1,100,armrock,armham,0,west,0,12,11,1440,1430,y,wiped,32.0,11.0,0,7,0.000,0.432,9922,6763
2,0,107,corak,corfav,5,east,0,28,46,1204,1196,x,wiped,11.5,4.5,23,0,0.559,0.000,3664,4556
3,1,100,armart,cormist,3,east,1,8,7,1080,1085,y,wiped,53.5,8.0,0,3,0.000,0.228,5354,5058
3,1,101,armfav,corllt,0,west,0,38,13,1178,1170,y,wiped,13.5,5.5,0,11,0.000,0.663,5878,2985
2,1,101,armpw,armjanus,7,east,1,22,5,1188,1200,y,wiped,23.0,8.0,0,2,0.000,0.230,12046,4244
2,0,108,armflash,armart,6,west,1,11,9,1210,1215,x,wiped,23.5,8.0,10,0,0.721,0.000,2470,5635
3,0,104,corstorm,corllt,6,west,1,9,11,990,990,x,wiped,60.5,15.0,1,0,0.084,0.000,6363,8268
2,1,102,armflea,corllt,5,east,0,56,13,1176,1170,y,wiped,12.5,6.0,0,11,0.000,0.657,5857,3118
3,1,102,armart,corraid,6,west,1,7,4,945,940,y,wiped,30.5,10.0,0,3,0.000,0.532,4769,3938
3,0,105,armrock,armjeth,0,west,0,10,10,1200,1250,x,wiped,23.5,9.0,9,0,0.599,0.000,3100,7183
2,0,109,corstorm,corthud,1,east,0,10,8,1100,1120,y,wiped,32.5,10.0,0,5,0.000,0.290,8387,6684
2,1,103,armstump,corfav,5,east,0,5,43,1125,1118,x,wiped,16.5,5.5,5,0,0.517,0.000,4497,5607
3,1,103,corthud,armart,5,east,0,9,9,1260,1215,x,wiped,24.5,10.0,9,0,0.710,0.000,3028,5756
3,0,106,armwar,armjanus,1,east,0,5,6,1350,1440,y,wiped,19.0,9.5,0,4,0.000,0.541,8877,2944
3,1,104,armart,armfav,2,west,1,9,39,1215,1209,y,wiped,18.0,5.5,0,27,0.000,0.566,5627,2434
2,0,110,armwar,corthud,6,west,1,4,8,1080,1120,y,wiped,29.0,9.5,0,3,0.000,0.269,6815,6701
2,1,104,corraid,corraid,7,east,1,5,5,1175,1175,x,wiped,43.5,9.0,2,0,0.222,0.000,8182,10711
3,0,107,corthud,corraid,0,west,0,10,6,1400,1410,x,wiped,43.5,9.5,3,0,0.203,0.000,9426,12652
3,1,105,corthud,corraid,7,east,1,10,6,1400,1410,x,wiped,46.5,9.0,3,0,0.228,0.000,9176,12769
2,0,111,armart,corwolv,5,east,0,10,8,1350,1360,y,wiped,45.0,14.5,0,3,0.000,0.198,7320,5491
3,0,108,armstump,corllt,6,west,1,6,15,1350,1350,x,wiped,30.0,11.5,6,0,0.654,0.000,3757,10686
2,1,105,corwolv,cormist,0,west,0,8,9,1360,1395,y,wiped,48.5,8.5,0,6,0.000,0.253,6402,6247
3,0,109,armwar,armflea,2,west,1,4,51,1080,1071,x,wiped,11.5,5.0,4,0,0.755,0.000,1633,3456
2,0,112,corcrash,corraid,2,west,1,11,6,1375,1410,y,wiped,28.5,9.0,0,6,0.000,0.881,7728,1508
3,1,106,armjeth,armjeth,0,west,0,10,10,1250,1250,draw,stalemate,60.0,,10,10,1.000,1.000,0,0
2,1,106,corraid,corlevlr,4,west,0,5,5,1175,1100,y,wiped,19.5,10.5,0,4,0.000,0.726,10371,2026
2,0,113,corlevlr,corfav,6,west,1,5,42,1100,1092,x,wiped,9.0,6.0,5,0,0.985,0.000,105,7625
3,0,110,armjeth,corraid,3,east,1,11,6,1375,1410,y,wiped,27.5,9.0,0,6,0.000,0.876,7687,1542
2,1,107,armflea,corstorm,5,east,0,58,11,1218,1210,y,wiped,28.5,6.5,0,5,0.000,0.338,8748,5624
2,0,114,corthud,corllt,5,east,0,9,14,1260,1260,x,wiped,35.5,16.0,6,0,0.639,0.000,3611,9736
3,0,111,armstump,corlevlr,4,west,0,5,5,1125,1100,y,wiped,18.5,9.5,0,4,0.000,0.647,9446,2591
3,1,107,armrock,armstump,0,west,0,11,6,1320,1350,y,wiped,38.5,10.0,0,4,0.000,0.286,8584,8026
2,1,108,armflea,corak,7,east,1,57,28,1197,1204,y,wiped,12.0,4.5,0,19,0.000,0.448,3920,4550
3,0,112,armwar,armjeth,7,east,1,5,11,1350,1375,x,wiped,20.0,8.5,5,0,0.983,0.000,145,7008
3,1,108,armfav,corraid,2,west,1,38,5,1178,1175,y,wiped,19.5,5.5,0,5,0.000,0.348,6390,6765
2,0,115,armwar,corraid,7,east,1,5,6,1350,1410,y,wiped,41.0,8.5,0,2,0.000,0.119,8576,10971
2,1,109,armham,corllt,2,west,1,9,13,1170,1170,x,wiped,35.0,15.5,6,0,0.611,0.000,3555,9564
3,0,113,armjeth,corak,4,west,0,10,29,1250,1247,y,wiped,15.0,7.0,0,29,0.000,0.882,6371,987
2,0,116,armwar,armstump,6,west,1,5,6,1350,1350,x,wiped,25.5,8.0,5,0,0.412,0.000,4824,11193
3,1,109,corthud,armart,7,east,1,9,9,1260,1215,x,wiped,26.0,10.5,8,0,0.607,0.000,4156,6105
2,1,110,corlevlr,corllt,7,east,1,5,12,1100,1080,x,wiped,30.5,20.5,4,0,0.569,0.000,3041,9164
3,0,114,armflea,armflash,2,west,1,58,11,1218,1210,y,wiped,11.0,5.0,0,11,0.000,0.582,3840,3471
2,0,117,armwar,armwar,4,west,0,4,4,1080,1080,x,wiped,24.5,10.0,2,0,0.228,0.000,5079,6623
2,1,111,corthud,corcrash,0,west,0,9,10,1260,1250,x,wiped,22.0,9.5,9,0,0.883,0.000,1216,7105
3,1,110,corak,corllt,7,east,1,27,13,1161,1170,y,wiped,23.5,9.5,0,9,0.000,0.408,8884,5155
2,0,118,armwar,corwolv,7,east,1,5,8,1350,1360,x,wiped,26.5,10.0,5,0,0.486,0.000,4290,6173
3,0,115,armstump,cormist,3,east,1,5,7,1125,1085,x,wiped,31.0,7.5,5,0,0.602,0.000,3672,6514
2,1,112,armjeth,corfav,2,west,1,10,48,1250,1248,y,wiped,32.0,5.5,0,47,0.000,0.874,6327,566
3,1,111,corstorm,corgator,4,west,0,11,10,1210,1200,y,wiped,37.5,8.5,0,6,0.000,0.186,8555,7228
3,0,116,armjanus,corwolv,5,east,0,5,7,1200,1190,x,wiped,19.5,12.0,5,0,0.450,0.000,2964,6364
2,1,113,corthud,corllt,6,west,1,9,14,1260,1260,x,wiped,37.0,16.0,6,0,0.619,0.000,3814,9976
2,0,119,armham,corthud,7,east,1,11,10,1430,1400,x,wiped,55.0,10.5,2,0,0.122,0.000,10424,11978
3,1,112,armflea,corraid,0,west,0,56,5,1176,1175,y,wiped,15.5,6.0,0,5,0.000,0.549,6530,4667
3,0,117,armpw,corgator,7,east,1,20,9,1080,1080,y,wiped,35.0,6.0,0,3,0.000,0.091,7840,7034
3,1,113,armflash,armfav,0,west,0,11,39,1210,1209,x,wiped,11.5,5.0,10,0,0.533,0.000,3889,4376
2,1,114,armstump,cormist,4,west,0,5,7,1125,1085,x,wiped,31.5,8.0,4,0,0.625,0.000,3486,6622
2,0,120,armjeth,armllt,5,east,0,10,15,1250,1275,y,wiped,50.0,13.0,0,15,0.000,0.995,6377,47
3,1,114,armjeth,armflash,7,east,1,7,8,875,880,y,wiped,23.5,7.0,0,8,0.000,0.971,4460,178
3,0,118,armflea,corfav,4,west,0,57,46,1197,1196,x,wiped,27.0,4.5,8,0,0.090,0.000,3448,4505
2,1,115,corak,corfav,0,west,0,28,46,1204,1196,x,wiped,12.0,4.5,21,0,0.472,0.000,4321,4610
2,0,121,corstorm,corcrash,4,west,0,8,7,880,875,x,wiped,20.5,9.5,8,0,0.871,0.000,812,5122
3,0,119,armjeth,corak,5,east,0,10,29,1250,1247,y,wiped,16.5,7.0,0,29,0.000,0.906,6388,788
2,1,116,armstump,armjanus,1,east,0,5,5,1125,1200,y,wiped,25.0,10.0,0,3,0.000,0.318,9887,3841
3,1,115,corak,corllt,0,west,0,27,13,1161,1170,y,wiped,26.0,9.0,0,9,0.000,0.379,8488,5426
2,0,122,armfav,corfav,0,west,0,38,45,1178,1170,y,wiped,23.5,4.0,0,13,0.000,0.195,4302,3556
2,1,117,armjanus,armfav,0,west,0,5,39,1200,1209,x,wiped,14.5,6.0,5,0,0.650,0.000,1940,10464
2,0,123,armfav,corfav,7,east,1,38,45,1178,1170,y,wiped,13.5,4.0,0,17,0.000,0.226,4257,3401
3,1,116,armrock,armart,0,west,0,9,8,1080,1080,x,wiped,30.0,10.5,7,0,0.348,0.000,4626,5707
3,0,120,corstorm,corllt,4,west,0,9,11,990,990,x,wiped,46.0,16.0,5,0,0.444,0.000,3939,8164
2,1,118,armjeth,corfav,0,west,0,10,48,1250,1248,y,wiped,31.5,6.0,0,46,0.000,0.824,6338,795
2,0,124,corlevlr,cormist,6,west,1,5,7,1100,1085,x,wiped,22.0,10.5,5,0,0.682,0.000,2259,6898
2,1,119,armart,corgator,3,east,1,8,9,1080,1080,y,wiped,19.0,8.5,0,9,0.000,0.608,5046,3054
3,0,121,armrock,corthud,3,east,1,7,6,840,840,y,wiped,25.0,9.5,0,6,0.000,0.521,5661,3254
2,0,125,corfav,corllt,3,east,1,45,13,1170,1170,y,wiped,15.0,6.0,0,11,0.000,0.602,5896,3541
3,1,117,corthud,corthud,1,east,0,9,9,1260,1260,x,wiped,57.0,10.0,1,0,0.044,0.000,10394,10727
3,0,122,armjanus,corllt,3,east,1,6,16,1440,1440,x,wiped,34.0,15.0,3,0,0.431,0.000,3586,12456
3,1,118,armpw,armflash,7,east,1,22,11,1188,1210,y,wiped,24.0,6.0,0,5,0.000,0.235,8447,6372
2,0,126,corak,corgator,2,west,1,28,10,1204,1200,x,wiped,32.5,6.5,2,0,0.045,0.000,8112,8614
2,1,120,corstorm,corstorm,5,east,0,11,11,1210,1210,y,wiped,52.5,10.5,0,3,0.000,0.049,9261,8307
3,0,123,armrock,armjanus,5,east,0,10,5,1200,1200,y,wiped,19.5,10.5,0,4,0.000,0.649,8919,1911
3,1,119,armwar,armjanus,0,west,0,5,6,1350,1440,y,wiped,20.0,10.0,0,4,0.000,0.457,8631,3472
2,0,127,armwar,corlevlr,2,west,1,4,5,1080,1100,y,wiped,17.5,11.0,0,4,0.000,0.642,6705,2610
3,1,120,armwar,armstump,3,east,1,5,6,1350,1350,x,wiped,30.5,8.0,3,0,0.311,0.000,5735,11225
2,1,121,armham,corthud,2,west,1,11,10,1430,1400,x,wiped,58.5,10.0,2,0,0.105,0.000,10518,11871
3,0,124,corcrash,corcrash,3,east,1,10,10,1250,1250,draw,stalemate,60.0,,10,10,1.000,1.000,0,0
2,0,128,armrock,corraid,6,west,1,10,5,1200,1175,y,wiped,40.5,9.0,0,3,0.000,0.301,7774,7279
3,0,125,armflash,armfav,5,east,0,11,39,1210,1209,x,wiped,15.0,5.0,11,0,0.562,0.000,3635,4355
3,1,121,corstorm,armjanus,0,west,0,11,5,1210,1200,y,wiped,33.5,11.0,0,3,0.000,0.256,9949,4050
2,1,122,armpw,cormist,6,west,1,23,8,1242,1240,x,wiped,43.0,6.5,4,0,0.032,0.000,8911,7116
2,0,129,armwar,corstorm,5,east,0,4,10,1080,1100,y,wiped,51.0,9.0,0,2,0.000,0.050,6966,7363
2,0,130,corstorm,armfav,0,west,0,11,39,1210,1209,x,wiped,19.0,5.5,8,0,0.439,0.000,4720,6836
2,1,123,armrock,corllt,4,west,0,9,12,1080,1080,x,wiped,49.5,14.0,3,0,0.268,0.000,4877,8817
3,1,122,armjeth,corwolv,7,east,1,11,8,1375,1360,y,wiped,62.5,21.0,0,4,0.000,0.313,8315,4496
2,0,131,armfav,corgator,1,east,0,39,10,1209,1200,y,wiped,16.0,5.0,0,10,0.000,0.626,4694,3180
3,0,126,corcrash,armart,6,west,1,10,9,1250,1215,y,wiped,93.0,18.5,0,2,0.000,0.200,7204,5216
2,1,124,armrock,corfav,6,west,1,10,46,1200,1196,x,wiped,16.0,6.0,7,0,0.457,0.000,4038,7801
3,1,123,corthud,corthud,0,west,0,9,9,1260,1260,y,wiped,49.0,10.5,0,2,0.000,0.106,10851,9477
3,0,127,corthud,armstump,2,west,1,8,5,1120,1125,x,wiped,34.5,8.5,3,0,0.260,0.000,6990,9626
2,0,132,armham,armham,5,east,0,9,9,1170,1170,x,wiped,51.0,10.5,1,0,0.013,0.000,9624,9889
2,1,125,armjeth,corwolv,0,west,0,11,8,1375,1360,y,wiped,56.5,21.5,0,3,0.000,0.177,8196,5976
3,1,124,corraid,cormist,4,west,0,6,9,1410,1395,x,wiped,37.0,7.5,5,0,0.662,0.000,4197,8383
3,0,128,armwar,cormist,2,west,1,4,7,1080,1085,x,wiped,26.5,8.5,4,0,0.611,0.000,2525,6182
2,0,133,corstorm,armfav,6,west,1,11,39,1210,1209,x,wiped,23.5,5.5,4,0,0.234,0.000,6449,7516
3,1,125,corcrash,armjanus,2,west,1,10,5,1250,1200,y,wiped,19.5,11.0,0,5,0.000,0.819,6898,970
2,1,126,armflea,armfav,7,east,1,57,39,1197,1209,x,wiped,22.0,4.0,27,0,0.389,0.000,2373,4406
3,0,129,armham,armstump,3,east,1,7,4,910,900,x,wiped,29.5,9.0,4,0,0.437,0.000,4175,7530
2,0,134,corcrash,armflash,6,west,1,7,8,875,880,y,wiped,15.5,7.5,0,8,0.000,0.958,4506,258
3,1,126,armham,armjanus,6,west,1,11,6,1430,1440,y,wiped,27.0,11.0,0,3,0.000,0.201,12750,5358
2,0,135,armwar,corfav,4,west,0,5,52,1350,1352,x,wiped,12.5,5.0,5,0,0.749,0.000,2082,5208
3,0,130,corthud,corthud,2,west,1,9,9,1260,1260,y,wiped,44.0,10.0,0,3,0.000,0.136,10690,8984
3,1,127,corlevlr,corwolv,7,east,1,6,8,1320,1360,x,wiped,18.5,12.5,6,0,0.607,0.000,3592,6741
2,1,127,armjeth,corllt,2,west,1,10,14,1250,1260,y,wiped,60.0,13.0,0,14,0.000,1.000,6453,1
3,1,128,armstump,corlevlr,5,east,0,5,5,1125,1100,y,wiped,17.0,9.5,0,4,0.000,0.774,9468,1675
3,0,131,corthud,armart,1,east,0,9,9,1260,1215,x,wiped,25.0,10.5,9,0,0.653,0.000,3581,6083
2,0,136,armham,armjeth,4,west,0,9,9,1170,1125,x,wiped,22.5,10.5,9,0,0.871,0.000,1228,6250
3,1,129,corak,corllt,2,west,1,27,13,1161,1170,y,wiped,33.0,9.5,0,2,0.000,0.052,8309,8380
2,0,137,armham,armart,4,west,0,9,9,1170,1215,x,wiped,24.5,10.5,9,0,0.577,0.000,4006,5799
3,0,132,corwolv,corwolv,3,east,1,7,7,1190,1190,y,wiped,37.5,14.5,0,3,0.000,0.221,6308,4607
3,1,130,armfav,corwolv,0,west,0,44,8,1364,1360,x,wiped,22.5,6.0,34,0,0.565,0.000,3131,6097
2,1,128,corwolv,armllt,2,west,1,7,14,1190,1190,y,wiped,64.5,17.5,0,3,0.000,0.094,5394,8834
3,0,133,corstorm,corgator,6,west,1,11,10,1210,1200,y,wiped,26.5,7.5,0,10,0.000,0.500,8448,4200
2,0,138,armham,armjanus,7,east,1,11,6,1430,1440,y,wiped,42.0,11.0,0,1,0.000,0.017,13189,6644
3,1,131,armflea,armstump,5,east,0,54,5,1134,1125,y,wiped,16.0,6.0,0,5,0.000,0.404,5913,5550
2,1,129,corraid,corwolv,6,west,1,5,7,1175,1190,x,wiped,33.5,10.5,3,0,0.351,0.000,6871,5730
3,1,132,armpw,corfav,3,east,1,22,46,1188,1196,x,wiped,13.0,5.5,16,0,0.391,0.000,5163,4507
3,0,134,corak,corllt,5,east,0,27,13,1161,1170,y,wiped,35.0,9.5,0,1,0.000,0.017,8610,8762
2,0,139,corraid,armllt,3,east,1,4,11,940,935,x,wiped,44.5,12.0,2,0,0.402,0.000,4877,7726
2,1,130,armham,armfav,7,east,1,9,38,1170,1178,x,wiped,15.5,5.5,8,0,0.588,0.000,3864,6088
3,1,133,armpw,corfav,6,west,1,22,46,1188,1196,x,wiped,14.0,5.0,17,0,0.398,0.000,5096,4478
3,0,135,armham,armfav,6,west,1,9,38,1170,1178,x,wiped,14.5,5.5,9,0,0.562,0.000,4077,7103
2,1,131,armart,corfav,7,east,1,9,47,1215,1222,y,wiped,17.5,6.0,0,30,0.000,0.463,5641,2943
2,0,140,corraid,corfav,6,west,1,5,45,1175,1170,x,wiped,18.0,6.0,5,0,0.529,0.000,4855,6101
3,0,136,armflash,corgator,6,west,1,11,10,1210,1200,y,wiped,17.5,6.0,0,6,0.000,0.258,8408,6335
3,1,134,armham,armllt,2,west,1,9,14,1170,1190,x,wiped,36.0,15.5,6,0,0.611,0.000,3557,9852
2,0,141,armfav,corraid,0,west,0,38,5,1178,1175,y,wiped,20.0,5.5,0,5,0.000,0.500,6366,5228
3,0,137,armfav,corgator,6,west,1,39,10,1209,1200,y,wiped,14.5,5.5,0,10,0.000,0.609,4709,3332
2,0,142,corcrash,corgator,1,east,0,10,10,1250,1200,y,wiped,19.5,7.5,0,10,0.000,0.920,6593,691
3,1,135,corgator,corllt,1,east,0,9,12,1080,1080,x,wiped,31.0,10.5,5,0,0.479,0.000,3913,8176
3,0,138,armflea,corcrash,0,west,0,59,10,1239,1250,x,wiped,29.0,6.0,31,0,0.437,0.000,2218,6441
2,1,132,armart,armllt,4,west,0,10,16,1350,1360,x,wiped,85.0,15.5,1,0,0.079,0.000,5903,11273
2,0,143,corak,corcrash,1,east,0,29,10,1247,1250,x,wiped,15.0,7.0,29,0,0.891,0.000,910,6470
3,1,136,corcrash,corfav,1,east,0,10,48,1250,1248,y,wiped,31.5,6.0,0,41,0.000,0.700,6437,1401
2,0,144,armham,armfav,3,east,1,9,38,1170,1178,x,wiped,16.5,5.5,7,0,0.434,0.000,5313,7035
2,1,133,armfav,corfav,4,west,0,38,45,1178,1170,y,wiped,22.5,4.5,0,13,0.000,0.220,4293,3400
3,0,139,armjeth,armfav,3,east,1,10,40,1250,1240,y,wiped,34.0,6.0,0,39,0.000,0.860,6336,607
3,1,137,corlevlr,corwolv,1,east,0,6,8,1320,1360,x,wiped,17.0,12.0,6,0,0.662,0.000,3075,6687
2,0,145,armpw,corthud,2,west,1,26,10,1404,1400,y,wiped,24.0,7.5,0,7,0.000,0.473,11183,6166
3,0,140,armrock,corstorm,7,east,1,10,11,1200,1210,y,wiped,40.0,10.0,0,4,0.000,0.329,8087,5825
2,0,146,armpw,armjeth,1,east,0,23,10,1242,1250,x,wiped,16.0,7.5,23,0,0.882,0.000,1043,6358
3,1,138,armstump,corwolv,7,east,1,6,8,1350,1360,x,wiped,32.5,9.5,4,0,0.265,0.000,8181,6671
2,1,134,armrock,corraid,0,west,0,10,5,1200,1175,y,wiped,58.0,9.0,0,1,0.000,0.142,8102,9282
2,1,135,armpw,armfav,1,east,0,22,38,1188,1178,x,wiped,11.5,5.0,16,0,0.467,0.000,4515,4291
3,0,141,armjanus,corllt,0,west,0,6,16,1440,1440,x,wiped,33.5,15.5,4,0,0.457,0.000,3381,13172
3,1,139,armrock,armwar,3,east,1,9,4,1080,1080,y,wiped,26.0,9.0,0,4,0.000,0.366,6778,4135
2,0,147,corak,corllt,1,east,0,27,13,1161,1170,y,wiped,36.5,9.0,0,1,0.000,0.012,8146,8735
2,1,136,armham,corcrash,4,west,0,9,9,1170,1125,x,wiped,22.0,9.5,9,0,0.920,0.000,769,6527
3,0,142,armflea,corwolv,2,west,1,57,7,1197,1190,x,wiped,22.0,7.0,17,0,0.135,0.000,4926,5335
3,1,140,corthud,corwolv,3,east,1,10,8,1400,1360,x,wiped,23.0,10.5,9,0,0.508,0.000,5773,6682
2,0,148,armham,armllt,4,west,0,9,14,1170,1190,x,wiped,33.0,16.5,7,0,0.633,0.000,3340,9481
2,1,137,armjanus,corfav,3,east,1,5,46,1200,1196,x,wiped,16.0,6.5,4,0,0.666,0.000,1817,11477
3,0,143,armham,cormist,0,west,0,6,5,780,775,x,wiped,26.5,8.5,6,0,0.679,0.000,1963,4699
3,1,141,corcrash,armfav,5,east,0,10,40,1250,1240,y,wiped,31.5,5.5,0,38,0.000,0.809,6448,840
2,1,138,armham,armstump,7,east,1,7,4,910,900,x,wiped,36.5,9.0,3,0,0.284,0.000,5344,7630
2,0,149,armham,corraid,7,east,1,9,5,1170,1175,x,wiped,49.5,9.5,3,0,0.166,0.000,8017,10615
2,1,139,corfav,armllt,1,east,0,46,14,1196,1190,y,wiped,14.5,6.0,0,12,0.000,0.660,6907,3068
3,0,144,armrock,cormist,5,east,0,9,7,1080,1085,x,wiped,32.0,8.5,7,0,0.450,0.000,3739,6614
3,1,142,corak,corraid,3,east,1,33,6,1419,1410,y,wiped,24.5,7.0,0,6,0.000,0.503,10843,6199
2,0,150,armpw,armstump,4,west,0,21,5,1134,1125,y,wiped,24.0,7.5,0,3,0.000,0.304,9072,6488
2,1,140,armwar,armart,5,east,0,4,8,1080,1080,x,wiped,21.0,9.5,4,0,0.566,0.000,2910,5042
2,0,151,armjanus,corlevlr,7,east,1,5,5,1200,1100,y,wiped,19.5,11.5,0,3,0.000,0.187,5751,6251
3,1,143,corak,armflash,7,east,1,28,11,1204,1210,y,wiped,23.0,6.0,0,5,0.000,0.162,8245,6984
3,0,145,corthud,corllt,2,west,1,9,14,1260,1260,x,wiped,37.5,16.0,6,0,0.625,0.000,3763,9934
2,1,141,armart,corraid,4,west,0,7,4,945,940,y,wiped,29.0,10.5,0,4,0.000,0.514,4766,4036
3,1,144,armflea,armllt,5,east,0,57,14,1197,1190,y,wiped,13.0,6.0,0,12,0.000,0.677,5248,2918
2,0,152,corthud,armflash,7,east,1,8,10,1120,1100,x,wiped,30.0,7.5,3,0,0.163,0.000,7697,8169
2,1,142,armflea,armflash,7,east,1,58,11,1218,1210,y,wiped,14.0,5.0,0,8,0.000,0.399,3871,5020
3,0,146,corthud,armfav,2,west,1,9,41,1260,1271,x,wiped,13.5,5.0,9,0,0.635,0.000,3718,7037
2,0,153,armflash,corlevlr,7,east,1,10,5,1100,1100,y,wiped,13.0,8.0,0,5,0.000,0.970,8193,225
2,1,143,armjeth,corthud,5,east,0,10,9,1250,1260,y,wiped,24.5,9.5,0,9,0.000,0.935,7326,671
2,0,154,corgator,corllt,3,east,1,9,12,1080,1080,x,wiped,31.0,10.5,5,0,0.425,0.000,4336,8282
3,0,147,armrock,armstump,1,east,0,11,6,1320,1350,y,wiped,39.0,9.0,0,3,0.000,0.231,8601,8798
2,1,144,armrock,armflash,5,east,0,10,11,1200,1210,y,wiped,24.5,8.5,0,7,0.000,0.340,7486,5751
3,1,145,corcrash,corllt,1,east,0,10,14,1250,1260,y,wiped,63.5,13.5,0,14,0.000,0.999,6494,8
2,0,155,armpw,corstorm,7,east,1,22,11,1188,1210,y,wiped,20.5,7.5,0,7,0.000,0.460,9948,4587
3,0,148,armflea,armstump,4,west,0,54,5,1134,1125,y,wiped,13.0,6.0,0,5,0.000,0.633,6069,3442
2,1,145,armpw,armpw,2,west,1,22,22,1188,1188,x,wiped,42.0,6.0,1,0,0.000,0.000,8545,8544
3,1,146,armrock,corcrash,1,east,0,10,10,1200,1250,x,wiped,28.0,9.5,10,0,0.753,0.000,1886,7393
3,0,149,armfav,corwolv,3,east,1,44,8,1364,1360,x,wiped,23.5,6.0,18,0,0.249,0.000,5294,6052
3,0,150,armjanus,armjanus,0,west,0,5,5,1200,1200,y,wiped,20.0,12.0,0,1,0.000,0.200,6446,4686
3,1,147,corak,corak,0,west,0,28,28,1204,1204,y,wiped,31.5,6.0,0,5,0.000,0.071,8255,7694
3,0,151,corak,corraid,5,east,0,33,6,1419,1410,y,wiped,23.5,7.0,0,6,0.000,0.500,10772,6240
3,1,148,armwar,corthud,0,west,0,4,8,1080,1120,y,wiped,37.5,9.0,0,1,0.000,0.022,6812,9101
3,0,152,armstump,armstump,2,west,1,5,5,1125,1125,x,wiped,37.5,8.5,2,0,0.264,0.000,7061,9547
4,0,1,corfav,armllt,4,west,0,46,14,1196,1190,y,wiped,15.5,6.0,0,12,0.000,0.617,5682,3461
4,1,1,armflash,armart,3,east,1,11,9,1210,1215,x,wiped,21.5,8.0,11,0,0.606,0.000,3364,5636
4,0,2,corwolv,armllt,0,west,0,7,14,1190,1190,x,wiped,38.5,-1.0,4,0,0.436,0.000,2999,10285
4,0,3,armflash,corgator,3,east,1,11,10,1210,1200,y,wiped,25.0,6.5,0,4,0.000,0.149,8463,7264
4,1,2,armart,armllt,6,west,1,10,16,1350,1360,y,wiped,85.5,15.0,0,9,0.000,0.221,6416,8759
4,0,4,corraid,cormist,6,west,1,6,9,1410,1395,x,wiped,35.0,8.0,6,0,0.648,0.000,4327,8364
4,1,3,corwolv,corwolv,0,west,0,7,7,1190,1190,draw,wiped,30.5,16.5,0,0,0.000,0.000,6271,5895
4,1,4,armstump,corlevlr,2,west,1,5,5,1125,1100,y,wiped,16.5,9.5,0,5,0.000,0.684,9511,2336
4,0,5,corgator,corraid,2,west,1,10,5,1200,1175,y,wiped,25.0,8.0,0,5,0.000,0.248,8828,7757
4,0,6,armwar,cormist,6,west,1,4,7,1080,1085,x,wiped,25.5,8.5,4,0,0.601,0.000,2587,6174
4,1,5,corthud,armllt,4,west,0,9,15,1260,1275,x,wiped,37.5,16.5,6,0,0.635,0.000,3681,10289
4,1,6,armham,corlevlr,4,west,0,10,6,1300,1320,y,wiped,20.5,11.5,0,5,0.000,0.673,10730,2950
4,0,7,corstorm,corwolv,0,west,0,11,7,1210,1190,x,wiped,27.5,11.0,6,0,0.260,0.000,7021,5827
5,1,1,armflea,armflash,5,east,0,58,11,1218,1210,y,wiped,17.0,5.0,0,9,0.000,0.359,3890,5351
4,1,7,corak,corwolv,0,west,0,28,7,1204,1190,x,wiped,23.5,8.5,28,0,0.682,0.000,2640,5313
5,0,1,armflash,corllt,0,west,0,9,11,990,990,x,wiped,32.5,8.5,2,0,0.143,0.000,5857,7525
4,0,8,armrock,corlevlr,6,west,1,11,6,1320,1320,y,wiped,19.0,12.0,0,6,0.000,0.781,8985,1941
5,1,2,corthud,cormist,3,east,1,10,9,1400,1395,x,wiped,29.5,5.0,9,0,0.676,0.000,3649,8496
4,0,9,armwar,armflash,1,east,0,4,10,1080,1100,x,wiped,18.0,7.0,4,0,0.378,0.000,4076,7654
5,0,2,armpw,armllt,4,west,0,22,14,1188,1190,y,wiped,30.0,9.5,0,2,0.000,0.030,9148,8804
4,1,8,corlevlr,armllt,0,west,0,5,13,1100,1105,x,wiped,32.0,20.0,3,0,0.528,0.000,3358,9185
4,0,10,armwar,armart,4,west,0,4,8,1080,1080,x,wiped,21.5,9.0,4,0,0.624,0.000,2516,5070
5,1,3,armham,armjanus,4,west,0,11,6,1430,1440,y,wiped,34.0,11.0,0,2,0.000,0.093,12483,6148
4,1,9,armwar,armflea,4,west,0,4,51,1080,1071,x,wiped,12.0,6.0,4,0,0.811,0.000,1259,3469
5,0,3,corwolv,corllt,5,east,0,8,15,1360,1350,x,wiped,70.0,16.5,2,0,0.152,0.000,5243,11505
4,0,11,armjeth,armflash,0,west,0,7,8,875,880,y,wiped,34.5,7.5,0,8,0.000,0.975,4445,155
5,1,4,armflea,corllt,1,east,0,56,13,1176,1170,y,wiped,38.0,8.5,0,4,0.000,0.169,6026,7093
4,1,10,armjanus,corllt,7,east,1,6,16,1440,1440,x,wiped,38.0,15.5,3,0,0.358,0.000,4050,12783
4,0,12,corcrash,armjanus,7,east,1,10,5,1250,1200,y,wiped,18.5,10.5,0,5,0.000,0.778,7377,1199
5,0,4,corak,cormist,5,east,0,29,8,1247,1240,x,wiped,27.5,8.0,18,0,0.353,0.000,5741,7112
4,1,11,armham,armstump,6,west,1,7,4,910,900,x,wiped,31.0,9.0,4,0,0.351,0.000,4856,7607
5,1,5,corthud,armjanus,5,east,0,10,6,1400,1440,y,wiped,35.0,11.5,0,3,0.000,0.132,13060,5742
5,0,5,armpw,armwar,3,east,1,20,4,1080,1080,y,wiped,27.5,7.0,0,2,0.000,0.377,7781,4136
4,0,13,armwar,armllt,5,east,0,5,16,1350,1360,x,wiped,30.5,16.5,5,0,0.593,0.000,3252,10305
5,1,6,armflash,armflash,5,east,0,11,11,1210,1210,y,wiped,28.0,6.5,0,2,0.000,0.090,8399,7599
5,0,6,armstump,corfav,1,east,0,5,43,1125,1118,x,wiped,16.5,6.0,5,0,0.525,0.000,4437,5805
4,1,12,armrock,corak,4,west,0,10,28,1200,1204,y,wiped,35.5,7.5,0,3,0.000,0.071,7654,9562
4,0,14,armart,corraid,3,east,1,7,4,945,940,y,wiped,27.0,9.5,0,4,0.000,0.498,4805,4198
4,1,13,armrock,armart,1,east,0,9,8,1080,1080,x,wiped,25.0,10.0,6,0,0.492,0.000,3679,5428
5,1,7,corcrash,corfav,5,east,0,10,48,1250,1248,y,wiped,32.0,6.5,0,45,0.000,0.809,6447,883
4,0,15,corcrash,corraid,0,west,0,11,6,1375,1410,y,wiped,28.0,9.0,0,6,0.000,0.766,7817,2940
5,0,7,corstorm,armstump,6,west,1,10,5,1100,1125,y,wiped,46.0,9.5,0,2,0.000,0.102,8258,8573
4,1,14,armham,corfav,2,west,1,9,45,1170,1170,x,wiped,15.5,6.5,9,0,0.602,0.000,3741,6495
5,1,8,corraid,corwolv,5,east,0,5,7,1175,1190,x,wiped,26.5,9.5,5,0,0.441,0.000,5770,5449
5,0,8,armflash,armfav,3,east,1,11,39,1210,1209,x,wiped,14.5,4.5,10,0,0.525,0.000,3940,4377
4,0,16,armrock,corgator,5,east,0,10,10,1200,1200,y,wiped,21.0,7.5,0,9,0.000,0.527,7459,3999
4,1,15,armflea,armllt,0,west,0,57,14,1197,1190,y,wiped,15.0,6.5,0,12,0.000,0.635,5039,3416
5,1,9,corstorm,corraid,6,west,1,11,5,1210,1175,y,wiped,41.5,10.0,0,3,0.000,0.276,9042,7487
5,0,9,armpw,armrock,5,east,0,20,9,1080,1080,x,wiped,25.0,7.5,4,0,0.047,0.000,8275,6794
5,0,10,corfav,armllt,5,east,0,46,14,1196,1190,y,wiped,14.0,6.0,0,12,0.000,0.656,5830,3259
5,1,10,armwar,corgator,5,east,0,4,9,1080,1080,x,wiped,20.5,7.5,3,0,0.311,0.000,4520,7751
4,1,16,armstump,armart,3,east,1,6,10,1350,1350,x,wiped,30.5,9.5,4,0,0.427,0.000,6595,6837
5,1,11,armham,armstump,1,east,0,7,4,910,900,x,wiped,31.0,9.0,3,0,0.377,0.000,4664,7563
4,0,17,armart,armart,4,west,0,9,9,1215,1215,x,wiped,57.5,14.5,1,0,0.021,0.000,6166,6051
5,1,12,armfav,corgator,0,west,0,39,10,1209,1200,y,wiped,11.5,4.5,0,10,0.000,0.549,4752,3838
5,0,11,corcrash,corcrash,5,east,0,10,10,1250,1250,draw,stalemate,60.0,,10,10,1.000,1.000,0,0
4,1,17,armham,corllt,3,east,1,9,13,1170,1170,x,wiped,37.0,15.5,7,0,0.599,0.000,3648,9423
4,0,18,corstorm,corcrash,5,east,0,8,7,880,875,x,wiped,25.0,10.5,8,0,0.863,0.000,857,4954
5,1,13,armflea,armart,6,west,1,58,9,1218,1215,x,wiped,20.5,6.5,25,0,0.279,0.000,3476,5660
5,0,12,armrock,armstump,4,west,0,11,6,1320,1350,y,wiped,30.5,9.0,0,6,0.000,0.282,8610,7944
5,1,14,armjeth,corlevlr,6,west,1,7,4,875,880,y,wiped,13.0,9.5,0,4,0.000,1.000,5207,0
4,1,18,corcrash,cormist,0,west,0,10,8,1250,1240,y,wiped,39.0,7.5,0,8,0.000,0.830,6899,1225
5,0,13,armfav,corfav,3,east,1,38,45,1178,1170,y,wiped,22.0,4.0,0,11,0.000,0.157,4279,3723
4,0,19,corthud,armllt,1,east,0,9,15,1260,1275,x,wiped,35.5,16.0,7,0,0.624,0.000,3772,10295
5,1,15,armart,corfav,6,west,1,9,47,1215,1222,y,wiped,16.5,5.5,0,23,0.000,0.316,5637,4594
5,0,14,armham,corlevlr,7,east,1,10,6,1300,1320,y,wiped,19.5,11.0,0,5,0.000,0.666,11098,3051
5,1,16,corlevlr,corwolv,4,west,0,6,8,1320,1360,x,wiped,15.5,11.5,6,0,1.000,0.000,0,6600
4,0,20,armstump,armllt,3,east,1,6,16,1350,1360,x,wiped,31.0,13.5,6,0,1.000,0.000,0,10672
5,0,15,armpw,armflea,5,east,0,22,57,1188,1197,x,wiped,14.5,6.0,10,0,0.208,0.000,6763,3835
4,1,19,armstump,corllt,2,west,1,6,15,1350,1350,x,wiped,41.5,11.5,4,0,0.566,0.000,4759,10783
5,1,17,armpw,corcrash,4,west,0,23,10,1242,1250,x,wiped,16.0,7.0,23,0,0.778,0.000,1974,6469
5,0,16,armstump,armjanus,5,east,0,5,5,1125,1200,y,wiped,18.5,10.5,0,4,0.000,0.457,9867,3010
4,1,20,armstump,armfav,1,east,0,5,36,1125,1116,x,wiped,19.5,5.0,4,0,0.165,0.000,7821,5947
4,0,21,armham,armjanus,2,west,1,11,6,1430,1440,y,wiped,26.5,10.5,0,2,0.000,0.203,12585,5423
5,1,18,armham,armfav,0,west,0,9,38,1170,1178,x,wiped,13.0,5.5,9,0,0.601,0.000,3737,6393
5,0,17,armflash,armllt,2,west,1,10,13,1100,1105,x,wiped,24.5,8.5,5,0,0.343,0.000,4943,8427
4,1,21,armwar,corgator,3,east,1,4,9,1080,1080,x,wiped,25.0,7.0,2,0,0.289,0.000,4691,7743
5,1,19,armwar,armjanus,3,east,1,5,6,1350,1440,y,wiped,26.5,9.0,0,1,0.000,0.117,8892,5753
4,0,22,armrock,armfav,3,east,1,10,39,1200,1209,y,wiped,35.0,5.0,0,2,0.000,0.043,7548,7288
5,0,18,armwar,corlevlr,6,west,1,4,5,1080,1100,y,wiped,16.5,10.5,0,5,0.000,0.671,6714,2382
5,1,20,armflea,armjanus,3,east,1,57,5,1197,1200,y,wiped,15.0,6.5,0,5,0.000,0.529,12456,2569
4,0,23,corgator,corlevlr,4,west,0,11,6,1320,1320,y,wiped,12.0,8.5,0,6,0.000,0.948,9795,462
5,0,19,armham,corcrash,7,east,1,9,9,1170,1125,x,wiped,21.5,9.5,9,0,0.861,0.000,1329,6205
4,1,22,corstorm,corraid,5,east,0,11,5,1210,1175,y,wiped,43.5,8.5,0,2,0.000,0.128,9164,9076
4,0,24,corak,armjanus,5,east,0,28,5,1204,1200,y,wiped,16.5,7.5,0,5,0.000,0.664,10805,1814
5,0,20,armflea,armjanus,7,east,1,57,5,1197,1200,x,wiped,27.5,6.5,3,0,0.040,0.000,10828,5415
5,1,21,corcrash,armart,4,west,0,10,9,1250,1215,y,wiped,53.0,18.5,0,4,0.000,0.260,7527,4476
4,1,23,armrock,armham,7,east,1,12,11,1440,1430,y,wiped,35.0,10.0,0,6,0.000,0.298,9817,8305
4,0,25,armrock,armflea,4,west,0,10,57,1200,1197,y,wiped,25.0,5.5,0,9,0.000,0.115,7523,6765
4,0,26,corcrash,corlevlr,0,west,0,7,4,875,880,y,wiped,13.5,10.0,0,4,0.000,1.000,5077,0
5,1,22,armham,corcrash,2,west,1,9,9,1170,1125,x,wiped,19.5,9.5,9,0,0.889,0.000,1055,6250
4,1,24,corstorm,corthud,0,west,0,10,8,1100,1120,y,wiped,29.5,10.0,0,7,0.000,0.357,8351,5971
5,0,21,armfav,armfav,6,west,1,39,39,1209,1209,y,wiped,30.5,4.0,0,2,0.000,0.025,4387,4293
4,0,27,corak,armllt,6,west,1,28,14,1204,1190,y,wiped,24.0,9.5,0,6,0.000,0.206,8883,7172
4,1,25,armpw,corstorm,6,west,1,22,11,1188,1210,y,wiped,22.5,7.5,0,7,0.000,0.483,9807,4415
5,1,23,armjeth,corthud,0,west,0,10,9,1250,1260,y,wiped,25.0,9.0,0,9,0.000,0.895,6933,1091
5,0,22,armstump,armstump,5,east,0,5,5,1125,1125,x,wiped,37.5,8.0,1,0,0.165,0.000,7906,9481
4,0,28,corgator,corraid,1,east,0,10,5,1200,1175,x,wiped,36.0,7.0,2,0,0.097,0.000,8173,10403
4,1,26,cormist,armllt,1,east,0,6,11,930,935,x,wiped,48.0,13.5,6,0,1.000,0.000,0,7155
4,0,29,corlevlr,corlevlr,1,east,0,5,5,1100,1100,draw,wiped,23.0,12.0,0,0,0.000,0.000,7833,7744
5,1,24,corstorm,corgator,1,east,0,11,10,1210,1200,y,wiped,38.0,8.0,0,6,0.000,0.262,8530,6588
5,0,23,corthud,corwolv,5,east,0,10,8,1400,1360,x,wiped,22.5,10.0,8,0,0.456,0.000,6395,6663
4,1,27,armwar,corwolv,3,east,1,5,8,1350,1360,x,wiped,21.0,9.5,5,0,0.535,0.000,3829,6139
5,0,24,corlevlr,corfav,3,east,1,5,42,1100,1092,x,wiped,10.0,5.5,5,0,0.690,0.000,2274,7828
4,0,30,corwolv,corllt,3,east,1,8,15,1360,1350,x,wiped,54.5,16.0,3,0,0.236,0.000,4699,11675
5,1,25,corgator,corgator,0,west,0,10,10,1200,1200,y,wiped,31.0,6.5,0,1,0.000,0.065,8641,8055
4,1,28,armrock,corllt,3,east,1,9,12,1080,1080,x,wiped,35.5,15.5,8,0,0.833,0.000,1114,8852
5,0,25,corfav,corfav,0,west,0,46,46,1196,1196,x,wiped,25.5,4.0,5,0,0.036,0.000,4275,4482
4,0,31,armwar,corthud,5,east,0,4,8,1080,1120,y,wiped,28.5,9.0,0,3,0.000,0.278,6722,6622
4,1,29,armstump,corfav,3,east,1,5,43,1125,1118,x,wiped,18.0,5.0,4,0,0.407,0.000,5595,5551
5,1,26,corcrash,corgator,7,east,1,10,10,1250,1200,y,wiped,22.0,7.5,0,10,0.000,0.893,6596,919
5,0,26,corgator,corgator,6,west,1,10,10,1200,1200,x,wiped,23.0,6.5,3,0,0.128,0.000,7501,8617
4,1,30,armjeth,corgator,1,east,0,10,10,1250,1200,y,wiped,24.0,7.5,0,10,0.000,0.872,6418,1097
5,1,27,armstump,armart,1,east,0,6,10,1350,1350,x,wiped,27.0,9.0,6,0,0.367,0.000,7160,6856
4,0,32,corstorm,corraid,2,west,1,11,5,1210,1175,y,wiped,34.5,8.0,0,4,0.000,0.417,8989,6118
5,0,27,armwar,armfav,7,east,1,4,35,1080,1085,x,wiped,12.5,5.0,4,0,0.606,0.000,2607,4059
4,1,31,corlevlr,corwolv,2,west,1,6,8,1320,1360,x,wiped,15.0,11.0,6,0,1.000,0.000,0,6750
4,0,33,corfav,corllt,6,west,1,45,13,1170,1170,y,wiped,15.0,6.0,0,11,0.000,0.645,5989,3221
5,1,28,corlevlr,corllt,6,west,1,5,12,1100,1080,x,wiped,32.0,19.0,3,0,0.529,0.000,3353,8825
5,0,28,corthud,cormist,2,west,1,10,9,1400,1395,x,wiped,28.5,8.0,10,0,0.682,0.000,3576,8455
4,1,32,armham,corwolv,4,west,0,9,7,1170,1190,x,wiped,24.0,12.0,8,0,0.407,0.000,5621,5862
5,1,29,armflea,corlevlr,5,east,0,52,5,1092,1100,y,wiped,9.5,6.0,0,5,0.000,0.752,9730,1822
4,0,34,armpw,cormist,3,east,1,23,8,1242,1240,x,wiped,37.0,6.5,9,0,0.210,0.000,7312,7115
4,1,33,corcrash,cormist,1,east,0,10,8,1250,1240,y,wiped,41.5,7.5,0,8,0.000,0.845,6715,1106
5,1,30,corstorm,armflash,0,west,0,11,11,1210,1210,y,wiped,29.5,7.0,0,5,0.000,0.236,8494,6554
4,0,35,armwar,corthud,2,west,1,4,8,1080,1120,y,wiped,31.5,10.0,0,2,0.000,0.222,6785,7167
5,0,29,corwolv,armllt,3,east,1,7,14,1190,1190,y,wiped,59.0,16.0,0,9,0.000,0.234,5390,7490
5,1,31,corgator,corwolv,6,west,1,10,7,1200,1190,x,wiped,17.0,8.0,10,0,0.749,0.000,2148,5355
5,0,30,corgator,corlevlr,0,west,0,11,6,1320,1320,y,wiped,14.0,8.5,0,6,0.000,0.838,9834,1420
4,1,34,cormist,corfav,0,west,0,8,48,1240,1248,y,wiped,34.0,5.0,0,5,0.000,0.060,7161,5359
4,0,36,armflash,armflash,2,west,1,11,11,1210,1210,x,wiped,25.5,6.0,3,0,0.121,0.000,7311,8384
5,1,32,corlevlr,corwolv,5,east,0,6,8,1320,1360,x,wiped,14.5,10.5,6,0,1.000,0.000,0,6826
5,0,31,armwar,corfav,2,west,1,5,52,1350,1352,x,wiped,12.5,5.0,5,0,0.631,0.000,3060,5386
4,0,37,corlevlr,corllt,3,east,1,5,12,1100,1080,x,wiped,29.5,18.5,4,0,0.554,0.000,3148,8853
5,1,33,armstump,corgator,0,west,0,6,11,1350,1320,x,wiped,31.5,7.0,2,0,0.210,0.000,8823,9749
4,1,35,armjeth,corwolv,5,east,0,11,8,1375,1360,y,wiped,55.5,21.0,0,2,0.000,0.218,8261,5999
5,0,32,armham,corgator,4,west,0,11,12,1430,1440,y,wiped,37.5,8.0,0,3,0.000,0.060,11607,10049
4,0,38,armflea,corstorm,7,east,1,58,11,1218,1210,y,wiped,21.0,5.5,0,6,0.000,0.346,8246,5622
5,1,34,armpw,armart,6,west,1,20,8,1080,1080,x,wiped,23.0,8.0,19,0,0.532,0.000,3667,5013
5,0,33,corak,corlevlr,5,east,0,31,6,1333,1320,y,wiped,12.0,8.0,0,6,0.000,0.942,11508,507
5,1,35,armflash,corfav,2,west,1,11,47,1210,1222,x,wiped,11.0,5.0,10,0,0.579,0.000,3509,4530
5,0,34,corcrash,armjanus,6,west,1,10,5,1250,1200,y,wiped,18.0,10.5,0,5,0.000,0.496,7359,2761
4,0,39,corstorm,armjanus,5,east,0,11,5,1210,1200,y,wiped,33.0,10.5,0,3,0.000,0.199,9953,4318
4,1,36,cormist,corllt,1,east,0,7,12,1085,1080,x,wiped,43.5,13.5,7,0,1.000,0.000,0,8142
5,1,36,armjeth,corgator,4,west,0,10,10,1250,1200,y,wiped,23.5,7.5,0,10,0.000,0.837,6506,1384
4,1,37,armflea,corwolv,0,west,0,57,7,1197,1190,x,wiped,17.0,6.5,28,0,0.371,0.000,2678,5302
4,0,40,armflash,armllt,7,east,1,10,13,1100,1105,x,wiped,28.0,8.5,4,0,0.270,0.000,5471,8617
5,0,35,cormist,armllt,3,east,1,6,11,930,935,x,wiped,46.5,13.5,6,0,1.000,0.000,0,7128
5,1,37,corstorm,cormist,4,west,0,7,5,770,775,x,wiped,27.5,8.0,6,0,0.541,0.000,2497,4715
5,0,36,corgator,corlevlr,1,east,0,11,6,1320,1320,y,wiped,13.5,8.0,0,6,0.000,0.984,9801,140
4,1,38,armrock,cormist,1,east,0,9,7,1080,1085,x,wiped,31.0,7.5,6,0,0.510,0.000,3373,6605
4,0,41,armpw,armrock,3,east,1,20,9,1080,1080,x,wiped,33.0,7.5,2,0,0.044,0.000,8479,6831
5,1,38,corcrash,corfav,3,east,1,10,48,1250,1248,y,wiped,30.0,6.0,0,43,0.000,0.765,6455,1064
5,0,37,armwar,corllt,2,west,1,4,12,1080,1080,x,wiped,39.0,16.0,2,0,0.390,0.000,3941,8176
4,1,39,armjeth,cormist,0,west,0,10,8,1250,1240,y,wiped,37.0,7.5,0,8,0.000,0.827,6815,1248
5,1,39,armflea,armart,3,east,1,58,9,1218,1215,x,wiped,18.5,7.0,39,0,0.468,0.000,2091,5649
4,0,42,armrock,corraid,1,east,0,10,5,1200,1175,y,wiped,41.5,8.5,0,3,0.000,0.342,7781,6910
5,0,38,armpw,armrock,6,west,1,20,9,1080,1080,x,wiped,21.0,7.0,8,0,0.157,0.000,7143,6755
5,1,40,armstump,armjanus,7,east,1,5,5,1125,1200,y,wiped,17.5,9.5,0,4,0.000,0.422,9996,3203
4,1,40,armjeth,armfav,4,west,0,10,40,1250,1240,y,wiped,31.0,5.0,0,40,0.000,0.838,6346,709
5,1,41,armpw,corlevlr,2,west,1,21,5,1134,1100,y,wiped,12.5,7.5,0,5,0.000,0.886,10125,856
4,0,43,corstorm,corthud,2,west,1,10,8,1100,1120,y,wiped,33.0,11.0,0,6,0.000,0.319,8372,6271
5,0,39,armjeth,armflea,4,west,0,10,60,1250,1260,y,wiped,28.0,6.0,0,44,0.000,0.571,6347,1710
4,1,41,armflea,corlevlr,2,west,1,52,5,1092,1100,y,wiped,10.0,6.0,0,5,0.000,0.895,8923,790
5,1,42,armflea,armllt,4,west,0,57,14,1197,1190,y,wiped,16.0,6.5,0,11,0.000,0.555,5098,4020
4,0,44,armjanus,corgator,5,east,0,5,10,1200,1200,x,wiped,16.5,8.0,5,0,0.732,0.000,1465,9311
5,0,40,armfav,corgator,4,west,0,39,10,1209,1200,y,wiped,15.0,4.5,0,9,0.000,0.486,4803,4368
4,1,42,armpw,armham,0,west,0,24,10,1296,1300,y,wiped,19.5,7.5,0,6,0.000,0.440,9960,5888
5,1,43,armflea,armart,5,east,0,58,9,1218,1215,x,wiped,16.0,6.5,28,0,0.331,0.000,2899,5628
4,0,45,armstump,corfav,6,west,1,5,43,1125,1118,x,wiped,18.5,5.5,5,0,0.303,0.000,6480,5972
5,0,41,armpw,corraid,1,east,0,26,6,1404,1410,y,wiped,21.0,7.0,0,6,0.000,0.568,10968,5358
5,1,44,corthud,armart,3,east,1,9,9,1260,1215,x,wiped,22.0,10.0,9,0,0.686,0.000,3271,5787
5,0,42,armpw,armjeth,7,east,1,23,10,1242,1250,x,wiped,17.5,7.0,23,0,0.731,0.000,2382,6354
4,0,46,armwar,corwolv,6,west,1,5,8,1350,1360,x,wiped,20.5,9.5,5,0,0.636,0.000,3013,6097
4,1,43,corstorm,corraid,7,east,1,11,5,1210,1175,y,wiped,46.5,9.0,0,2,0.000,0.138,9142,9036
4,1,44,corak,armjanus,7,east,1,28,5,1204,1200,y,wiped,23.5,7.5,0,3,0.000,0.331,11414,3621
5,1,45,corthud,cormist,6,west,1,10,9,1400,1395,x,wiped,29.5,8.0,10,0,0.691,0.000,3467,8498
5,0,43,corak,corraid,1,east,0,33,6,1419,1410,y,wiped,24.0,7.0,0,5,0.000,0.546,10862,5661
4,0,47,armjeth,armllt,0,west,0,10,15,1250,1275,y,wiped,53.0,13.0,0,15,0.000,0.973,6421,259
4,1,45,armstump,armfav,3,east,1,5,36,1125,1116,x,wiped,22.0,6.0,4,0,0.333,0.000,6235,6119
5,1,46,armwar,corcrash,3,east,1,5,11,1350,1375,x,wiped,20.5,8.5,5,0,0.994,0.000,53,7138
5,0,44,corraid,corfav,0,west,0,5,45,1175,1170,x,wiped,16.5,5.0,5,0,0.572,0.000,4466,5811
4,0,48,armrock,corlevlr,1,east,0,11,6,1320,1320,y,wiped,17.5,10.5,0,6,0.000,0.709,9233,2563
4,1,46,armrock,corcrash,2,west,1,10,10,1200,1250,x,wiped,25.0,9.0,10,0,0.742,0.000,1970,7331
4,0,49,armjeth,corfav,7,east,1,10,48,1250,1248,y,wiped,30.5,5.5,0,44,0.000,0.776,6334,1050
5,0,45,armrock,armwar,7,east,1,9,4,1080,1080,y,wiped,24.0,8.5,0,4,0.000,0.393,6729,3965
4,1,47,armwar,armart,7,east,1,4,8,1080,1080,x,wiped,20.5,9.0,4,0,0.681,0.000,2141,5040
5,1,47,corthud,corgator,6,west,1,6,7,840,840,x,wiped,39.5,8.0,1,0,0.115,0.000,6055,6309
5,0,46,corfav,corllt,5,east,0,45,13,1170,1170,y,wiped,13.0,5.5,0,11,0.000,0.642,6168,3204
4,0,50,armjanus,armart,3,east,1,5,9,1200,1215,x,wiped,26.5,11.0,4,0,0.511,0.000,2852,6475
5,1,48,armham,armwar,0,west,0,10,5,1300,1350,y,wiped,32.5,9.5,0,2,0.000,0.145,10520,7129
5,0,47,armpw,corwolv,6,west,1,22,7,1188,1190,x,wiped,19.0,8.5,17,0,0.433,0.000,5444,5329
4,1,48,armrock,armrock,4,west,0,10,10,1200,1200,y,wiped,48.5,9.5,0,2,0.000,0.122,8095,7015
4,0,51,corgator,corwolv,5,east,0,10,7,1200,1190,x,wiped,16.5,8.0,10,0,0.678,0.000,2766,5368
5,1,49,armstump,corfav,0,west,0,5,43,1125,1118,x,wiped,15.5,5.5,5,0,0.555,0.000,4173,6103
4,0,52,armpw,armfav,6,west,1,22,38,1188,1178,x,wiped,11.5,4.5,18,0,0.398,0.000,5096,4304
4,1,49,corgator,corlevlr,5,east,0,11,6,1320,1320,y,wiped,13.5,8.0,0,6,0.000,0.923,10195,688
5,0,48,corthud,cormist,7,east,1,10,9,1400,1395,x,wiped,32.0,8.0,10,0,0.624,0.000,4224,8488
5,1,50,armwar,corak,1,east,0,4,25,1080,1075,x,wiped,20.0,6.5,4,0,0.499,0.000,3290,7391
4,0,53,armpw,armflash,3,east,1,22,11,1188,1210,y,wiped,23.0,6.0,0,4,0.000,0.167,8522,6958
5,0,49,corraid,corfav,1,east,0,5,45,1175,1170,x,wiped,20.0,5.5,4,0,0.331,0.000,6949,6287
4,1,50,armrock,corllt,7,east,1,9,12,1080,1080,x,wiped,52.5,14.0,3,0,0.246,0.000,5033,8965
5,1,51,corgator,cormist,7,east,1,9,7,1080,1085,x,wiped,20.5,6.5,9,0,0.585,0.000,3129,6210
4,0,54,corthud,armflash,2,west,1,8,10,1120,1100,x,wiped,34.5,7.0,2,0,0.088,0.000,8406,8319
5,0,50,armwar,armflash,5,east,0,4,10,1080,1100,x,wiped,17.5,6.5,4,0,0.381,0.000,4063,7622
5,1,52,corraid,corwolv,7,east,1,5,7,1175,1190,x,wiped,27.5,9.5,3,0,0.297,0.000,7551,5760
5,0,51,armstump,armllt,2,west,1,6,16,1350,1360,x,wiped,35.5,11.0,5,0,0.584,0.000,4557,11146
4,0,55,armham,corraid,1,east,0,9,5,1170,1175,x,wiped,42.5,9.0,3,0,0.264,0.000,7192,10554
4,1,51,cormist,cormist,0,west,0,8,8,1240,1240,x,wiped,63.5,8.5,3,0,0.142,0.000,6297,7418
5,1,53,armstump,armart,5,east,0,6,10,1350,1350,x,wiped,27.5,9.5,6,0,0.550,0.000,5075,6767
5,0,52,armflea,corlevlr,3,east,1,52,5,1092,1100,y,wiped,10.0,6.0,0,5,0.000,0.867,8345,974
4,0,56,corcrash,armstump,5,east,0,9,5,1125,1125,y,wiped,24.5,8.5,0,5,0.000,0.901,6176,924
5,1,54,corthud,corfav,1,east,0,9,48,1260,1248,x,wiped,16.5,5.5,7,0,0.467,0.000,5481,6576
4,1,52,corak,corgator,0,west,0,28,10,1204,1200,y,wiped,31.0,6.0,0,2,0.000,0.131,8464,7457
5,0,53,armrock,corraid,3,east,1,10,5,1200,1175,y,wiped,35.0,9.0,0,5,0.000,0.311,7782,7076
5,1,55,corraid,corfav,4,west,0,5,45,1175,1170,x,wiped,14.5,5.5,5,0,0.650,0.000,3650,5767
4,1,53,armflash,armart,7,east,1,11,9,1210,1215,x,wiped,20.0,8.0,10,0,0.608,0.000,3408,5649
5,0,54,armstump,armfav,4,west,0,5,36,1125,1116,x,wiped,15.5,5.0,5,0,0.544,0.000,4293,5711
5,1,56,armflea,armflash,0,west,0,58,11,1218,1210,y,wiped,12.5,5.0,0,9,0.000,0.414,3887,4880
4,1,54,corlevlr,corlevlr,4,west,0,5,5,1100,1100,x,wiped,18.0,12.5,4,0,0.073,0.000,6869,7761
4,0,57,corcrash,corwolv,1,east,0,11,8,1375,1360,y,wiped,76.0,21.0,0,2,0.000,0.148,8197,6322
5,0,55,armjanus,corraid,5,east,0,5,5,1200,1175,x,wiped,25.5,9.5,2,0,0.177,0.000,4611,11160
5,1,57,armjeth,corstorm,6,west,1,7,8,875,880,y,wiped,23.5,9.5,0,8,0.000,0.846,4943,965
4,1,55,corgator,corgator,4,west,0,10,10,1200,1200,x,wiped,28.5,6.5,3,0,0.135,0.000,7423,8680
4,0,58,corlevlr,armllt,1,east,0,5,13,1100,1105,x,wiped,30.5,20.0,3,0,0.564,0.000,3093,9153
4,1,56,armpw,armart,3,east,1,20,8,1080,1080,x,wiped,22.0,8.5,18,0,0.418,0.000,4592,4999
5,1,58,corcrash,armflash,7,east,1,7,8,875,880,y,wiped,31.5,7.5,0,8,0.000,0.959,4529,254
5,0,56,corthud,armstump,0,west,0,8,5,1120,1125,x,wiped,39.0,8.5,3,0,0.211,0.000,7477,9596
4,0,59,armpw,corwolv,1,east,0,22,7,1188,1190,x,wiped,20.5,8.5,15,0,0.331,0.000,6117,5309
4,1,57,corgator,armllt,2,west,1,10,14,1200,1190,x,wiped,26.0,10.0,6,0,0.418,0.000,4834,9301
5,0,57,armpw,corwolv,0,west,0,22,7,1188,1190,x,wiped,24.5,8.0,21,0,0.682,0.000,2773,5290
5,1,59,corak,cormist,0,west,0,29,8,1247,1240,x,wiped,41.0,6.5,6,0,0.091,0.000,8239,7229
4,0,60,armjeth,armstump,1,east,0,9,5,1125,1125,y,wiped,38.5,9.0,0,5,0.000,0.802,6188,1840
5,0,58,armjanus,armjanus,3,east,1,5,5,1200,1200,x,wiped,19.0,11.0,1,0,0.047,0.000,5768,5985
4,1,58,armfav,corfav,2,west,1,38,45,1178,1170,y,wiped,25.5,4.0,0,9,0.000,0.125,4312,3831
4,0,61,armham,corfav,6,west,1,9,45,1170,1170,x,wiped,13.5,5.5,9,0,0.641,0.000,3321,6106
5,1,60,armflea,corcrash,4,west,0,59,10,1239,1250,x,wiped,28.5,6.0,37,0,0.424,0.000,2270,6441
4,1,59,armham,corwolv,0,west,0,9,7,1170,1190,x,wiped,23.5,11.0,7,0,0.390,0.000,5908,5862
5,0,59,armpw,armllt,1,east,0,22,14,1188,1190,y,wiped,27.5,10.0,0,5,0.000,0.164,9303,7647
4,0,62,armpw,armjeth,6,west,1,23,10,1242,1250,x,wiped,15.5,7.5,23,0,0.810,0.000,1667,6373
5,1,61,armham,cormist,1,east,0,6,5,780,775,x,wiped,24.0,7.5,6,0,0.659,0.000,2101,4684
4,1,60,armpw,corllt,0,west,0,20,12,1080,1080,y,wiped,25.5,8.5,0,4,0.000,0.153,7808,6999
5,0,60,armrock,corthud,2,west,1,7,6,840,840,y,wiped,27.0,9.5,0,5,0.000,0.504,5742,3513
4,0,63,corthud,corllt,7,east,1,9,14,1260,1260,x,wiped,37.5,15.5,7,0,0.641,0.000,3604,10085
5,1,62,corstorm,armjanus,1,east,0,11,5,1210,1200,y,wiped,33.0,10.0,0,2,0.000,0.233,10220,4210
4,1,61,armpw,armpw,7,east,1,22,22,1188,1188,x,wiped,29.0,7.0,4,0,0.056,0.000,8045,8488
5,1,63,armwar,armfav,6,west,1,4,35,1080,1085,x,wiped,12.5,4.5,4,0,0.654,0.000,2295,4079
4,0,64,corthud,corcrash,2,west,1,9,10,1260,1250,x,wiped,22.5,9.5,9,0,0.845,0.000,1634,7150
5,0,61,corraid,cormist,3,east,1,6,9,1410,1395,x,wiped,35.5,7.5,6,0,0.597,0.000,4959,8469
5,1,64,corlevlr,corwolv,0,west,0,6,8,1320,1360,x,wiped,14.5,11.0,6,0,1.000,0.000,0,6652
4,0,65,armart,corlevlr,7,east,1,8,5,1080,1100,y,wiped,18.0,10.5,0,5,0.000,0.911,5899,665
4,1,62,armham,corraid,6,west,1,9,5,1170,1175,x,wiped,39.5,9.5,3,0,0.216,0.000,7597,10664
5,0,62,armrock,armllt,6,west,1,10,14,1200,1190,x,wiped,45.0,14.5,5,0,0.415,0.000,4313,10026
5,1,65,corgator,corllt,6,west,1,9,12,1080,1080,x,wiped,23.0,12.0,9,0,0.890,0.000,837,7926
4,0,66,armart,corwolv,3,east,1,10,8,1350,1360,y,wiped,35.5,14.5,0,3,0.000,0.096,7726,6088
5,0,63,armjeth,armjanus,2,west,1,10,5,1250,1200,y,wiped,17.0,10.0,0,5,0.000,0.841,7390,860
5,1,66,armjanus,armllt,2,west,1,5,14,1200,1190,x,wiped,36.5,15.0,2,0,0.275,0.000,3801,10509
4,1,63,corcrash,corcrash,1,east,0,10,10,1250,1250,draw,stalemate,60.0,,10,10,1.000,1.000,0,0
4,0,67,armwar,armwar,2,west,1,4,4,1080,1080,y,wiped,29.5,9.0,0,1,0.000,0.071,6649,6153
5,0,64,armrock,armstump,2,west,1,11,6,1320,1350,y,wiped,34.0,9.0,0,4,0.000,0.301,8576,7894
4,0,68,armwar,corcrash,1,east,0,5,11,1350,1375,x,wiped,18.0,8.5,5,0,1.000,0.000,0,7149
5,1,67,armrock,armllt,7,east,1,10,14,1200,1190,x,wiped,44.0,14.5,5,0,0.439,0.000,4117,10317
5,0,65,corak,armstump,6,west,1,26,5,1118,1125,y,wiped,23.0,6.5,0,5,0.000,0.292,8709,6644
4,1,64,armjeth,cormist,2,west,1,10,8,1250,1240,y,wiped,37.0,7.5,0,8,0.000,0.735,6724,1922
5,1,68,corlevlr,corlevlr,7,east,1,5,5,1100,1100,y,wiped,18.0,12.0,0,2,0.000,0.041,7905,7295
5,0,66,armrock,corcrash,4,west,0,10,10,1200,1250,x,wiped,24.0,9.0,9,0,0.590,0.000,3156,7078
4,1,65,corak,corgator,7,east,1,28,10,1204,1200,y,wiped,36.5,6.0,0,1,0.000,0.100,8523,7708
5,1,69,corcrash,armflash,4,west,0,7,8,875,880,y,wiped,17.0,7.0,0,8,0.000,0.974,4513,161
4,0,69,corwolv,armllt,1,east,0,7,14,1190,1190,y,wiped,69.0,16.0,0,2,0.000,0.015,5421,9881
4,1,66,corak,corlevlr,6,west,1,31,6,1333,1320,y,wiped,11.0,8.0,0,6,0.000,0.992,11584,73
5,0,67,armart,corraid,7,east,1,7,4,945,940,y,wiped,27.5,9.5,0,4,0.000,0.471,4761,4415
4,1,67,armart,corlevlr,5,east,0,8,5,1080,1100,y,wiped,14.5,11.0,0,5,0.000,1.000,5708,0
5,1,70,armpw,corllt,2,west,1,20,12,1080,1080,y,wiped,25.5,8.5,0,5,0.000,0.152,7970,6952
4,0,70,corcrash,armfav,1,east,0,10,40,1250,1240,y,wiped,30.5,5.0,0,38,0.000,0.722,6458,1233
5,0,68,armrock,corak,1,east,0,10,28,1200,1204,y,wiped,31.0,7.5,0,6,0.000,0.141,7604,8631
5,1,71,armflash,corraid,1,east,0,11,5,1210,1175,y,wiped,26.5,7.0,0,3,0.000,0.112,8876,9205
4,1,68,armwar,corraid,2,west,1,5,6,1350,1410,x,wiped,28.0,8.0,5,0,0.256,0.000,6118,12462
4,0,71,corak,armflash,2,west,1,28,11,1204,1210,y,wiped,24.5,6.0,0,5,0.000,0.214,8256,6551
5,0,69,corak,corraid,6,west,1,33,6,1419,1410,y,wiped,27.0,7.0,0,5,0.000,0.435,11047,7048
5,1,72,armwar,armflea,1,east,0,4,51,1080,1071,x,wiped,12.0,5.0,4,0,0.651,0.000,2309,3513
4,1,69,armjanus,corwolv,4,west,0,5,7,1200,1190,x,wiped,19.5,12.0,5,0,0.624,0.000,2055,6287
4,0,72,armflash,armfav,2,west,1,11,39,1210,1209,x,wiped,14.0,4.5,11,0,0.513,0.000,4056,4409
5,0,70,corthud,corgator,0,west,0,6,7,840,840,x,wiped,26.0,8.0,3,0,0.194,0.000,5537,6303
4,1,70,armpw,armjanus,6,west,1,22,5,1188,1200,y,wiped,16.0,8.0,0,4,0.000,0.743,11166,1453
5,1,73,corstorm,armstump,7,east,1,10,5,1100,1125,x,wiped,53.5,9.0,1,0,0.054,0.000,7775,9848
4,1,71,armrock,armjeth,6,west,1,10,10,1200,1250,x,wiped,25.0,9.0,10,0,0.794,0.000,1568,7475
4,0,73,corwolv,corllt,1,east,0,8,15,1360,1350,x,wiped,71.5,16.0,1,0,0.015,0.000,6072,11664
5,0,71,corthud,corraid,5,east,0,10,6,1400,1410,x,wiped,44.5,8.5,3,0,0.268,0.000,8644,12856
5,1,74,corgator,corlevlr,7,east,1,11,6,1320,1320,y,wiped,13.5,8.0,0,6,0.000,0.931,9982,608
4,1,72,corthud,corcrash,1,east,0,9,10,1260,1250,x,wiped,21.0,9.5,9,0,0.883,0.000,1231,6915
5,0,72,armpw,armflea,7,east,1,22,57,1188,1197,x,wiped,16.0,5.0,6,0,0.178,0.000,7003,3830
4,0,74,armflash,corwolv,6,west,1,11,7,1210,1190,x,wiped,19.0,9.0,11,0,0.757,0.000,2028,5309
5,1,75,corstorm,armjanus,4,west,0,11,5,1210,1200,y,wiped,34.0,10.5,0,1,0.000,0.114,10170,5003
4,1,73,armjeth,corraid,0,west,0,11,6,1375,1410,y,wiped,27.0,8.5,0,6,0.000,0.918,7662,1030
5,0,73,corlevlr,armllt,5,east,0,5,13,1100,1105,x,wiped,32.0,19.5,3,0,0.557,0.000,3160,9384
5,1,76,armpw,corfav,2,west,1,22,46,1188,1196,x,wiped,13.0,5.0,15,0,0.337,0.000,5626,4553
4,0,75,corwolv,corwolv,5,east,0,7,7,1190,1190,x,wiped,29.5,15.0,1,0,0.077,0.000,5591,6436
4,1,74,armpw,corlevlr,5,east,0,21,5,1134,1100,y,wiped,12.0,7.5,0,5,0.000,0.930,9640,518
5,1,77,corraid,corwolv,4,west,0,5,7,1175,1190,x,wiped,26.5,9.5,5,0,0.463,0.000,5576,5559
5,0,74,armrock,armllt,4,west,0,10,14,1200,1190,x,wiped,46.5,14.5,5,0,0.420,0.000,4294,10216
4,0,76,corak,armllt,3,east,1,28,14,1204,1190,y,wiped,35.5,9.5,0,6,0.000,0.135,9123,7893
4,1,75,corfav,corllt,2,west,1,45,13,1170,1170,y,wiped,26.0,7.0,0,10,0.000,0.420,8417,4992
5,1,78,armflea,corgator,0,west,0,57,10,1197,1200,y,wiped,19.5,6.0,0,6,0.000,0.370,4189,5427
5,0,75,armart,corfav,2,west,1,9,47,1215,1222,y,wiped,19.0,6.0,0,28,0.000,0.452,5624,2876
5,1,79,armfav,corfav,6,west,1,38,45,1178,1170,y,wiped,11.5,4.0,0,16,0.000,0.230,4281,3342
4,1,76,armpw,armjanus,2,west,1,22,5,1188,1200,y,wiped,23.0,8.5,0,3,0.000,0.400,11476,3307
4,0,77,armrock,corfav,3,east,1,10,46,1200,1196,x,wiped,26.0,5.5,4,0,0.185,0.000,6205,8211
5,0,76,corstorm,corgator,3,east,1,11,10,1210,1200,y,wiped,39.0,8.0,0,3,0.000,0.129,8553,7930
5,1,80,armjeth,corwolv,3,east,1,11,8,1375,1360,y,wiped,45.5,21.0,0,4,0.000,0.211,8047,5171
5,0,77,armfav,armllt,5,east,0,41,15,1271,1275,y,wiped,12.5,5.5,0,13,0.000,0.677,5552,3156
4,1,77,armstump,corgator,5,east,0,6,11,1350,1320,x,wiped,33.5,7.0,2,0,0.193,0.000,9112,9700
5,1,81,corak,corfav,7,east,1,28,46,1204,1196,x,wiped,13.0,4.5,22,0,0.497,0.000,4140,4587
4,0,78,cormist,armllt,2,west,1,6,11,930,935,x,wiped,51.5,14.0,6,0,0.935,0.000,351,7353
5,0,78,armrock,armjanus,6,west,1,10,5,1200,1200,y,wiped,26.5,10.5,0,3,0.000,0.353,9173,3524
5,1,82,armjanus,corfav,1,east,0,5,46,1200,1196,x,wiped,15.5,6.0,4,0,0.549,0.000,2450,11263
4,0,79,armrock,armjeth,4,west,0,10,10,1200,1250,x,wiped,23.0,9.0,10,0,0.672,0.000,2498,7174
4,1,78,armart,cormist,7,east,1,8,7,1080,1085,y,wiped,45.5,8.0,0,4,0.000,0.252,5313,4900
5,1,83,armflea,corcrash,1,east,0,59,10,1239,1250,x,wiped,27.0,6.0,43,0,0.556,0.000,1720,6440
4,0,80,armart,armfav,6,west,1,9,39,1215,1209,y,wiped,19.5,5.5,0,31,0.000,0.596,5650,2241
5,0,79,corcrash,cormist,3,east,1,10,8,1250,1240,y,wiped,34.5,8.0,0,8,0.000,0.824,6738,1272
4,1,79,armwar,corraid,0,west,0,5,6,1350,1410,x,wiped,31.0,8.0,3,0,0.212,0.000,6599,12502
5,0,80,corthud,corfav,5,east,0,9,48,1260,1248,x,wiped,18.5,5.5,6,0,0.491,0.000,5234,6644
5,1,84,armflash,armjanus,3,east,1,11,5,1210,1200,y,wiped,23.0,8.0,0,2,0.000,0.174,9747,4533
4,1,80,corak,corgator,4,west,0,28,10,1204,1200,y,wiped,21.5,6.5,0,7,0.000,0.321,8452,5778
4,0,81,corlevlr,corllt,5,east,0,5,12,1100,1080,x,wiped,36.0,19.0,3,0,0.417,0.000,4176,9032
4,1,81,corak,corthud,5,east,0,26,8,1118,1120,y,wiped,21.5,7.5,0,8,0.000,0.504,8754,4540
5,0,81,corak,armllt,2,west,1,28,14,1204,1190,y,wiped,28.5,9.5,0,3,0.000,0.116,8745,8295
5,1,85,armham,corgator,2,west,1,11,12,1430,1440,x,wiped,28.5,8.5,5,0,0.330,0.000,7757,10668
4,0,82,armrock,armwar,2,west,1,9,4,1080,1080,y,wiped,23.5,8.5,0,4,0.000,0.404,6762,3898
5,1,86,corlevlr,corfav,1,east,0,5,42,1100,1092,x,wiped,9.5,6.0,5,0,0.795,0.000,1522,7144
4,1,82,corlevlr,cormist,0,west,0,5,7,1100,1085,x,wiped,19.5,9.0,5,0,0.729,0.000,1940,6798
4,0,83,armflea,corthud,5,east,0,60,9,1260,1260,y,wiped,19.0,5.5,0,7,0.000,0.539,7353,4797
5,0,82,armrock,corgator,1,east,0,10,10,1200,1200,y,wiped,24.0,8.0,0,8,0.000,0.556,7445,3899
4,0,84,armjeth,corak,1,east,0,10,29,1250,1247,y,wiped,15.5,7.0,0,29,0.000,0.938,6387,518
5,1,87,corthud,cormist,0,west,0,10,9,1400,1395,x,wiped,29.0,8.5,10,0,0.679,0.000,3617,8475
5,0,83,armham,corlevlr,5,east,0,10,6,1300,1320,y,wiped,18.5,11.5,0,5,0.000,0.688,11164,2732
4,1,83,armrock,corstorm,6,west,1,10,11,1200,1210,x,wiped,37.5,9.0,4,0,0.274,0.000,5736,8969
5,0,84,armflea,corfav,5,east,0,57,46,1197,1196,x,wiped,12.5,4.5,12,0,0.157,0.000,3185,4520
4,0,85,armrock,cormist,6,west,1,9,7,1080,1085,x,wiped,34.5,7.5,6,0,0.394,0.000,4133,6622
5,1,88,armpw,armjeth,0,west,0,23,10,1242,1250,x,wiped,16.5,7.5,23,0,0.747,0.000,2247,6365
4,1,84,corstorm,corstorm,6,west,1,11,11,1210,1210,x,wiped,48.0,9.0,3,0,0.168,0.000,7306,9229
5,0,85,armflea,corraid,4,west,0,56,5,1176,1175,y,wiped,15.0,6.0,0,5,0.000,0.572,6007,4445
5,1,89,armpw,armflea,4,west,0,22,57,1188,1197,x,wiped,14.5,5.0,8,0,0.163,0.000,7063,3857
4,0,86,corwolv,corwolv,4,west,0,7,7,1190,1190,y,wiped,36.0,15.0,0,4,0.000,0.262,6084,4512
5,0,86,corcrash,corlevlr,7,east,1,7,4,875,880,y,wiped,14.5,10.5,0,4,0.000,1.000,5082,0
5,1,90,armham,armstump,0,west,0,7,4,910,900,x,wiped,29.5,9.0,4,0,0.468,0.000,3979,7621
4,0,87,armstump,armjanus,2,west,1,5,5,1125,1200,y,wiped,25.5,9.5,0,3,0.000,0.384,10387,3382
5,0,87,armfav,corlevlr,6,west,1,43,6,1333,1320,y,wiped,9.0,5.5,0,6,0.000,0.906,8290,811
4,1,85,cormist,corllt,3,east,1,7,12,1085,1080,x,wiped,49.5,14.0,7,0,1.000,0.000,0,7981
4,1,86,armwar,armflea,5,east,0,4,51,1080,1071,x,wiped,12.0,5.0,4,0,0.641,0.000,2372,3543
4,0,88,armjanus,armart,1,east,0,5,9,1200,1215,x,wiped,19.5,11.5,5,0,0.591,0.000,2224,6463
5,1,91,corraid,cormist,2,west,1,6,9,1410,1395,x,wiped,34.5,7.0,6,0,0.600,0.000,4909,8561
5,0,88,armjeth,corfav,5,east,0,10,48,1250,1248,y,wiped,32.0,5.5,0,48,0.000,0.855,6341,651
4,1,87,corgator,armllt,4,west,0,10,14,1200,1190,x,wiped,25.0,9.5,6,0,0.512,0.000,4073,9239
4,0,89,armrock,corak,3,east,1,10,28,1200,1204,x,wiped,26.0,7.5,4,0,0.245,0.000,5739,10275
5,1,92,armpw,corllt,7,east,1,20,12,1080,1080,y,wiped,25.5,8.5,0,3,0.000,0.144,8277,7038
5,0,89,armstump,armart,4,west,0,6,10,1350,1350,x,wiped,32.0,9.5,5,0,0.281,0.000,8099,6782
4,1,88,corak,corraid,0,west,0,33,6,1419,1410,y,wiped,24.0,6.5,0,5,0.000,0.468,10824,6669
4,0,90,corthud,corwolv,6,west,1,10,8,1400,1360,x,wiped,23.5,11.0,8,0,0.415,0.000,6994,6719
5,1,93,corak,armart,0,west,0,28,9,1204,1215,x,wiped,21.0,8.0,27,0,0.660,0.000,2827,5676
4,1,89,corthud,corfav,4,west,0,9,48,1260,1248,x,wiped,15.5,5.0,8,0,0.465,0.000,5541,6977
4,0,91,armflea,corllt,3,east,1,56,13,1176,1170,y,wiped,13.5,6.0,0,11,0.000,0.648,5581,3105
5,0,90,armham,corcrash,0,west,0,9,9,1170,1125,x,wiped,21.0,9.5,9,0,0.916,0.000,798,6158
5,1,94,armflea,corllt,7,east,1,56,13,1176,1170,y,wiped,16.0,6.0,0,11,0.000,0.624,4742,3418
4,1,90,armwar,corthud,3,east,1,4,8,1080,1120,y,wiped,30.5,9.5,0,3,0.000,0.257,6760,6809
5,0,91,corstorm,armflash,6,west,1,11,11,1210,1210,y,wiped,27.5,8.0,0,5,0.000,0.137,8486,7670
4,0,92,corwolv,cormist,1,east,0,8,9,1360,1395,y,wiped,41.5,9.0,0,7,0.000,0.168,6422,6821
5,1,95,armwar,armjeth,0,west,0,5,11,1350,1375,x,wiped,21.0,8.5,5,0,0.987,0.000,106,7016
4,0,93,armflea,corak,2,west,1,57,28,1197,1204,y,wiped,12.0,4.5,0,17,0.000,0.383,3891,5071
4,1,91,corgator,corllt,7,east,1,9,12,1080,1080,x,wiped,30.0,10.0,5,0,0.427,0.000,4323,8202
5,1,96,corstorm,armart,3,east,1,11,9,1210,1215,x,wiped,29.5,9.0,8,0,0.497,0.000,4539,6013
5,0,92,corthud,corraid,6,west,1,10,6,1400,1410,x,wiped,45.5,8.5,2,0,0.200,0.000,9518,12723
4,0,94,armart,corfav,5,east,0,9,47,1215,1222,y,wiped,18.0,6.0,0,29,0.000,0.379,5664,3014
4,1,92,corcrash,armjanus,0,west,0,10,5,1250,1200,y,wiped,17.5,10.5,0,5,0.000,0.753,7111,1358
5,0,93,armfav,corllt,1,east,0,38,13,1178,1170,y,wiped,12.0,5.5,0,11,0.000,0.646,5914,3144
5,1,97,armflash,cormist,0,west,0,7,5,770,775,x,wiped,17.5,6.0,6,0,0.556,0.000,2398,4410
4,0,95,armflash,cormist,7,east,1,7,5,770,775,x,wiped,19.5,6.5,6,0,0.659,0.000,1803,4390
4,1,93,armart,corgator,5,east,0,8,9,1080,1080,y,wiped,18.5,8.5,0,9,0.000,0.634,5072,2857
5,1,98,armham,corlevlr,0,west,0,10,6,1300,1320,y,wiped,19.0,11.0,0,5,0.000,0.659,10905,3134
5,0,94,armrock,corfav,2,west,1,10,46,1200,1196,x,wiped,30.5,5.5,1,0,0.094,0.000,6781,8000
4,0,96,armham,armflea,1,east,0,9,56,1170,1176,x,wiped,18.5,6.5,6,0,0.505,0.000,4662,7156
4,1,94,armjanus,cormist,2,west,1,5,8,1200,1240,x,wiped,28.5,8.5,4,0,0.431,0.000,2996,7673
5,1,99,armham,armart,5,east,0,9,9,1170,1215,x,wiped,23.0,9.5,8,0,0.605,0.000,3779,5949
4,0,97,corthud,corwolv,7,east,1,10,8,1400,1360,x,wiped,25.0,10.5,10,0,0.393,0.000,6987,6721
5,1,100,armwar,armfav,4,west,0,4,35,1080,1085,x,wiped,12.0,4.5,4,0,0.723,0.000,1825,4098
4,1,95,corthud,armfav,6,west,1,9,41,1260,1271,x,wiped,17.0,5.0,9,0,0.469,0.000,5520,7233
5,0,95,corcrash,armllt,3,east,1,10,15,1250,1275,y,wiped,56.0,13.5,0,15,0.000,1.000,6518,0
5,1,101,armham,armjeth,7,east,1,9,9,1170,1125,x,wiped,20.5,9.5,9,0,0.888,0.000,1068,6088
4,0,98,corgator,corgator,2,west,1,10,10,1200,1200,x,wiped,30.0,6.5,4,0,0.186,0.000,6983,8654
5,0,96,armjanus,corwolv,6,west,1,5,7,1200,1190,x,wiped,19.5,12.0,5,0,0.532,0.000,2567,6397
4,1,96,armstump,cormist,5,east,0,5,7,1125,1085,x,wiped,37.0,7.5,4,0,0.552,0.000,4176,6622
5,0,97,armpw,corlevlr,3,east,1,21,5,1134,1100,y,wiped,12.5,8.0,0,5,0.000,0.969,9779,234
4,0,99,armjanus,armfav,5,east,0,5,39,1200,1209,x,wiped,17.0,6.0,2,0,0.202,0.000,4406,10332
5,1,102,armrock,armstump,3,east,1,11,6,1320,1350,y,wiped,38.5,8.5,0,4,0.000,0.283,8574,8151
4,1,97,cormist,corfav,7,east,1,8,48,1240,1248,x,wiped,34.5,5.0,4,0,0.285,0.000,5116,6050
5,1,103,corcrash,corraid,5,east,0,11,6,1375,1410,y,wiped,28.0,8.5,0,6,0.000,0.825,7718,2199
5,0,98,corthud,armflash,4,west,0,8,10,1120,1100,y,wiped,47.0,7.0,0,1,0.000,0.031,9238,7907
4,1,98,corthud,corfav,6,west,1,9,48,1260,1248,x,wiped,17.0,6.5,9,0,0.552,0.000,4591,6644
4,0,100,armjeth,armart,6,west,1,10,9,1250,1215,y,wiped,61.5,18.0,0,3,0.000,0.252,7058,4725
4,1,99,corstorm,corfav,4,west,0,11,47,1210,1222,x,wiped,22.5,5.5,5,0,0.228,0.000,6540,8716
5,0,99,armart,corraid,2,west,1,7,4,945,940,y,wiped,28.5,9.5,0,4,0.000,0.555,4724,3730
5,1,104,armrock,armllt,5,east,0,10,14,1200,1190,x,wiped,41.0,14.5,6,0,0.379,0.000,4562,10204
4,0,101,corcrash,armllt,5,east,0,10,15,1250,1275,y,wiped,49.0,14.0,0,15,0.000,0.985,6509,144
5,0,100,armham,armflash,0,west,0,11,13,1430,1430,x,wiped,28.0,7.5,4,0,0.155,0.000,9729,10381
4,0,102,armfav,corgator,3,east,1,39,10,1209,1200,y,wiped,11.5,5.0,0,10,0.000,0.529,4604,3981
5,1,105,armham,corstorm,4,west,0,11,13,1430,1430,x,wiped,40.5,10.0,4,0,0.230,0.000,9086,10878
4,1,100,corcrash,armart,2,west,1,10,9,1250,1215,y,wiped,57.0,18.0,0,4,0.000,0.259,7581,4560
5,0,101,armjanus,corraid,2,west,1,5,5,1200,1175,x,wiped,26.0,9.5,2,0,0.247,0.000,4200,10556
4,0,103,armrock,corcrash,3,east,1,10,10,1200,1250,x,wiped,24.5,9.0,9,0,0.692,0.000,2432,7279
5,1,106,armrock,corcrash,5,east,0,10,10,1200,1250,x,wiped,25.5,10.0,10,0,0.668,0.000,2528,7209
4,1,101,armstump,armart,7,east,1,6,10,1350,1350,x,wiped,30.0,9.5,4,0,0.466,0.000,6061,6833
5,0,102,corthud,cormist,5,east,0,10,9,1400,1395,x,wiped,30.5,8.5,10,0,0.701,0.000,3357,8405
4,0,104,armham,armjanus,0,west,0,11,6,1430,1440,x,wiped,28.5,11.0,2,0,0.085,0.000,11950,6888
5,1,107,armflea,corstorm,2,west,1,58,11,1218,1210,y,wiped,20.5,6.0,0,7,0.000,0.478,8328,4475
4,1,102,armham,armjeth,6,west,1,9,9,1170,1125,x,wiped,20.5,10.0,9,0,0.883,0.000,1120,6180
5,0,103,armflash,cormist,5,east,0,7,5,770,775,x,wiped,20.0,6.5,5,0,0.437,0.000,2996,4436
5,1,108,armpw,armjanus,4,west,0,22,5,1188,1200,y,wiped,16.5,8.0,0,3,0.000,0.348,11671,3624
4,1,103,armpw,armstump,2,west,1,21,5,1134,1125,y,wiped,21.5,7.5,0,4,0.000,0.455,8874,5103
4,0,105,armham,armllt,7,east,1,9,14,1170,1190,x,wiped,34.0,15.5,7,0,0.608,0.000,3562,9757
5,0,104,armrock,corfav,7,east,1,10,46,1200,1196,x,wiped,19.5,6.0,6,0,0.257,0.000,5506,7774
4,1,104,armpw,armham,6,west,1,24,10,1296,1300,y,wiped,19.5,8.0,0,7,0.000,0.474,9995,5611
5,1,109,armwar,corllt,4,west,0,4,12,1080,1080,x,wiped,38.0,15.5,2,0,0.362,0.000,4129,8185
4,0,106,corak,corwolv,7,east,1,28,7,1204,1190,x,wiped,27.5,8.0,24,0,0.633,0.000,3111,5314
5,0,105,armjanus,corlevlr,3,east,1,5,5,1200,1100,y,wiped,18.5,11.5,0,2,0.000,0.400,5600,4807
5,1,110,corgator,corfav,5,east,0,10,46,1200,1196,x,wiped,11.5,5.0,9,0,0.494,0.000,4303,4832
4,1,105,armrock,armham,5,east,0,12,11,1440,1430,y,wiped,30.0,10.0,0,8,0.000,0.451,9705,6485
4,0,107,corak,corstorm,2,west,1,28,11,1204,1210,y,wiped,27.5,8.0,0,5,0.000,0.350,10013,5568
5,0,106,armwar,corcrash,6,west,1,5,11,1350,1375,x,wiped,22.5,9.0,5,0,0.983,0.000,142,7145
4,1,106,armflea,corlevlr,4,west,0,52,5,1092,1100,y,wiped,10.0,6.0,0,5,0.000,0.946,8723,408
5,1,111,armpw,corthud,3,east,1,26,10,1404,1400,y,wiped,22.5,8.5,0,6,0.000,0.352,10840,7525
4,1,107,armjeth,corlevlr,2,west,1,7,4,875,880,y,wiped,15.0,10.0,0,4,0.000,0.990,5204,59
4,0,108,corstorm,armflash,5,east,0,11,11,1210,1210,y,wiped,31.5,7.5,0,5,0.000,0.155,8514,7599
5,0,107,corstorm,cormist,5,east,0,7,5,770,775,x,wiped,28.0,8.5,6,0,0.606,0.000,2137,4727
5,1,112,corstorm,armstump,0,west,0,10,5,1100,1125,y,wiped,43.5,9.0,0,3,0.000,0.032,8281,9258
4,0,109,armflea,cormist,0,west,0,59,8,1239,1240,y,wiped,24.5,5.5,0,5,0.000,0.398,5379,4296
4,1,108,armjeth,corfav,4,west,0,10,48,1250,1248,y,wiped,29.5,5.5,0,46,0.000,0.788,6347,952
5,0,108,armwar,armwar,1,east,0,4,4,1080,1080,x,wiped,25.0,9.0,3,0,0.094,0.000,5976,6639
4,0,110,corthud,armfav,7,east,1,9,41,1260,1271,x,wiped,15.5,5.5,9,0,0.601,0.000,4113,6691
4,1,109,armflea,armflea,6,west,1,57,57,1197,1197,x,wiped,25.5,4.0,3,0,0.031,0.000,3676,3821
5,1,113,armpw,corllt,4,west,0,20,12,1080,1080,y,wiped,35.5,9.0,0,1,0.000,0.056,8110,7849
5,0,109,armwar,cormist,4,west,0,4,7,1080,1085,x,wiped,26.0,8.0,4,0,0.592,0.000,2651,6201
4,1,110,armflea,corfav,2,west,1,57,46,1197,1196,x,wiped,12.0,4.0,12,0,0.140,0.000,3264,4528
5,0,110,armjeth,corthud,7,east,1,10,9,1250,1260,y,wiped,23.5,9.5,0,9,0.000,0.958,6927,436
4,0,111,armstump,corraid,4,west,0,5,5,1125,1175,y,wiped,38.5,8.5,0,3,0.000,0.235,9516,8048
5,0,111,corcrash,corlevlr,2,west,1,7,4,875,880,y,wiped,14.0,10.0,0,4,0.000,1.000,5125,0
5,1,114,corak,cormist,2,west,1,29,8,1247,1240,x,wiped,60.5,6.5,2,0,0.008,0.000,9101,7225
4,1,111,armpw,cormist,5,east,0,23,8,1242,1240,x,wiped,33.0,6.5,9,0,0.146,0.000,7747,7151
5,1,115,armflash,armart,2,west,1,11,9,1210,1215,x,wiped,21.0,8.0,11,0,0.746,0.000,2156,5659
4,1,112,corthud,corlevlr,2,west,1,8,5,1120,1100,y,wiped,21.0,11.5,0,4,0.000,0.633,9640,2740
5,0,112,armflash,corraid,3,east,1,11,5,1210,1175,y,wiped,29.5,7.5,0,2,0.000,0.247,8917,7808
4,0,112,corcrash,armart,0,west,0,10,9,1250,1215,y,wiped,81.5,18.5,0,4,0.000,0.350,7133,3976
5,1,116,armart,corgator,2,west,1,8,9,1080,1080,y,wiped,17.5,8.5,0,8,0.000,0.823,5034,1453
4,1,113,armpw,cormist,2,west,1,23,8,1242,1240,x,wiped,37.0,6.0,10,0,0.199,0.000,7317,7147
5,0,113,cormist,corfav,6,west,1,8,48,1240,1248,x,wiped,44.5,5.5,2,0,0.126,0.000,6217,6003
4,0,113,armwar,armflash,0,west,0,4,10,1080,1100,x,wiped,18.5,6.5,3,0,0.310,0.000,4535,7651
5,1,117,armflea,armstump,7,east,1,54,5,1134,1125,y,wiped,17.0,5.5,0,4,0.000,0.427,6124,5387
5,1,118,armflea,corgator,5,east,0,57,10,1197,1200,y,wiped,11.5,5.0,0,10,0.000,0.492,4241,4295
4,1,114,armjanus,corraid,7,east,1,5,5,1200,1175,x,wiped,25.5,10.0,3,0,0.370,0.000,3586,10818
4,0,114,corcrash,corraid,6,west,1,11,6,1375,1410,y,wiped,25.5,9.0,0,6,0.000,0.843,7737,1963
5,0,114,armham,armham,4,west,0,9,9,1170,1170,y,wiped,42.0,10.5,0,3,0.000,0.178,9845,7915
5,1,119,corcrash,armstump,1,east,0,9,5,1125,1125,y,wiped,27.5,8.5,0,5,0.000,0.836,6232,1554
4,0,115,armrock,corgator,4,west,0,10,10,1200,1200,y,wiped,23.5,8.0,0,8,0.000,0.412,7477,5104
4,1,115,armrock,armjanus,7,east,1,10,5,1200,1200,y,wiped,33.5,10.0,0,2,0.000,0.220,8977,4523
5,0,115,armflea,armstump,0,west,0,54,5,1134,1125,y,wiped,12.5,6.0,0,5,0.000,0.571,5800,4005
5,1,120,armrock,corlevlr,0,west,0,11,6,1320,1320,y,wiped,18.5,10.5,0,6,0.000,0.727,9167,2440
5,0,116,armflea,corraid,7,east,1,56,5,1176,1175,y,wiped,16.5,6.0,0,3,0.000,0.435,6252,5818
4,1,116,armflea,armart,4,west,0,58,9,1218,1215,x,wiped,19.0,6.5,22,0,0.225,0.000,3733,5651
5,1,121,armrock,corwolv,1,east,0,10,7,1200,1190,x,wiped,25.5,10.5,7,0,0.206,0.000,6119,5690
5,0,117,armjeth,corstorm,2,west,1,7,8,875,880,y,wiped,21.0,9.5,0,8,0.000,0.771,4926,1457
4,0,116,corcrash,corwolv,6,west,1,11,8,1375,1360,y,wiped,55.5,21.0,0,3,0.000,0.202,8398,5936
4,1,117,armrock,cormist,7,east,1,9,7,1080,1085,x,wiped,35.0,7.5,6,0,0.447,0.000,3778,6605
5,1,122,armflash,corwolv,3,east,1,11,7,1210,1190,x,wiped,18.5,8.0,11,0,0.897,0.000,857,5287
5,0,118,corlevlr,cormist,4,west,0,5,7,1100,1085,x,wiped,20.5,9.5,4,0,0.738,0.000,1919,6645
4,0,117,armpw,corcrash,2,west,1,23,10,1242,1250,x,wiped,16.5,7.5,23,0,0.768,0.000,2064,6452
5,1,123,corstorm,armjanus,7,east,1,11,5,1210,1200,y,wiped,33.5,8.5,0,2,0.000,0.042,10267,5352
5,0,119,corwolv,corwolv,7,east,1,7,7,1190,1190,y,wiped,29.0,15.0,0,5,0.000,0.205,5945,4597
4,1,118,armflea,armflea,0,west,0,57,57,1197,1197,y,wiped,27.5,5.0,0,3,0.000,0.037,3826,3674
4,0,118,armjeth,corthud,6,west,1,10,9,1250,1260,y,wiped,23.5,9.0,0,9,0.000,0.937,7017,662
5,0,120,armham,corcrash,5,east,0,9,9,1170,1125,x,wiped,21.5,10.0,9,0,0.856,0.000,1378,6301
5,1,124,armjanus,armart,6,west,1,5,9,1200,1215,x,wiped,26.0,11.5,4,0,0.513,0.000,2757,6403
4,0,119,armrock,armjanus,2,west,1,10,5,1200,1200,y,wiped,35.0,10.5,0,2,0.000,0.226,8679,4417
5,1,125,armflea,corthud,2,west,1,60,9,1260,1260,y,wiped,16.5,6.0,0,7,0.000,0.597,7075,4195
5,0,121,armart,corfav,3,east,1,9,47,1215,1222,y,wiped,18.0,6.0,0,29,0.000,0.364,5641,3550
4,1,119,armjeth,armart,1,east,0,10,9,1250,1215,y,wiped,70.5,18.0,0,4,0.000,0.328,7520,4186
5,0,122,armflea,corlevlr,6,west,1,52,5,1092,1100,y,wiped,10.0,6.0,0,5,0.000,0.901,8597,740
5,1,126,armflea,corraid,2,west,1,56,5,1176,1175,y,wiped,15.5,6.0,0,5,0.000,0.480,6105,5343
4,0,120,corak,corstorm,5,east,0,28,11,1204,1210,y,wiped,37.0,7.5,0,4,0.000,0.269,9944,6256
4,1,120,corstorm,corlevlr,0,west,0,10,5,1100,1100,y,wiped,19.0,11.0,0,4,0.000,0.684,8160,2443
5,0,123,corthud,armart,4,west,0,9,9,1260,1215,x,wiped,25.0,9.5,8,0,0.713,0.000,3113,6099
5,1,127,corak,corstorm,6,west,1,28,11,1204,1210,y,wiped,30.5,8.0,0,4,0.000,0.290,9675,6069
4,1,121,armham,corwolv,5,east,0,9,7,1170,1190,x,wiped,21.5,11.0,8,0,0.388,0.000,6000,5848
4,0,121,armflash,corraid,4,west,0,11,5,1210,1175,y,wiped,31.0,7.0,0,2,0.000,0.112,8924,9174
5,0,124,armflash,corwolv,4,west,0,11,7,1210,1190,x,wiped,19.5,8.5,11,0,0.620,0.000,3224,5331
5,1,128,armflash,armfav,7,east,1,11,39,1210,1209,x,wiped,13.0,4.5,9,0,0.381,0.000,5154,4469
4,0,122,armflash,armfav,6,west,1,11,39,1210,1209,x,wiped,11.5,5.0,10,0,0.541,0.000,3830,4445
5,1,129,armflea,corak,1,east,0,57,28,1197,1204,y,wiped,16.0,4.5,0,13,0.000,0.234,3923,6284
4,1,122,armflash,corraid,2,west,1,11,5,1210,1175,y,wiped,31.0,6.5,0,3,0.000,0.199,8922,8255
5,0,125,armrock,corthud,0,west,0,7,6,840,840,y,wiped,28.0,10.5,0,3,0.000,0.422,5741,4302
4,0,123,armpw,armfav,5,east,0,22,38,1188,1178,x,wiped,10.5,5.0,20,0,0.549,0.000,3819,4269
5,1,130,corstorm,armfav,7,east,1,11,39,1210,1209,x,wiped,15.5,5.5,11,0,0.611,0.000,3310,7329
4,1,123,corstorm,corwolv,5,east,0,11,7,1210,1190,x,wiped,25.5,10.5,11,0,0.575,0.000,3654,5715
5,0,126,armfav,armfav,0,west,0,39,39,1209,1209,x,wiped,24.5,4.0,7,0,0.058,0.000,4126,4396
4,1,124,armfav,corllt,5,east,0,38,13,1178,1170,y,wiped,14.0,6.0,0,11,0.000,0.652,5678,3185
4,0,124,corcrash,corwolv,2,west,1,11,8,1375,1360,y,wiped,49.0,21.0,0,3,0.000,0.320,8296,4959
5,1,131,armstump,cormist,1,east,0,5,7,1125,1085,x,wiped,32.0,7.5,4,0,0.619,0.000,3531,6427
5,0,127,corgator,cormist,2,west,1,9,7,1080,1085,x,wiped,21.0,7.0,9,0,0.684,0.000,2386,6190
4,0,125,armflea,armllt,2,west,1,57,14,1197,1190,y,wiped,15.5,6.5,0,12,0.000,0.646,5129,3192
4,1,125,armwar,armjanus,2,west,1,5,6,1350,1440,y,wiped,26.5,9.5,0,2,0.000,0.301,8578,4521
4,0,126,armstump,corlevlr,1,east,0,5,5,1125,1100,y,wiped,16.5,9.5,0,4,0.000,0.787,9440,1604
5,0,128,corstorm,armllt,5,east,0,10,13,1100,1105,x,wiped,46.5,15.0,4,0,0.331,0.000,5101,9429
4,1,126,armpw,armstump,6,west,1,21,5,1134,1125,y,wiped,25.5,7.5,0,3,0.000,0.307,9268,6479
4,0,127,armflea,corwolv,7,east,1,57,7,1197,1190,x,wiped,18.5,7.0,31,0,0.366,0.000,2400,5288
5,1,132,armart,armllt,2,west,1,10,16,1350,1360,y,wiped,76.5,15.0,0,5,0.000,0.162,6366,9394
5,0,129,armart,armfav,4,west,0,9,39,1215,1209,y,wiped,18.5,6.0,0,31,0.000,0.619,5628,1962
4,1,127,armjanus,armjanus,4,west,0,5,5,1200,1200,y,wiped,19.5,11.5,0,2,0.000,0.217,6088,4414
5,1,133,armpw,armflea,1,east,0,22,57,1188,1197,x,wiped,12.5,5.0,11,0,0.251,0.000,6376,3843
4,0,128,armflash,armstump,2,west,1,10,5,1100,1125,y,wiped,26.0,7.0,0,3,0.000,0.083,8017,8566
5,0,130,cormist,corfav,2,west,1,8,48,1240,1248,x,wiped,22.5,5.5,5,0,0.332,0.000,4785,5450
4,1,128,corak,corgator,1,east,0,28,10,1204,1200,y,wiped,20.5,6.5,0,7,0.000,0.280,8410,6157
5,0,131,armpw,armllt,0,west,0,22,14,1188,1190,y,wiped,22.0,9.0,0,8,0.000,0.274,9386,6552
5,1,134,corgator,corraid,4,west,0,10,5,1200,1175,y,wiped,42.0,7.5,0,1,0.000,0.030,9088,10142
4,1,129,armwar,corstorm,4,west,0,4,10,1080,1100,x,wiped,28.5,9.0,3,0,0.296,0.000,4722,7745
4,0,129,armham,armham,6,west,1,9,9,1170,1170,y,wiped,59.5,10.5,0,1,0.000,0.000,9897,9788
5,0,132,corak,armjanus,1,east,0,28,5,1204,1200,y,wiped,24.0,8.5,0,4,0.000,0.602,11519,2165
4,0,130,armwar,armwar,6,west,1,4,4,1080,1080,y,wiped,25.5,9.5,0,3,0.000,0.208,6643,5210
4,1,130,armfav,cormist,1,east,0,40,8,1240,1240,x,wiped,47.0,5.0,4,0,0.034,0.000,5142,7181
5,1,135,cormist,armllt,6,west,1,6,11,930,935,x,wiped,53.5,13.5,6,0,0.840,0.000,851,7316
5,0,133,armjanus,corlevlr,2,west,1,5,5,1200,1100,y,wiped,18.5,11.5,0,3,0.000,0.239,5652,5689
4,0,131,corraid,cormist,1,east,0,6,9,1410,1395,x,wiped,33.5,7.5,6,0,0.641,0.000,4405,8381
4,1,131,armart,cormist,6,west,1,8,7,1080,1085,y,wiped,48.0,8.5,0,4,0.000,0.208,5397,5213
5,0,134,armham,corthud,5,east,0,11,10,1430,1400,x,wiped,44.5,9.5,3,0,0.129,0.000,10321,12051
5,1,136,armstump,armstump,1,east,0,5,5,1125,1125,x,wiped,46.5,8.5,1,0,0.044,0.000,9342,9535
4,0,132,armham,corgator,5,east,0,11,12,1430,1440,x,wiped,29.0,8.5,5,0,0.408,0.000,6794,10621
5,0,135,armwar,corlevlr,1,east,0,4,5,1080,1100,y,wiped,17.0,10.5,0,4,0.000,0.639,6677,2652
5,1,137,armjeth,corgator,7,east,1,10,10,1250,1200,y,wiped,20.5,7.0,0,10,0.000,0.899,6462,861
4,0,133,corak,corgator,5,east,0,28,10,1204,1200,y,wiped,29.5,7.0,0,3,0.000,0.134,8454,7442
4,1,132,armjeth,armllt,3,east,1,10,15,1250,1275,y,wiped,51.5,13.0,0,15,0.000,0.988,6423,109
5,0,136,armart,corfav,4,west,0,9,47,1215,1222,y,wiped,18.0,6.0,0,29,0.000,0.502,5621,2655
5,1,138,armham,armham,2,west,1,9,9,1170,1170,x,wiped,41.0,10.5,2,0,0.121,0.000,8476,9795
4,0,134,armrock,armflash,6,west,1,10,11,1200,1210,y,wiped,23.0,7.5,0,7,0.000,0.384,7487,5648
4,1,133,armrock,armart,3,east,1,9,8,1080,1080,x,wiped,26.0,10.0,9,0,0.368,0.000,4323,5678
5,0,137,corlevlr,cormist,2,west,1,5,7,1100,1085,x,wiped,22.5,9.5,4,0,0.734,0.000,1893,6723
4,0,135,corak,corlevlr,0,west,0,31,6,1333,1320,y,wiped,11.5,8.0,0,6,0.000,0.995,11209,43
5,1,139,armham,armjanus,3,east,1,11,6,1430,1440,y,wiped,34.0,10.5,0,1,0.000,0.118,13519,6049
5,0,138,armrock,armham,4,west,0,12,11,1440,1430,y,wiped,27.5,10.0,0,7,0.000,0.539,9683,5603
4,1,134,corraid,corwolv,3,east,1,5,7,1175,1190,x,wiped,29.5,10.0,4,0,0.364,0.000,6679,5648
4,0,136,corak,armllt,1,east,0,28,14,1204,1190,y,wiped,26.5,9.5,0,7,0.000,0.234,9105,6887
5,1,140,armwar,armart,2,west,1,4,8,1080,1080,x,wiped,22.0,9.5,4,0,0.689,0.000,2084,5043
5,0,139,armwar,corak,7,east,1,4,25,1080,1075,x,wiped,21.0,7.0,4,0,0.558,0.000,2911,7357
5,0,140,corthud,corwolv,0,west,0,10,8,1400,1360,x,wiped,23.0,10.5,10,0,0.562,0.000,5058,6686
5,1,141,armart,corwolv,2,west,1,10,8,1350,1360,y,wiped,35.5,14.5,0,6,0.000,0.303,7462,4563
4,0,137,corcrash,armflash,1,east,0,7,8,875,880,y,wiped,18.5,7.5,0,8,0.000,0.964,4528,221
4,1,135,corraid,cormist,7,east,1,6,9,1410,1395,x,wiped,37.0,7.5,5,0,0.676,0.000,4028,8340
5,0,141,armflea,corcrash,3,east,1,59,10,1239,1250,x,wiped,27.0,6.0,41,0,0.557,0.000,1717,6445
5,1,142,armpw,armfav,0,west,0,22,38,1188,1178,x,wiped,24.5,5.5,16,0,0.539,0.000,3919,4293
4,1,136,corcrash,corfav,0,west,0,10,48,1250,1248,y,wiped,28.5,5.5,0,44,0.000,0.763,6446,1077
4,0,138,armstump,corraid,3,east,1,5,5,1125,1175,y,wiped,43.0,9.0,0,2,0.000,0.149,9615,9049
5,0,142,armpw,corraid,0,west,0,26,6,1404,1410,y,wiped,22.0,7.5,0,6,0.000,0.602,10930,4947
4,1,137,corthud,corlevlr,4,west,0,8,5,1120,1100,y,wiped,23.5,11.0,0,4,0.000,0.542,9900,3464
5,1,143,armham,armllt,3,east,1,9,14,1170,1190,x,wiped,37.5,15.5,6,0,0.578,0.000,3854,9892
4,0,139,armart,corlevlr,0,west,0,8,5,1080,1100,y,wiped,19.0,11.5,0,5,0.000,0.896,5751,784
5,0,143,armham,armham,7,east,1,9,9,1170,1170,x,wiped,39.0,10.5,4,0,0.140,0.000,8227,9831
4,1,138,armham,armflea,2,west,1,9,56,1170,1176,x,wiped,19.0,6.0,5,0,0.406,0.000,5572,6667
4,0,140,armflash,corgator,1,east,0,11,10,1210,1200,y,wiped,19.5,6.5,0,7,0.000,0.414,8436,5013
5,1,144,corak,armart,6,west,1,28,9,1204,1215,x,wiped,29.0,8.0,19,0,0.430,0.000,5138,5695
5,0,144,armfav,armllt,4,west,0,41,15,1271,1275,y,wiped,13.0,5.5,0,13,0.000,0.672,6367,3261
4,0,141,corraid,corlevlr,2,west,1,5,5,1175,1100,y,wiped,17.0,10.0,0,4,0.000,0.720,10450,2163
5,1,145,armflea,corfav,0,west,0,57,46,1197,1196,x,wiped,12.0,4.5,14,0,0.181,0.000,3098,4542
4,1,139,armjanus,armllt,4,west,0,5,14,1200,1190,x,wiped,37.0,16.0,2,0,0.258,0.000,3877,11342
5,0,145,corwolv,corwolv,2,west,1,7,7,1190,1190,x,wiped,36.5,15.5,2,0,0.071,0.000,5523,6259
4,0,142,armjeth,corfav,3,east,1,10,48,1250,1248,y,wiped,29.5,5.5,0,46,0.000,0.809,6347,875
5,1,146,corthud,corllt,1,east,0,9,14,1260,1260,x,wiped,37.0,16.0,6,0,0.620,0.000,3818,10048
4,1,140,armflash,armflash,4,west,0,11,11,1210,1210,y,wiped,27.5,6.5,0,4,0.000,0.142,8377,7196
5,0,146,corgator,corlevlr,2,west,1,11,6,1320,1320,y,wiped,14.5,9.0,0,6,0.000,0.880,10461,1038
5,1,147,armflea,corstorm,4,west,0,58,11,1218,1210,y,wiped,18.5,6.0,0,7,0.000,0.492,7788,4264
4,0,143,armfav,armfav,4,west,0,39,39,1209,1209,y,wiped,25.5,4.0,0,7,0.000,0.087,4394,4026
5,0,147,corthud,corlevlr,1,east,0,8,5,1120,1100,y,wiped,21.0,11.5,0,5,0.000,0.501,9701,3613
5,1,148,armpw,armrock,1,east,0,20,9,1080,1080,x,wiped,23.5,7.5,6,0,0.163,0.000,7568,6780
4,0,144,armflea,corraid,6,west,1,56,5,1176,1175,y,wiped,14.0,5.5,0,5,0.000,0.581,5899,4358
4,1,141,armflea,cormist,4,west,0,59,8,1239,1240,y,wiped,47.0,5.0,0,2,0.000,0.198,5075,5757
5,0,148,corak,corak,5,east,0,28,28,1204,1204,y,wiped,24.5,6.0,0,7,0.000,0.130,8296,7198
5,1,149,corraid,corwolv,2,west,1,5,7,1175,1190,x,wiped,27.5,10.0,5,0,0.472,0.000,5469,5454
4,0,145,armrock,corwolv,4,west,0,10,7,1200,1190,x,wiped,26.0,10.5,5,0,0.148,0.000,6717,5883
5,0,149,corstorm,corstorm,3,east,1,11,11,1210,1210,x,wiped,40.0,10.0,5,0,0.400,0.000,5359,8787
4,1,142,armrock,armllt,3,east,1,10,14,1200,1190,x,wiped,41.5,14.5,5,0,0.395,0.000,4427,9998
5,0,150,corraid,corfav,2,west,1,5,45,1175,1170,x,wiped,19.0,5.5,5,0,0.492,0.000,5231,5562
4,0,146,corthud,cormist,4,west,0,10,9,1400,1395,x,wiped,30.0,8.5,9,0,0.664,0.000,3814,8474
4,1,143,corcrash,corlevlr,6,west,1,7,4,875,880,y,wiped,14.0,10.0,0,4,0.000,1.000,5066,0
5,1,150,armjeth,armart,3,east,1,10,9,1250,1215,y,wiped,64.0,18.0,0,4,0.000,0.219,7136,5040
4,1,144,armpw,corllt,3,east,1,20,12,1080,1080,x,wiped,35.5,8.5,2,0,0.028,0.000,8195,8170
4,0,147,armjeth,corllt,7,east,1,10,14,1250,1260,y,wiped,67.5,14.0,0,14,0.000,0.997,6408,26
4,1,145,corstorm,corfav,1,east,0,11,47,1210,1222,x,wiped,16.5,6.5,11,0,0.514,0.000,4077,8012
4,0,148,corthud,corlevlr,5,east,0,8,5,1120,1100,y,wiped,22.5,11.5,0,4,0.000,0.527,9815,3475
4,0,149,armwar,corraid,4,west,0,5,6,1350,1410,y,wiped,39.5,8.0,0,2,0.000,0.043,8502,11953
4,1,146,armart,corllt,6,west,1,8,12,1080,1080,y,wiped,89.0,15.0,0,4,0.000,0.072,5166,8565
4,0,150,armflea,armllt,7,east,1,57,14,1197,1190,y,wiped,14.0,6.0,0,11,0.000,0.528,6334,4163
4,0,151,armpw,armfav,4,west,0,22,38,1188,1178,x,wiped,11.5,5.0,18,0,0.550,0.000,3811,4259
4,0,152,corstorm,corfav,3,east,1,11,47,1210,1222,x,wiped,19.0,7.0,9,0,0.378,0.000,5288,8427
4,1,147,cormist,corllt,6,west,1,7,12,1085,1080,x,wiped,63.0,14.0,3,0,0.429,0.000,3578,8396
4,0,153,corstorm,armllt,3,east,1,10,13,1100,1105,x,wiped,39.5,15.0,6,0,0.490,0.000,3865,9350
6,1,1,armflea,corgator,3,east,1,57,10,1197,1200,y,wiped,14.5,5.5,0,7,0.000,0.457,4117,4646
6,0,1,armwar,cormist,3,east,1,4,7,1080,1085,x,wiped,25.0,8.0,4,0,0.591,0.000,2650,6192
6,1,2,armwar,armflea,7,east,1,4,51,1080,1071,x,wiped,11.5,2.5,4,0,0.810,0.000,1265,3459
6,1,3,armrock,armwar,0,west,0,9,4,1080,1080,y,wiped,25.5,9.0,0,4,0.000,0.401,6737,3917
6,0,2,cormist,cormist,1,east,0,8,8,1240,1240,y,wiped,58.5,8.5,0,2,0.000,0.056,7442,6992
6,1,4,armart,corlevlr,6,west,1,8,5,1080,1100,y,wiped,15.0,11.0,0,5,0.000,1.000,5596,0
6,0,3,corstorm,armart,7,east,1,11,9,1210,1215,x,wiped,29.5,9.5,9,0,0.514,0.000,4369,5999
6,1,5,armrock,corraid,7,east,1,10,5,1200,1175,y,wiped,40.5,10.5,0,4,0.000,0.302,7788,7307
6,0,4,corstorm,corlevlr,5,east,0,10,5,1100,1100,y,wiped,21.5,12.0,0,5,0.000,0.593,8591,2966
6,1,6,armrock,cormist,2,west,1,9,7,1080,1085,x,wiped,31.0,8.5,8,0,0.460,0.000,3681,6605
6,0,5,armrock,corwolv,6,west,1,10,7,1200,1190,x,wiped,29.5,11.0,4,0,0.225,0.000,6365,5670
6,1,7,armflea,corwolv,3,east,1,57,7,1197,1190,x,wiped,18.0,7.0,34,0,0.346,0.000,2698,5292
6,0,6,armham,corraid,2,west,1,9,5,1170,1175,x,wiped,35.5,10.0,3,0,0.284,0.000,6896,10455
6,1,8,armstump,corgator,3,east,1,6,11,1350,1320,x,wiped,25.0,7.5,5,0,0.277,0.000,8066,9779
6,0,7,armjeth,armflash,3,east,1,7,8,875,880,y,wiped,21.0,7.0,0,8,0.000,0.972,4447,174
6,1,9,armjeth,armstump,0,west,0,9,5,1125,1125,y,wiped,28.0,9.5,0,5,0.000,0.845,6181,1451
6,0,8,armham,armflea,3,east,1,9,56,1170,1176,x,wiped,18.0,-0.5,7,0,0.549,0.000,4234,6802
6,1,10,armpw,corcrash,7,east,1,23,10,1242,1250,x,wiped,17.0,8.0,23,0,0.781,0.000,1920,6440
6,0,9,armjanus,corfav,6,west,1,5,46,1200,1196,x,wiped,16.0,6.5,5,0,0.602,0.000,2187,11085
6,1,11,armjeth,corthud,1,east,0,10,9,1250,1260,y,wiped,23.5,9.5,0,9,0.000,0.886,6956,1182
6,0,10,corak,armfav,7,east,1,28,39,1204,1209,x,wiped,10.5,5.0,25,0,0.596,0.000,3331,4432
6,1,12,armflash,corwolv,2,west,1,11,7,1210,1190,x,wiped,16.0,8.0,11,0,0.808,0.000,1612,5308
6,0,11,corak,corwolv,1,east,0,28,7,1204,1190,x,wiped,22.5,8.0,8,0,0.082,0.000,8623,5347
6,0,12,armham,corak,6,west,1,9,27,1170,1161,x,wiped,21.5,7.5,8,0,0.481,0.000,4886,8968
7,0,1,armrock,armfav,1,east,0,10,39,1200,1209,x,wiped,17.5,6.0,6,0,0.367,0.000,4793,7335
6,1,13,corwolv,corllt,4,west,0,8,15,1360,1350,y,wiped,73.5,16.5,0,1,0.000,0.007,6170,11340
6,0,13,corthud,armflash,5,east,0,8,10,1120,1100,y,wiped,29.0,7.0,0,3,0.000,0.143,9195,6793
7,1,1,armflea,cormist,6,west,1,59,8,1239,1240,y,wiped,45.0,6.0,0,2,0.000,0.148,5164,6098
6,1,14,armfav,corlevlr,4,west,0,43,6,1333,1320,y,wiped,10.0,6.5,0,6,0.000,0.836,7827,1428
7,0,2,corak,corak,6,west,1,28,28,1204,1204,y,wiped,30.5,-0.5,0,5,0.000,0.121,8341,7248
6,0,14,armflash,cormist,3,east,1,7,5,770,775,x,wiped,16.5,6.0,7,0,0.595,0.000,2119,4404
7,1,2,armflash,cormist,2,west,1,7,5,770,775,x,wiped,20.5,6.5,6,0,0.471,0.000,2822,4422
6,1,15,corwolv,corfav,2,west,1,7,46,1190,1196,y,wiped,14.5,6.0,0,29,0.000,0.490,5291,2918
6,0,15,armpw,armstump,1,east,0,21,5,1134,1125,y,wiped,21.5,7.5,0,4,0.000,0.283,8855,6682
7,0,3,armflea,cormist,1,east,0,59,8,1239,1240,y,wiped,37.5,5.5,0,2,0.000,0.225,4951,5526
6,1,16,armflash,corfav,3,east,1,11,47,1210,1222,x,wiped,16.5,5.0,10,0,0.435,0.000,4699,4600
7,1,3,corak,armstump,7,east,1,26,5,1118,1125,y,wiped,25.0,7.0,0,5,0.000,0.420,8478,5414
7,0,4,armflea,armflash,1,east,0,58,11,1218,1210,y,wiped,13.0,5.5,0,10,0.000,0.468,3829,4424
7,1,4,armflea,corthud,6,west,1,60,9,1260,1260,y,wiped,18.5,7.5,0,7,0.000,0.569,8040,4437
6,0,16,corfav,corfav,3,east,1,46,46,1196,1196,y,wiped,24.5,4.5,0,13,0.000,0.174,4508,3660
6,1,17,armfav,armfav,7,east,1,39,39,1209,1209,x,wiped,24.5,4.5,8,0,0.151,0.000,3741,4368
7,0,5,armjeth,cormist,6,west,1,10,8,1250,1240,y,wiped,41.0,8.0,0,8,0.000,0.857,6785,1028
7,1,5,armrock,armham,3,east,1,12,11,1440,1430,y,wiped,34.5,11.0,0,7,0.000,0.305,9917,8296
6,0,17,armwar,corcrash,0,west,0,5,11,1350,1375,x,wiped,19.5,8.5,5,0,1.000,0.000,0,7145
6,0,18,armjeth,corlevlr,1,east,0,7,4,875,880,y,wiped,13.5,10.0,0,4,0.000,1.000,5250,0
7,0,6,corstorm,corcrash,3,east,1,8,7,880,875,x,wiped,22.0,10.0,8,0,0.814,0.000,1157,5060
7,1,6,armjeth,armflea,3,east,1,10,60,1250,1260,y,wiped,30.0,6.5,0,43,0.000,0.539,6340,1811
7,0,7,armham,corfav,3,east,1,9,45,1170,1170,x,wiped,13.5,6.0,9,0,0.659,0.000,3174,6110
6,1,18,armart,corllt,5,east,0,8,12,1080,1080,y,wiped,74.0,14.5,0,6,0.000,0.174,5137,7078
6,0,19,corcrash,corraid,7,east,1,11,6,1375,1410,y,wiped,26.5,8.5,0,6,0.000,0.891,7712,1369
7,1,7,armham,armwar,6,west,1,10,5,1300,1350,y,wiped,29.0,10.0,0,4,0.000,0.184,10514,6713
7,0,8,armwar,corak,6,west,1,4,25,1080,1075,x,wiped,21.5,7.5,4,0,0.414,0.000,3870,7428
6,1,19,armham,armfav,2,west,1,9,38,1170,1178,x,wiped,13.0,5.5,9,0,0.706,0.000,2753,6190
6,0,20,armwar,corwolv,5,east,0,5,8,1350,1360,x,wiped,20.0,9.0,5,0,0.604,0.000,3271,6118
7,0,9,armflash,armart,1,east,0,11,9,1210,1215,x,wiped,20.0,8.5,11,0,0.737,0.000,2254,5637
7,1,8,corcrash,armstump,7,east,1,9,5,1125,1125,y,wiped,31.0,9.0,0,5,0.000,0.824,6551,1645
6,1,20,armart,corgator,6,west,1,8,9,1080,1080,y,wiped,17.5,8.0,0,9,0.000,0.575,5050,3344
6,0,21,corcrash,corlevlr,1,east,0,7,4,875,880,y,wiped,13.5,10.0,0,4,0.000,1.000,4986,0
7,0,10,armrock,armrock,3,east,1,10,10,1200,1200,y,wiped,46.0,10.5,0,3,0.000,0.117,7872,6949
7,1,9,armjeth,corllt,0,west,0,10,14,1250,1260,y,wiped,60.0,13.5,0,14,0.000,1.000,6393,0
6,0,22,armflea,corak,5,east,0,57,28,1197,1204,y,wiped,13.5,4.5,0,17,0.000,0.312,3889,5660
7,0,11,corak,armjanus,4,west,0,28,5,1204,1200,y,wiped,23.5,8.0,0,4,0.000,0.458,11142,2952
6,1,21,armart,cormist,4,west,0,8,7,1080,1085,y,wiped,50.0,8.0,0,2,0.000,0.125,5388,5736
7,1,10,armham,corgator,0,west,0,11,12,1430,1440,y,wiped,40.0,8.5,0,3,0.000,0.055,11656,10043
6,0,23,armjanus,corlevlr,0,west,0,5,5,1200,1100,y,wiped,16.0,10.5,0,3,0.000,0.154,5765,6243
7,0,12,corstorm,corstorm,2,west,1,11,11,1210,1210,y,wiped,58.5,11.0,0,1,0.000,0.055,8858,8555
6,0,24,armflea,corak,3,east,1,57,28,1197,1204,y,wiped,14.5,4.5,0,12,0.000,0.271,3881,5979
7,1,11,armrock,corllt,5,east,0,9,12,1080,1080,x,wiped,56.5,14.5,2,0,0.206,0.000,5312,8810
7,0,13,armham,armstump,5,east,0,7,4,910,900,x,wiped,31.0,9.0,4,0,0.391,0.000,4563,7530
6,1,22,armjeth,corwolv,1,east,0,11,8,1375,1360,y,wiped,50.5,20.5,0,5,0.000,0.315,8298,4763
6,0,25,armflea,corthud,1,east,0,60,9,1260,1260,y,wiped,16.5,5.5,0,7,0.000,0.613,6921,4028
7,1,12,armflea,cormist,5,east,0,59,8,1239,1240,y,wiped,32.0,5.0,0,3,0.000,0.275,5330,5152
7,0,14,corak,armart,5,east,0,28,9,1204,1215,x,wiped,23.5,8.5,21,0,0.415,0.000,5192,5685
6,0,26,corfav,corllt,1,east,0,45,13,1170,1170,y,wiped,15.5,6.0,0,11,0.000,0.624,6156,3426
6,1,23,armpw,cormist,1,east,0,23,8,1242,1240,x,wiped,28.5,6.0,11,0,0.198,0.000,7235,7103
7,1,13,armstump,corraid,6,west,1,5,5,1125,1175,y,wiped,32.5,8.5,0,3,0.000,0.262,9483,7714
7,0,15,armjanus,corllt,2,west,1,6,16,1440,1440,x,wiped,27.5,15.0,4,0,0.479,0.000,3250,12649
6,0,27,armwar,armjeth,2,west,1,5,11,1350,1375,x,wiped,21.0,8.5,5,0,1.000,0.000,0,7079
7,1,14,armrock,armflash,4,west,0,10,11,1200,1210,y,wiped,21.0,7.0,0,8,0.000,0.380,7436,5210
7,0,16,armpw,armstump,7,east,1,21,5,1134,1125,y,wiped,23.5,7.0,0,4,0.000,0.234,9394,7146
6,1,24,armstump,corraid,1,east,0,5,5,1125,1175,y,wiped,37.5,8.5,0,2,0.000,0.175,9608,8810
6,0,28,armflea,corthud,0,west,0,60,9,1260,1260,y,wiped,15.5,5.5,0,7,0.000,0.621,7314,3951
7,1,15,corlevlr,corlevlr,5,east,0,5,5,1100,1100,y,wiped,22.5,12.0,0,1,0.000,0.010,7679,7597
7,0,17,corgator,corllt,2,west,1,9,12,1080,1080,x,wiped,29.0,10.0,4,0,0.384,0.000,4641,8261
7,1,16,corgator,corfav,1,east,0,10,46,1200,1196,x,wiped,13.0,5.5,10,0,0.564,0.000,3711,4866
6,1,25,armrock,corwolv,7,east,1,10,7,1200,1190,x,wiped,25.5,10.5,2,0,0.082,0.000,7821,5631
6,0,29,armfav,corfav,1,east,0,38,45,1178,1170,y,wiped,25.5,4.0,0,5,0.000,0.077,4312,4067
7,0,18,armrock,armfav,7,east,1,10,39,1200,1209,x,wiped,17.0,5.5,8,0,0.303,0.000,5256,7625
7,1,17,armpw,corak,6,west,1,23,29,1242,1247,x,wiped,23.0,5.5,7,0,0.173,0.000,7383,8504
6,0,30,corak,corcrash,7,east,1,29,10,1247,1250,x,wiped,14.5,7.0,29,0,0.899,0.000,848,6495
6,1,26,corak,armstump,3,east,1,26,5,1118,1125,y,wiped,24.0,6.5,0,5,0.000,0.362,8651,5969
7,0,19,armflash,armstump,3,east,1,10,5,1100,1125,x,wiped,23.0,6.5,2,0,0.111,0.000,7168,9331
7,0,20,armwar,corfav,3,east,1,5,52,1350,1352,x,wiped,12.5,5.0,5,0,0.604,0.000,3276,5324
7,1,18,corstorm,armstump,5,east,0,10,5,1100,1125,y,wiped,42.0,8.5,0,3,0.000,0.169,8275,7828
6,0,31,armrock,corgator,2,west,1,10,10,1200,1200,y,wiped,24.0,8.0,0,8,0.000,0.317,7537,5999
6,1,27,armpw,armwar,2,west,1,20,4,1080,1080,y,wiped,21.5,6.5,0,4,0.000,0.377,7844,4114
7,0,21,armflash,armjanus,5,east,0,11,5,1210,1200,y,wiped,16.0,8.0,0,4,0.000,0.454,9976,2975
7,1,19,armflea,armllt,1,east,0,57,14,1197,1190,y,wiped,15.5,6.0,0,12,0.000,0.645,5078,3198
6,1,28,armham,corfav,5,east,0,9,45,1170,1170,x,wiped,14.0,5.5,8,0,0.607,0.000,3678,5710
6,0,32,corthud,corwolv,4,west,0,10,8,1400,1360,x,wiped,22.5,10.5,10,0,0.395,0.000,7016,6673
6,1,29,armjeth,corak,0,west,0,10,29,1250,1247,y,wiped,16.0,7.0,0,29,0.000,0.912,6391,738
7,0,22,armwar,corraid,5,east,0,5,6,1350,1410,x,wiped,34.0,7.5,1,0,0.083,0.000,7864,12486
7,1,20,corthud,armllt,2,west,1,9,15,1260,1275,x,wiped,37.5,16.0,6,0,0.643,0.000,3605,10290
6,0,33,armwar,corcrash,7,east,1,5,11,1350,1375,x,wiped,21.0,8.5,5,0,0.993,0.000,55,7160
7,1,21,corak,armfav,0,west,0,28,39,1204,1209,x,wiped,13.0,4.5,23,0,0.516,0.000,3980,4453
6,0,34,armrock,armflea,3,east,1,10,57,1200,1197,y,wiped,21.5,6.0,0,15,0.000,0.176,7472,5601
7,0,23,corwolv,armllt,6,west,1,7,14,1190,1190,x,wiped,59.0,16.0,3,0,0.296,0.000,3811,10295
6,1,30,corcrash,armart,1,east,0,10,9,1250,1215,y,wiped,55.5,18.0,0,5,0.000,0.344,7067,4146
6,0,35,armjanus,armfav,1,east,0,5,39,1200,1209,x,wiped,13.0,5.5,5,0,0.564,0.000,2385,10946
7,1,22,armjeth,corstorm,5,east,0,7,8,875,880,y,wiped,26.0,9.0,0,8,0.000,0.852,4987,929
6,0,36,corstorm,corfav,0,west,0,11,47,1210,1222,x,wiped,15.5,5.0,11,0,0.522,0.000,4017,7919
6,1,31,corcrash,armfav,3,east,1,10,40,1250,1240,y,wiped,31.5,5.5,0,38,0.000,0.750,6441,1112
7,0,24,armstump,armstump,0,west,0,5,5,1125,1125,y,wiped,37.0,8.0,0,3,0.000,0.109,9559,8341
7,1,23,armpw,corwolv,3,east,1,22,7,1188,1190,x,wiped,28.5,8.5,14,0,0.323,0.000,6622,5361
6,0,37,armwar,armflea,6,west,1,4,51,1080,1071,x,wiped,12.0,5.5,4,0,0.810,0.000,1269,3507
6,1,32,corstorm,corlevlr,4,west,0,10,5,1100,1100,y,wiped,19.0,10.5,0,5,0.000,0.675,8207,2385
6,0,38,armfav,corwolv,4,west,0,44,8,1364,1360,x,wiped,20.5,5.5,10,0,0.176,0.000,6518,6226
7,1,24,armham,corgator,6,west,1,11,12,1430,1440,x,wiped,28.5,8.0,5,0,0.233,0.000,8878,10746
7,0,25,cormist,corfav,3,east,1,8,48,1240,1248,x,wiped,37.0,5.0,3,0,0.185,0.000,5826,6087
6,1,33,armflash,corgator,2,west,1,11,10,1210,1200,y,wiped,20.5,6.0,0,6,0.000,0.282,8472,6124
6,0,39,armflash,armjanus,1,east,0,11,5,1210,1200,y,wiped,22.5,8.0,0,4,0.000,0.399,10147,3271
7,0,26,armrock,corthud,1,east,0,7,6,840,840,y,wiped,27.0,9.5,0,5,0.000,0.502,5548,3402
6,1,34,armwar,armflash,2,west,1,4,10,1080,1100,x,wiped,19.0,6.5,3,0,0.211,0.000,5202,7677
7,1,25,cormist,corllt,4,west,0,7,12,1085,1080,x,wiped,48.0,13.0,7,0,1.000,0.000,0,8006
6,0,40,armwar,armstump,7,east,1,5,6,1350,1350,x,wiped,26.5,7.5,4,0,0.329,0.000,5532,11182
6,1,35,corgator,armllt,0,west,0,10,14,1200,1190,x,wiped,26.0,10.0,6,0,0.502,0.000,4164,9144
7,0,27,armflea,armflea,4,west,0,57,57,1197,1197,x,wiped,25.5,5.0,6,0,0.037,0.000,3658,3835
7,1,26,corlevlr,corfav,4,west,0,5,42,1100,1092,x,wiped,9.5,5.5,5,0,0.893,0.000,789,8000
6,0,41,armpw,corgator,4,west,0,20,9,1080,1080,y,wiped,27.0,7.0,0,4,0.000,0.233,7929,5903
7,0,28,corfav,armllt,2,west,1,46,14,1196,1190,y,wiped,14.0,6.0,0,12,0.000,0.634,6107,3300
6,1,36,armjeth,armstump,2,west,1,9,5,1125,1125,y,wiped,28.5,8.5,0,5,0.000,0.857,6023,1334
7,1,27,armham,corlevlr,2,west,1,10,6,1300,1320,y,wiped,17.5,11.0,0,6,0.000,0.712,10927,2546
6,1,37,armfav,corwolv,7,east,1,44,8,1364,1360,x,wiped,21.5,5.5,15,0,0.236,0.000,6577,6051
7,0,29,corraid,corwolv,1,east,0,5,7,1175,1190,x,wiped,27.0,9.5,5,0,0.418,0.000,6086,5550
6,0,42,cormist,cormist,2,west,1,8,8,1240,1240,y,wiped,51.5,8.5,0,5,0.000,0.110,7455,6476
7,1,28,armrock,armjeth,5,east,0,10,10,1200,1250,x,wiped,27.5,9.0,10,0,0.688,0.000,2379,7191
6,1,38,corcrash,corraid,1,east,0,11,6,1375,1410,y,wiped,27.5,8.5,0,6,0.000,0.844,7730,1926
7,1,29,corfav,armllt,7,east,1,46,14,1196,1190,y,wiped,13.5,6.0,0,12,0.000,0.638,6065,3344
7,0,30,armart,armfav,5,east,0,9,39,1215,1209,y,wiped,18.0,5.5,0,28,0.000,0.579,5622,2121
6,0,43,armwar,armstump,4,west,0,5,6,1350,1350,x,wiped,26.5,8.5,4,0,0.154,0.000,6989,11171
6,1,39,armjeth,armjanus,6,west,1,10,5,1250,1200,y,wiped,17.5,10.0,0,5,0.000,0.600,6961,2152
6,0,44,armham,corcrash,1,east,0,9,9,1170,1125,x,wiped,21.5,9.5,9,0,0.919,0.000,758,6371
7,1,30,corstorm,armart,1,east,0,11,9,1210,1215,x,wiped,29.0,10.0,7,0,0.367,0.000,5577,6384
7,0,31,armham,corgator,7,east,1,11,12,1430,1440,x,wiped,32.0,8.0,4,0,0.207,0.000,9178,10679
7,1,31,corthud,armfav,5,east,0,9,41,1260,1271,x,wiped,15.5,5.5,8,0,0.445,0.000,5751,7298
6,1,40,armjeth,armstump,7,east,1,9,5,1125,1125,y,wiped,31.0,9.5,0,5,0.000,0.830,6144,1578
6,0,45,armrock,corfav,5,east,0,10,46,1200,1196,x,wiped,18.0,6.5,9,0,0.356,0.000,4811,7921
7,0,32,armjanus,corlevlr,4,west,0,5,5,1200,1100,y,wiped,18.0,10.5,0,3,0.000,0.151,5876,6605
7,1,32,corcrash,armflash,2,west,1,7,8,875,880,y,wiped,20.5,7.5,0,8,0.000,0.976,4512,146
6,0,46,armham,corfav,4,west,0,9,45,1170,1170,x,wiped,17.0,5.5,8,0,0.571,0.000,4027,5805
6,1,41,corgator,armllt,5,east,0,10,14,1200,1190,x,wiped,24.5,9.5,7,0,0.405,0.000,4943,9133
7,0,33,corraid,armllt,6,west,1,4,11,940,935,x,wiped,41.0,12.0,2,0,0.432,0.000,4604,7683
7,1,33,armpw,armart,5,east,0,20,8,1080,1080,x,wiped,19.5,8.0,20,0,0.549,0.000,3523,5022
6,1,42,armrock,corgator,7,east,1,10,10,1200,1200,y,wiped,24.0,7.5,0,7,0.000,0.362,7528,5655
6,0,47,corraid,armllt,1,east,0,4,11,940,935,x,wiped,35.5,11.5,3,0,0.558,0.000,3578,7585
7,1,34,corak,corcrash,3,east,1,29,10,1247,1250,x,wiped,16.5,7.0,29,0,0.885,0.000,962,6481
6,1,43,armwar,corwolv,0,west,0,5,8,1350,1360,x,wiped,19.5,9.5,5,0,0.640,0.000,2986,6107
7,0,34,armham,corllt,5,east,0,9,13,1170,1170,x,wiped,36.5,15.0,6,0,0.581,0.000,3830,9457
6,0,48,corak,corlevlr,7,east,1,31,6,1333,1320,y,wiped,13.0,8.0,0,6,0.000,0.964,11105,316
7,1,35,corthud,corcrash,6,west,1,9,10,1260,1250,x,wiped,24.5,9.5,9,0,0.878,0.000,1279,6873
6,0,49,armpw,cormist,7,east,1,23,8,1242,1240,x,wiped,23.5,6.0,18,0,0.293,0.000,6317,7109
7,0,35,armham,corak,1,east,0,9,27,1170,1161,x,wiped,22.5,8.5,9,0,0.411,0.000,5533,8993
6,1,44,armstump,armllt,1,east,0,6,16,1350,1360,x,wiped,36.5,11.0,4,0,0.584,0.000,4545,10971
7,1,36,corthud,armjanus,1,east,0,10,6,1400,1440,y,wiped,26.5,10.0,0,3,0.000,0.278,12545,4826
7,0,36,armflea,corraid,5,east,0,56,5,1176,1175,y,wiped,16.0,5.5,0,5,0.000,0.468,6368,5598
6,0,50,armpw,armjeth,4,west,0,23,10,1242,1250,x,wiped,17.5,7.5,23,0,0.784,0.000,1920,6365
6,1,45,corak,armjanus,0,west,0,28,5,1204,1200,y,wiped,23.5,8.0,0,4,0.000,0.426,11613,3154
7,1,37,corgator,corwolv,1,east,0,10,7,1200,1190,x,wiped,17.0,8.0,10,0,0.476,0.000,4478,5387
7,0,37,armjeth,armjanus,4,west,0,10,5,1250,1200,y,wiped,17.5,10.0,0,4,0.000,0.713,7156,1845
6,0,51,armpw,corllt,1,east,0,20,12,1080,1080,y,wiped,24.5,8.5,0,3,0.000,0.107,8320,7467
6,1,46,armrock,corraid,2,west,1,10,5,1200,1175,y,wiped,40.5,9.5,0,3,0.000,0.271,7887,7678
7,0,38,corthud,corcrash,7,east,1,9,10,1260,1250,x,wiped,22.0,9.0,9,0,0.952,0.000,504,6894
7,1,38,armrock,armflea,0,west,0,10,57,1200,1197,y,wiped,32.0,5.5,0,4,0.000,0.059,7530,8158
7,0,39,armpw,armflea,3,east,1,22,57,1188,1197,x,wiped,16.5,5.0,8,0,0.132,0.000,7370,3885
6,0,52,armjeth,corllt,3,east,1,10,14,1250,1260,y,wiped,57.0,12.5,0,14,0.000,0.931,6413,656
6,1,47,armrock,corak,5,east,0,10,28,1200,1204,x,wiped,36.0,7.5,2,0,0.007,0.000,7583,9845
7,1,39,corak,corthud,4,west,0,26,8,1118,1120,y,wiped,22.5,7.5,0,7,0.000,0.504,8738,4562
6,1,48,armwar,corfav,1,east,0,5,52,1350,1352,x,wiped,13.5,5.0,5,0,0.549,0.000,3723,5282
7,1,40,armfav,armllt,6,west,1,41,15,1271,1275,y,wiped,12.5,5.5,0,13,0.000,0.656,6225,3344
7,0,40,armflea,armjanus,6,west,1,57,5,1197,1200,y,wiped,21.5,6.5,0,1,0.000,0.054,12135,5188
6,0,53,cormist,corllt,7,east,1,7,12,1085,1080,x,wiped,47.5,13.5,7,0,1.000,0.000,0,8086
6,1,49,armflea,corwolv,1,east,0,57,7,1197,1190,x,wiped,17.5,6.5,17,0,0.204,0.000,4559,5275
7,0,41,armham,armflash,2,west,1,11,13,1430,1430,x,wiped,28.0,7.5,4,0,0.283,0.000,8233,10746
6,0,54,armwar,armllt,1,east,0,5,16,1350,1360,x,wiped,30.0,15.5,5,0,0.579,0.000,3369,10470
7,1,41,armrock,corstorm,1,east,0,10,11,1200,1210,y,wiped,38.0,9.5,0,6,0.000,0.345,8155,5662
6,0,55,armart,armfav,3,east,1,9,39,1215,1209,y,wiped,15.0,5.5,0,28,0.000,0.602,5641,1899
6,1,50,corstorm,corllt,7,east,1,9,11,990,990,x,wiped,56.5,15.0,3,0,0.253,0.000,5109,8159
7,1,42,corraid,armllt,2,west,1,4,11,940,935,x,wiped,32.5,13.5,4,0,1.000,0.000,0,7491
7,0,42,armjeth,armllt,2,west,1,10,15,1250,1275,y,wiped,51.5,13.0,0,14,0.000,0.845,6539,1509
6,1,51,corthud,armfav,3,east,1,9,41,1260,1271,x,wiped,14.5,5.0,9,0,0.612,0.000,3975,7420
7,1,43,corak,corwolv,2,west,1,28,7,1204,1190,x,wiped,20.0,8.0,13,0,0.316,0.000,7239,5342
6,0,56,armrock,corstorm,4,west,0,10,11,1200,1210,y,wiped,42.5,10.0,0,3,0.000,0.273,8113,6532
7,0,43,armpw,corstorm,5,east,0,22,11,1188,1210,y,wiped,29.5,7.5,0,4,0.000,0.242,10491,6488
6,1,52,armjeth,corraid,2,west,1,11,6,1375,1410,y,wiped,26.0,8.5,0,6,0.000,0.815,7884,2306
6,0,57,armjanus,armjanus,7,east,1,5,5,1200,1200,y,wiped,19.0,11.0,0,1,0.000,0.051,5886,5669
7,1,44,corstorm,armflash,1,east,0,11,11,1210,1210,y,wiped,28.5,7.0,0,5,0.000,0.209,8500,6996
7,0,44,corstorm,armflash,2,west,1,11,11,1210,1210,y,wiped,29.0,7.5,0,6,0.000,0.256,8409,6758
6,1,53,corak,armflash,0,west,0,28,11,1204,1210,y,wiped,32.0,5.5,0,2,0.000,0.096,8275,7655
6,0,58,armrock,corgator,6,west,1,10,10,1200,1200,y,wiped,24.0,8.0,0,8,0.000,0.307,7519,6031
7,1,45,armpw,armllt,3,east,1,22,14,1188,1190,y,wiped,25.0,8.5,0,8,0.000,0.245,9060,6761
7,0,45,armwar,armart,0,west,0,4,8,1080,1080,x,wiped,20.5,9.0,4,0,0.610,0.000,2614,5060
6,1,54,armwar,corthud,4,west,0,4,8,1080,1120,y,wiped,28.5,9.0,0,4,0.000,0.304,6769,6368
7,0,46,armflea,corlevlr,0,west,0,52,5,1092,1100,y,wiped,11.0,6.0,0,5,0.000,0.824,9442,1270
6,0,59,corraid,corraid,0,west,0,5,5,1175,1175,x,wiped,42.0,8.5,3,0,0.124,0.000,9184,10562
6,1,55,armjanus,corgator,7,east,1,5,10,1200,1200,x,wiped,23.5,8.0,5,0,0.490,0.000,2763,9567
7,0,47,armflea,armfav,4,west,0,57,39,1197,1209,x,wiped,10.0,4.0,18,0,0.250,0.000,2858,4392
6,0,60,armflash,corfav,5,east,0,11,47,1210,1222,x,wiped,13.5,5.0,10,0,0.412,0.000,4900,4580
7,1,46,armjeth,armart,2,west,1,10,9,1250,1215,y,wiped,68.5,18.5,0,3,0.000,0.218,7068,4880
6,0,61,armjanus,corlevlr,1,east,0,5,5,1200,1100,y,wiped,16.0,10.5,0,3,0.000,0.271,5711,5470
6,1,56,armwar,armstump,2,west,1,5,6,1350,1350,x,wiped,28.5,7.5,3,0,0.250,0.000,6215,11186
7,0,48,corak,armstump,1,east,0,26,5,1118,1125,y,wiped,24.5,6.5,0,4,0.000,0.432,8633,5341
7,1,47,corthud,corwolv,1,east,0,10,8,1400,1360,x,wiped,23.5,10.5,9,0,0.319,0.000,7890,6623
6,1,57,armjanus,armjanus,6,west,1,5,5,1200,1200,x,wiped,18.5,11.0,1,0,0.047,0.000,5611,5970
6,0,62,corak,corwolv,5,east,0,28,7,1204,1190,x,wiped,28.0,8.0,6,0,0.068,0.000,9481,5424
6,1,58,corak,armfav,3,east,1,28,39,1204,1209,x,wiped,10.5,4.5,22,0,0.441,0.000,4639,4490
7,0,49,corstorm,cormist,2,west,1,7,5,770,775,x,wiped,27.5,8.0,7,0,0.611,0.000,2063,4719
6,0,63,cormist,corfav,4,west,0,8,48,1240,1248,x,wiped,24.5,5.0,4,0,0.343,0.000,4711,5593
6,1,59,corraid,corllt,6,west,1,5,13,1175,1170,x,wiped,37.5,12.0,4,0,0.617,0.000,3867,9362
7,0,50,corcrash,armstump,6,west,1,9,5,1125,1125,y,wiped,27.5,8.5,0,5,0.000,0.853,6306,1382
7,1,48,armfav,cormist,5,east,0,40,8,1240,1240,y,wiped,52.0,5.0,0,1,0.000,0.031,5504,6959
6,0,64,corcrash,cormist,2,west,1,10,8,1250,1240,y,wiped,39.0,7.5,0,8,0.000,0.824,6839,1263
6,1,60,corstorm,corfav,5,east,0,11,47,1210,1222,x,wiped,23.5,6.0,4,0,0.197,0.000,6806,8084
7,1,49,armrock,corwolv,2,west,1,10,7,1200,1190,x,wiped,26.0,10.5,6,0,0.288,0.000,5609,5515
7,0,51,corthud,armllt,5,east,0,9,15,1260,1275,x,wiped,34.0,16.0,7,0,0.636,0.000,3641,10416
6,0,65,armwar,corak,2,west,1,4,25,1080,1075,x,wiped,20.0,7.0,4,0,0.494,0.000,3338,7398
6,1,61,corfav,armllt,6,west,1,46,14,1196,1190,y,wiped,14.0,5.5,0,13,0.000,0.739,5929,2358
7,0,52,armpw,corcrash,3,east,1,23,10,1242,1250,x,wiped,16.0,7.5,23,0,0.824,0.000,1555,6487
7,1,50,cormist,armllt,7,east,1,6,11,930,935,x,wiped,45.5,13.5,6,0,1.000,0.000,0,7116
6,0,66,armpw,armjeth,2,west,1,23,10,1242,1250,x,wiped,18.5,7.0,23,0,0.820,0.000,1585,6376
7,0,53,armstump,corraid,2,west,1,5,5,1125,1175,y,wiped,41.5,8.5,0,2,0.000,0.136,9630,9026
7,1,51,armrock,corthud,7,east,1,7,6,840,840,y,wiped,27.0,9.5,0,5,0.000,0.461,5529,3801
6,0,67,armfav,armllt,3,east,1,41,15,1271,1275,y,wiped,13.0,5.5,0,14,0.000,0.749,5926,2427
7,0,54,armpw,corcrash,5,east,0,23,10,1242,1250,x,wiped,15.0,7.5,23,0,0.770,0.000,2049,6461
6,1,62,corcrash,corwolv,7,east,1,11,8,1375,1360,y,wiped,63.5,21.0,0,4,0.000,0.375,8434,4770
6,0,68,armflea,corlevlr,7,east,1,52,5,1092,1100,y,wiped,10.0,5.5,0,5,0.000,0.954,8469,337
6,0,69,armflea,corgator,2,west,1,57,10,1197,1200,y,wiped,13.0,5.0,0,7,0.000,0.413,4173,5036
7,1,52,armjeth,corllt,6,west,1,10,14,1250,1260,y,wiped,52.5,12.5,0,14,0.000,0.999,6395,7
7,0,55,armrock,corak,2,west,1,10,28,1200,1204,y,wiped,36.0,7.5,0,5,0.000,0.103,7736,8785
6,1,63,corthud,armstump,1,east,0,8,5,1120,1125,x,wiped,37.5,8.5,3,0,0.304,0.000,6515,9485
6,0,70,armwar,corfav,5,east,0,5,52,1350,1352,x,wiped,14.0,5.0,5,0,0.629,0.000,3081,5257
7,1,53,armpw,armart,0,west,0,20,8,1080,1080,x,wiped,18.0,8.5,18,0,0.418,0.000,4617,4998
7,0,56,armpw,corak,5,east,0,23,29,1242,1247,x,wiped,23.0,5.5,6,0,0.145,0.000,7636,8545
6,1,64,armpw,armham,4,west,0,24,10,1296,1300,y,wiped,17.5,7.5,0,8,0.000,0.443,9938,5801
6,0,71,armrock,armstump,6,west,1,11,6,1320,1350,y,wiped,33.5,8.5,0,5,0.000,0.326,8630,7596
7,0,57,armfav,corraid,5,east,0,38,5,1178,1175,y,wiped,16.5,5.0,0,5,0.000,0.464,6099,5567
6,1,65,armjanus,cormist,5,east,0,5,8,1200,1240,x,wiped,20.5,8.0,5,0,0.564,0.000,2296,7886
7,1,54,corak,corak,2,west,1,28,28,1204,1204,y,wiped,32.5,6.0,0,5,0.000,0.101,8283,7440
6,0,72,corgator,corwolv,0,west,0,10,7,1200,1190,x,wiped,17.5,8.5,10,0,0.853,0.000,1258,5338
6,1,66,armpw,armflash,0,west,0,22,11,1188,1210,y,wiped,26.5,6.0,0,4,0.000,0.225,8535,6436
7,1,55,armrock,armwar,4,west,0,9,4,1080,1080,y,wiped,24.5,8.5,0,4,0.000,0.402,6727,3914
7,0,58,armjeth,armfav,6,west,1,10,40,1250,1240,y,wiped,32.5,5.0,0,38,0.000,0.765,6337,1028
6,0,73,armfav,cormist,2,west,1,40,8,1240,1240,y,wiped,29.0,5.0,0,5,0.000,0.266,5424,5287
6,1,67,armflash,armllt,6,west,1,10,13,1100,1105,x,wiped,25.5,8.5,4,0,0.273,0.000,5486,8444
7,0,59,armflash,armfav,1,east,0,11,39,1210,1209,x,wiped,11.0,4.5,11,0,0.467,0.000,4416,4411
6,0,74,armjanus,corwolv,7,east,1,5,7,1200,1190,x,wiped,20.0,12.0,5,0,0.499,0.000,2693,6062
6,1,68,armpw,armrock,2,west,1,20,9,1080,1080,x,wiped,20.0,7.0,9,0,0.237,0.000,6529,6792
7,1,56,corak,cormist,1,east,0,29,8,1247,1240,x,wiped,41.5,6.5,7,0,0.080,0.000,8329,7180
6,1,69,armham,armflash,4,west,0,11,13,1430,1430,x,wiped,28.0,8.0,5,0,0.168,0.000,9557,10722
6,0,75,corwolv,cormist,3,east,1,8,9,1360,1395,x,wiped,44.0,8.5,5,0,0.161,0.000,5317,9580
7,0,60,armjanus,corllt,4,west,0,6,16,1440,1440,x,wiped,33.0,15.0,4,0,0.444,0.000,3478,13313
7,1,57,armflash,corllt,3,east,1,9,11,990,990,x,wiped,30.0,8.5,1,0,0.065,0.000,6367,7752
6,1,70,corraid,corllt,7,east,1,5,13,1175,1170,x,wiped,41.0,11.5,4,0,0.527,0.000,4791,9314
7,0,61,corwolv,corwolv,6,west,1,7,7,1190,1190,x,wiped,29.0,15.0,4,0,0.134,0.000,5212,5968
6,1,71,armflash,corlevlr,6,west,1,10,5,1100,1100,y,wiped,13.0,7.5,0,5,0.000,0.942,8136,432
6,0,76,corwolv,cormist,6,west,1,8,9,1360,1395,x,wiped,73.5,8.5,1,0,0.031,0.000,6232,8992
7,1,58,armham,armwar,2,west,1,10,5,1300,1350,y,wiped,37.5,9.0,0,1,0.000,0.119,10556,7507
7,0,62,armflash,armllt,4,west,0,10,13,1100,1105,x,wiped,23.5,8.5,5,0,0.248,0.000,5626,8427
6,0,77,armham,armjeth,1,east,0,9,9,1170,1125,x,wiped,23.0,9.5,9,0,0.884,0.000,1108,6352
6,1,72,armjeth,armfav,2,west,1,10,40,1250,1240,y,wiped,31.0,5.0,0,37,0.000,0.758,6340,1079
7,1,59,armpw,armflash,4,west,0,22,11,1188,1210,y,wiped,24.5,6.0,0,6,0.000,0.261,8490,6158
7,0,63,corthud,armflash,0,west,0,8,10,1120,1100,y,wiped,30.0,7.5,0,3,0.000,0.118,9209,7130
6,1,73,armpw,corwolv,7,east,1,22,7,1188,1190,x,wiped,19.0,8.0,20,0,0.561,0.000,3898,5311
6,0,78,armstump,corwolv,2,west,1,6,8,1350,1360,x,wiped,27.5,9.5,6,0,0.554,0.000,5015,6350
7,1,60,corthud,armllt,7,east,1,9,15,1260,1275,x,wiped,36.0,16.0,7,0,0.617,0.000,3855,10475
7,0,64,armflash,armllt,0,west,0,10,13,1100,1105,x,wiped,25.5,8.5,4,0,0.194,0.000,6047,8430
6,1,74,armstump,corfav,2,west,1,5,43,1125,1118,x,wiped,17.5,5.5,5,0,0.420,0.000,5393,6180
6,0,79,corstorm,armfav,5,east,0,11,39,1210,1209,x,wiped,17.0,5.5,10,0,0.380,0.000,5212,7512
7,0,65,armpw,corcrash,1,east,0,23,10,1242,1250,x,wiped,16.0,7.5,23,0,0.710,0.000,2569,6485
7,1,61,corstorm,corthud,3,east,1,10,8,1100,1120,y,wiped,29.0,10.0,0,8,0.000,0.401,8352,5428
6,1,75,armrock,armfav,6,west,1,10,39,1200,1209,x,wiped,23.0,5.0,4,0,0.219,0.000,5874,7497
6,0,80,corraid,corfav,3,east,1,5,45,1175,1170,x,wiped,17.0,5.5,5,0,0.559,0.000,4586,6010
7,1,62,armflea,armfav,2,west,1,57,39,1197,1209,x,wiped,9.5,4.0,34,0,0.487,0.000,1949,4399
6,1,76,corfav,corllt,4,west,0,45,13,1170,1170,y,wiped,13.0,5.5,0,11,0.000,0.625,6181,3323
6,0,81,armflea,armfav,1,east,0,57,39,1197,1209,x,wiped,23.0,4.0,17,0,0.237,0.000,2898,4403
7,1,63,armflash,armjanus,4,west,0,11,5,1210,1200,y,wiped,16.0,8.5,0,5,0.000,0.615,9571,2065
7,0,66,armart,armllt,7,east,1,10,16,1350,1360,x,wiped,71.5,14.5,4,0,0.301,0.000,4441,11116
6,1,77,corcrash,cormist,7,east,1,10,8,1250,1240,y,wiped,41.0,7.5,0,8,0.000,0.910,6910,647
7,0,67,corwolv,corfav,5,east,0,7,46,1190,1196,y,wiped,16.5,6.0,0,34,0.000,0.567,5291,2282
6,1,78,armjeth,corlevlr,0,west,0,7,4,875,880,y,wiped,15.0,9.5,0,4,0.000,0.977,5030,134
7,1,64,armstump,armstump,7,east,1,5,5,1125,1125,y,wiped,43.0,9.0,0,2,0.000,0.126,9590,8209
6,0,82,armfav,cormist,3,east,1,40,8,1240,1240,y,wiped,63.0,5.0,0,1,0.000,0.073,5572,6666
6,0,83,armrock,corlevlr,4,west,0,11,6,1320,1320,y,wiped,18.5,10.0,0,6,0.000,0.705,8866,2584
7,0,68,armham,armart,6,west,1,9,9,1170,1215,x,wiped,23.0,10.5,9,0,0.573,0.000,4041,5978
7,1,65,armham,armflea,0,west,0,9,56,1170,1176,x,wiped,17.5,6.0,6,0,0.457,0.000,5101,6805
6,1,79,armpw,armflash,5,east,0,22,11,1188,1210,y,wiped,22.5,6.0,0,7,0.000,0.289,8476,5923
6,0,84,armflash,corlevlr,5,east,0,10,5,1100,1100,y,wiped,12.5,7.5,0,5,0.000,0.903,8411,731
7,0,69,armwar,armart,6,west,1,4,8,1080,1080,x,wiped,20.0,9.0,4,0,0.592,0.000,2740,5056
7,1,66,corak,armjanus,2,west,1,28,5,1204,1200,y,wiped,24.0,8.0,0,3,0.000,0.371,12157,3421
6,1,80,corak,armflash,6,west,1,28,11,1204,1210,y,wiped,26.0,5.5,0,5,0.000,0.292,8209,5927
6,0,85,corlevlr,corfav,2,west,1,5,42,1100,1092,x,wiped,9.0,5.5,5,0,0.971,0.000,213,7531
6,1,81,corgator,corfav,3,east,1,10,46,1200,1196,x,wiped,12.0,5.0,10,0,0.572,0.000,3631,4811
7,0,70,corlevlr,cormist,5,east,0,5,7,1100,1085,x,wiped,19.0,9.0,5,0,0.708,0.000,2083,6682
6,0,86,armjanus,corfav,5,east,0,5,46,1200,1196,x,wiped,14.0,6.0,5,0,0.814,0.000,998,9849
7,1,67,armjeth,armstump,3,east,1,9,5,1125,1125,y,wiped,29.5,8.5,0,5,0.000,0.736,6353,2476
6,0,87,armflash,armstump,0,west,0,10,5,1100,1125,y,wiped,26.5,7.0,0,3,0.000,0.294,8135,6540
6,1,82,corak,corstorm,3,east,1,28,11,1204,1210,y,wiped,37.0,7.5,0,4,0.000,0.208,10301,6733
7,1,68,armflash,corraid,7,east,1,11,5,1210,1175,y,wiped,25.5,7.0,0,5,0.000,0.355,8925,6664
7,0,71,armjeth,armjeth,4,west,0,10,10,1250,1250,draw,stalemate,60.0,,10,10,1.000,1.000,0,0
7,1,69,armrock,armwar,1,east,0,9,4,1080,1080,y,wiped,26.5,8.5,0,3,0.000,0.359,6770,4245
6,0,88,corraid,armllt,5,east,0,4,11,940,935,x,wiped,40.5,11.5,2,0,0.421,0.000,4706,7588
6,1,83,corstorm,corllt,2,west,1,9,11,990,990,x,wiped,53.5,15.0,2,0,0.203,0.000,5500,8240
7,1,70,armrock,armrock,1,east,0,10,10,1200,1200,y,wiped,37.0,10.0,0,4,0.000,0.168,7967,6614
7,0,72,armjeth,armjeth,1,east,0,10,10,1250,1250,draw,stalemate,60.0,,10,10,1.000,1.000,0,0
6,0,89,corstorm,armart,6,west,1,11,9,1210,1215,x,wiped,29.5,10.0,10,0,0.418,0.000,5092,6143
6,1,84,armham,corwolv,2,west,1,9,7,1170,1190,x,wiped,23.0,11.0,7,0,0.379,0.000,6104,5860
6,1,85,armwar,armjanus,4,west,0,5,6,1350,1440,y,wiped,19.5,9.5,0,3,0.000,0.340,8863,4257
7,0,73,armjanus,cormist,1,east,0,5,8,1200,1240,x,wiped,28.0,8.5,4,0,0.559,0.000,2371,7859
7,1,71,armham,corgator,3,east,1,11,12,1430,1440,x,wiped,30.5,8.0,4,0,0.227,0.000,8877,10951
6,0,90,corraid,armllt,7,east,1,4,11,940,935,x,wiped,43.5,11.5,3,0,0.386,0.000,4981,7688
7,0,74,armham,armart,1,east,0,9,9,1170,1215,x,wiped,24.5,10.5,9,0,0.643,0.000,3379,5976
7,1,72,armrock,corllt,6,west,1,9,12,1080,1080,x,wiped,38.0,14.5,6,0,0.446,0.000,3626,8779
6,1,86,armham,corraid,5,east,0,9,5,1170,1175,x,wiped,35.0,9.5,4,0,0.355,0.000,6222,10474
6,0,91,armflash,armstump,4,west,0,10,5,1100,1125,x,wiped,26.0,7.0,2,0,0.127,0.000,6964,9344
7,0,75,armflea,armjanus,0,west,0,57,5,1197,1200,x,wiped,22.0,6.5,3,0,0.051,0.000,9177,5872
7,1,73,armflea,armjanus,2,west,1,57,5,1197,1200,y,wiped,14.5,6.5,0,5,0.000,0.458,12700,2946
6,1,87,armflea,armfav,0,west,0,57,39,1197,1209,x,wiped,9.5,4.5,29,0,0.391,0.000,2314,4384
7,0,76,armstump,armart,6,west,1,6,10,1350,1350,x,wiped,31.5,9.5,4,0,0.465,0.000,6187,6934
7,1,74,armart,armart,7,east,1,9,9,1215,1215,x,wiped,49.0,15.0,3,0,0.129,0.000,5412,6580
6,0,92,armrock,armstump,7,east,1,11,6,1320,1350,y,wiped,40.0,9.0,0,4,0.000,0.306,8696,7758
6,1,88,armham,armstump,4,west,0,7,4,910,900,x,wiped,33.0,9.0,2,0,0.260,0.000,5541,7534
7,0,77,armrock,armflash,1,east,0,10,11,1200,1210,y,wiped,22.0,7.0,0,8,0.000,0.372,7434,5593
7,1,75,corcrash,corgator,5,east,0,10,10,1250,1200,y,wiped,19.0,7.5,0,10,0.000,0.925,6535,638
6,0,93,corthud,cormist,1,east,0,10,9,1400,1395,x,wiped,30.5,8.5,10,0,0.624,0.000,4232,8507
6,1,89,armflea,armflea,7,east,1,57,57,1197,1197,y,wiped,25.0,4.0,0,4,0.000,0.042,3797,3713
7,1,76,corstorm,corwolv,3,east,1,11,7,1210,1190,x,wiped,25.5,10.5,9,0,0.474,0.000,4567,5578
7,0,78,corwolv,corllt,0,west,0,8,15,1360,1350,x,wiped,54.0,16.5,4,0,0.342,0.000,4030,11607
6,1,90,corcrash,corgator,4,west,0,10,10,1250,1200,y,wiped,19.0,7.5,0,10,0.000,0.940,6601,515
7,1,77,armpw,armllt,6,west,1,22,14,1188,1190,y,wiped,24.5,9.0,0,7,0.000,0.228,8946,7038
6,0,94,corcrash,armllt,1,east,0,10,15,1250,1275,y,wiped,50.5,13.5,0,15,0.000,0.984,6516,147
7,0,79,armflash,armflash,6,west,1,11,11,1210,1210,y,wiped,29.0,6.0,0,2,0.000,0.036,8430,8104
6,1,91,armham,corraid,0,west,0,9,5,1170,1175,x,wiped,37.0,9.5,3,0,0.274,0.000,7104,10597
7,0,80,armjanus,armfav,4,west,0,5,39,1200,1209,x,wiped,14.5,5.5,4,0,0.401,0.000,3387,9988
6,0,95,armwar,corraid,1,east,0,5,6,1350,1410,x,wiped,29.0,8.0,5,0,0.198,0.000,6600,12469
7,1,78,armfav,armfav,3,east,1,39,39,1209,1209,x,wiped,28.5,4.0,3,0,0.053,0.000,4169,4417
6,0,96,armpw,corgator,0,west,0,20,9,1080,1080,y,wiped,26.0,6.0,0,4,0.000,0.267,7815,5656
6,1,92,corstorm,armstump,3,east,1,10,5,1100,1125,x,wiped,53.5,9.0,1,0,0.065,0.000,7703,9753
7,1,79,armrock,armjeth,7,east,1,10,10,1200,1250,x,wiped,25.0,9.0,10,0,0.732,0.000,2054,6853
7,0,81,armstump,corllt,3,east,1,6,15,1350,1350,x,wiped,34.5,11.0,5,0,0.594,0.000,4427,10790
6,1,93,armjanus,armart,4,west,0,5,9,1200,1215,x,wiped,26.5,11.5,5,0,0.463,0.000,2925,6892
6,0,97,corstorm,armllt,0,west,0,10,13,1100,1105,x,wiped,40.0,15.5,6,0,0.437,0.000,4252,9381
7,1,80,armfav,corfav,5,east,0,38,45,1178,1170,y,wiped,26.0,4.0,0,8,0.000,0.089,4274,4026
7,0,82,corstorm,corthud,6,west,1,10,8,1100,1120,y,wiped,29.0,10.5,0,5,0.000,0.380,8328,5906
6,1,94,armflea,corgator,7,east,1,57,10,1197,1200,y,wiped,19.0,5.0,0,8,0.000,0.464,4173,4596
7,1,81,armpw,armart,7,east,1,20,8,1080,1080,x,wiped,19.0,8.0,18,0,0.537,0.000,3729,5010
6,0,98,armrock,armfav,2,west,1,10,39,1200,1209,x,wiped,29.0,5.5,2,0,0.144,0.000,6463,6428
6,1,95,armwar,armflash,4,west,0,4,10,1080,1100,x,wiped,17.5,6.5,3,0,0.423,0.000,3789,7637
7,0,83,armwar,armllt,2,west,1,5,16,1350,1360,x,wiped,29.5,16.0,5,0,0.594,0.000,3244,10494
6,0,99,armwar,corwolv,1,east,0,5,8,1350,1360,x,wiped,21.0,10.0,5,0,0.689,0.000,2578,6097
6,1,96,armwar,corraid,6,west,1,5,6,1350,1410,x,wiped,27.0,8.0,5,0,0.267,0.000,6019,12461
6,0,100,armwar,armflea,3,east,1,4,51,1080,1071,x,wiped,11.0,5.0,4,0,0.836,0.000,1090,3442
7,0,84,armart,corgator,1,east,0,8,9,1080,1080,y,wiped,19.0,9.0,0,8,0.000,0.492,5059,3978
7,1,82,armjeth,cormist,5,east,0,10,8,1250,1240,y,wiped,41.5,8.5,0,8,0.000,0.857,6757,1021
6,0,101,armflash,corfav,1,east,0,11,47,1210,1222,x,wiped,13.5,5.0,10,0,0.400,0.000,4988,4572
6,0,102,armham,corlevlr,1,east,0,10,6,1300,1320,y,wiped,17.5,11.5,0,6,0.000,0.749,10857,2217
6,1,97,corwolv,armllt,7,east,1,7,14,1190,1190,y,wiped,62.5,16.5,0,3,0.000,0.078,5374,9515
7,0,85,armflea,corcrash,2,west,1,59,10,1239,1250,x,wiped,26.5,6.0,40,0,0.539,0.000,1793,6436
7,1,83,armwar,corthud,7,east,1,4,8,1080,1120,y,wiped,28.0,9.5,0,4,0.000,0.325,6739,6208
6,1,98,armjanus,armart,2,west,1,5,9,1200,1215,x,wiped,25.5,11.0,4,0,0.466,0.000,3009,6361
7,0,86,armjeth,corstorm,1,east,0,7,8,875,880,y,wiped,22.5,9.0,0,8,0.000,0.866,5068,841
6,0,103,armjeth,corcrash,1,east,0,10,10,1250,1250,draw,stalemate,60.0,,10,10,1.000,1.000,0,0
7,1,84,armjeth,corraid,4,west,0,11,6,1375,1410,y,wiped,30.0,9.0,0,6,0.000,0.853,7528,1844
6,0,104,corcrash,corlevlr,5,east,0,7,4,875,880,y,wiped,14.5,10.5,0,4,0.000,1.000,5085,0
7,0,87,corcrash,corgator,3,east,1,10,10,1250,1200,y,wiped,22.0,7.5,0,10,0.000,0.917,6558,717
6,1,99,armjeth,armjeth,5,east,0,10,10,1250,1250,draw,stalemate,60.0,,10,10,1.000,1.000,0,0
6,0,105,armham,armart,0,west,0,9,9,1170,1215,x,wiped,22.5,10.5,9,0,0.593,0.000,3858,5874
7,1,85,corgator,corllt,0,west,0,9,12,1080,1080,x,wiped,33.5,10.0,4,0,0.410,0.000,4460,8397
6,1,100,armstump,corgator,7,east,1,6,11,1350,1320,x,wiped,24.5,7.0,5,0,0.382,0.000,6892,9605
7,0,88,armwar,corgator,6,west,1,4,9,1080,1080,x,wiped,20.5,7.0,4,0,0.399,0.000,3935,7694
6,0,106,armart,corwolv,1,east,0,10,8,1350,1360,y,wiped,35.5,14.5,0,5,0.000,0.371,7514,4113
7,1,86,corthud,armfav,0,west,0,9,41,1260,1271,x,wiped,15.5,5.5,9,0,0.611,0.000,4042,6680
6,1,101,armjanus,corraid,4,west,0,5,5,1200,1175,x,wiped,25.0,9.5,2,0,0.242,0.000,4338,10728
7,0,89,armwar,corfav,0,west,0,5,52,1350,1352,x,wiped,11.5,4.5,5,0,0.787,0.000,1760,5293
6,0,107,armflea,cormist,7,east,1,59,8,1239,1240,y,wiped,24.5,5.5,0,4,0.000,0.371,4980,4503
6,1,102,armjeth,corak,6,west,1,10,29,1250,1247,y,wiped,16.0,7.0,0,29,0.000,0.913,6388,724
