our_faction,barb_faction,budget,spacing,scenario,mix,margin,sd,sem,wins_of
Armada,Armada,3000,56,field20,t1-line,0.114,0.053,0.011,24/24
Armada,Armada,3000,56,field20,t1-mace,0.079,0.037,0.008,23/24
Armada,Armada,3000,56,field20,zeus,0.066,0.016,0.003,24/24
Armada,Armada,3000,56,field20,mav,-0.566,0.029,0.006,0/24
Armada,Armada,3000,56,field20,fido,0.206,0.031,0.006,24/24
Armada,Armada,3000,56,field20,sptk,-0.166,0.228,0.047,5/24
Armada,Armada,3000,56,field20,snipe,-0.99,0.0,0.0,0/24
Armada,Armada,3000,56,field20,fboy,0.365,0.21,0.043,24/24
Armada,Armada,3000,56,field20,fast,-0.407,0.046,0.009,0/24
Armada,Armada,3000,56,field20,amph,-0.45,0.035,0.007,0/24
Armada,Armada,3000,56,field20,t1+zeus,0.293,0.056,0.011,24/24
Armada,Armada,3000,56,field20,t1+mav,-0.062,0.12,0.025,3/24
Armada,Armada,3000,56,field20,t1+fido,0.38,0.172,0.035,24/24
Armada,Armada,3000,56,field20,t1+sptk,0.171,0.278,0.057,17/24
Armada,Armada,3000,56,field20,t1+snipe,-0.269,0.119,0.024,0/24
Armada,Armada,3000,56,field20,t1+fboy,0.388,0.243,0.05,22/24
Armada,Armada,3000,56,field20,zeus+fido,0.494,0.038,0.008,24/24
Armada,Armada,3000,56,field20,zeus+sptk,0.49,0.153,0.031,23/24
Armada,Armada,3000,56,field20,zeus+snipe,-0.266,0.033,0.007,0/24
Armada,Armada,3000,56,field20,mace+zeus,0.398,0.039,0.008,24/24
Armada,Armada,3000,56,field20,t1+zeus+fido,0.352,0.08,0.016,24/24
Armada,Armada,3000,56,field20,t1+zeus(25),0.051,0.149,0.03,13/24
Armada,Armada,3000,56,field20,t1+zeus(75),0.21,0.025,0.005,24/24
Armada,Armada,3000,160,field20,t1-line,0.382,0.044,0.009,24/24
Armada,Armada,3000,160,field20,t1-mace,0.322,0.091,0.019,24/24
Armada,Armada,3000,160,field20,zeus,0.58,0.015,0.003,24/24
Armada,Armada,3000,160,field20,mav,-0.165,0.104,0.021,4/24
Armada,Armada,3000,160,field20,fido,-0.161,0.163,0.033,3/24
Armada,Armada,3000,160,field20,sptk,-0.061,0.178,0.036,8/24
Armada,Armada,3000,160,field20,snipe,-0.96,0.0,0.0,0/24
Armada,Armada,3000,160,field20,fboy,0.536,0.017,0.004,24/24
Armada,Armada,3000,160,field20,fast,-0.122,0.161,0.033,8/24
Armada,Armada,3000,160,field20,amph,0.081,0.037,0.007,23/24
Armada,Armada,3000,160,field20,t1+zeus,0.647,0.016,0.003,24/24
Armada,Armada,3000,160,field20,t1+mav,-0.18,0.052,0.011,0/24
Armada,Armada,3000,160,field20,t1+fido,0.544,0.044,0.009,24/24
Armada,Armada,3000,160,field20,t1+sptk,0.608,0.039,0.008,24/24
Armada,Armada,3000,160,field20,t1+snipe,-0.234,0.068,0.014,0/24
Armada,Armada,3000,160,field20,t1+fboy,0.456,0.14,0.029,23/24
Armada,Armada,3000,160,field20,zeus+fido,0.608,0.034,0.007,24/24
Armada,Armada,3000,160,field20,zeus+sptk,0.622,0.042,0.009,24/24
Armada,Armada,3000,160,field20,zeus+snipe,0.592,0.013,0.003,24/24
Armada,Armada,3000,160,field20,mace+zeus,0.639,0.022,0.005,24/24
Armada,Armada,3000,160,field20,t1+zeus+fido,0.514,0.008,0.002,24/24
Armada,Armada,3000,160,field20,t1+zeus(25),0.553,0.022,0.004,24/24
Armada,Armada,3000,160,field20,t1+zeus(75),0.621,0.02,0.004,24/24
Armada,Armada,3000,56,field25,t1-line,0.178,0.073,0.015,24/24
Armada,Armada,3000,56,field25,t1-mace,-0.068,0.107,0.022,9/24
Armada,Armada,3000,56,field25,zeus,0.05,0.018,0.004,24/24
Armada,Armada,3000,56,field25,mav,-0.355,0.032,0.007,0/24
Armada,Armada,3000,56,field25,fido,-0.066,0.115,0.024,7/24
Armada,Armada,3000,56,field25,sptk,-0.17,0.139,0.028,2/24
Armada,Armada,3000,56,field25,snipe,-0.99,0.0,0.0,0/24
Armada,Armada,3000,56,field25,fboy,0.49,0.045,0.009,24/24
Armada,Armada,3000,56,field25,fast,-0.506,0.033,0.007,0/24
Armada,Armada,3000,56,field25,amph,-0.445,0.034,0.007,0/24
Armada,Armada,3000,56,field25,t1+zeus,0.399,0.036,0.007,24/24
Armada,Armada,3000,56,field25,t1+mav,-0.241,0.083,0.017,0/24
Armada,Armada,3000,56,field25,t1+fido,0.334,0.197,0.04,23/24
Armada,Armada,3000,56,field25,t1+sptk,-0.036,0.23,0.047,10/24
Armada,Armada,3000,56,field25,t1+snipe,-0.267,0.084,0.017,0/24
Armada,Armada,3000,56,field25,t1+fboy,0.19,0.148,0.03,24/24
Armada,Armada,3000,56,field25,zeus+fido,0.57,0.081,0.017,24/24
Armada,Armada,3000,56,field25,zeus+sptk,0.362,0.146,0.03,24/24
Armada,Armada,3000,56,field25,zeus+snipe,-0.24,0.05,0.01,0/24
Armada,Armada,3000,56,field25,mace+zeus,0.423,0.075,0.015,24/24
Armada,Armada,3000,56,field25,t1+zeus+fido,0.374,0.061,0.012,24/24
Armada,Armada,3000,56,field25,t1+zeus(25),0.279,0.058,0.012,24/24
Armada,Armada,3000,56,field25,t1+zeus(75),0.237,0.013,0.003,24/24
Armada,Armada,3000,160,field25,t1-line,0.162,0.069,0.014,24/24
Armada,Armada,3000,160,field25,t1-mace,-0.128,0.096,0.02,3/24
Armada,Armada,3000,160,field25,zeus,0.634,0.022,0.004,24/24
Armada,Armada,3000,160,field25,mav,-0.34,0.05,0.01,0/24
Armada,Armada,3000,160,field25,fido,-0.337,0.092,0.019,0/24
Armada,Armada,3000,160,field25,sptk,-0.136,0.098,0.02,2/24
Armada,Armada,3000,160,field25,snipe,-0.88,0.0,0.0,0/24
Armada,Armada,3000,160,field25,fboy,0.582,0.037,0.008,24/24
Armada,Armada,3000,160,field25,fast,-0.299,0.115,0.023,1/24
Armada,Armada,3000,160,field25,amph,0.21,0.079,0.016,24/24
Armada,Armada,3000,160,field25,t1+zeus,0.546,0.007,0.001,24/24
Armada,Armada,3000,160,field25,t1+mav,-0.291,0.055,0.011,0/24
Armada,Armada,3000,160,field25,t1+fido,0.322,0.104,0.021,24/24
Armada,Armada,3000,160,field25,t1+sptk,0.374,0.112,0.023,24/24
Armada,Armada,3000,160,field25,t1+snipe,-0.203,0.1,0.02,0/24
Armada,Armada,3000,160,field25,t1+fboy,0.354,0.114,0.023,24/24
Armada,Armada,3000,160,field25,zeus+fido,0.555,0.015,0.003,24/24
Armada,Armada,3000,160,field25,zeus+sptk,0.502,0.054,0.011,24/24
Armada,Armada,3000,160,field25,zeus+snipe,0.646,0.018,0.004,24/24
Armada,Armada,3000,160,field25,mace+zeus,0.572,0.039,0.008,24/24
Armada,Armada,3000,160,field25,t1+zeus+fido,0.565,0.037,0.007,24/24
Armada,Armada,3000,160,field25,t1+zeus(25),0.403,0.048,0.01,24/24
Armada,Armada,3000,160,field25,t1+zeus(75),0.557,0.021,0.004,24/24
Armada,Armada,3000,56,t1only,t1-line,0.114,0.053,0.011,24/24
Armada,Armada,3000,56,t1only,t1-mace,0.079,0.037,0.008,23/24
Armada,Armada,3000,56,t1only,zeus,0.066,0.016,0.003,24/24
Armada,Armada,3000,56,t1only,mav,-0.566,0.029,0.006,0/24
Armada,Armada,3000,56,t1only,fido,0.206,0.031,0.006,24/24
Armada,Armada,3000,56,t1only,sptk,-0.166,0.228,0.047,5/24
Armada,Armada,3000,56,t1only,snipe,-0.99,0.0,0.0,0/24
Armada,Armada,3000,56,t1only,fboy,0.365,0.21,0.043,24/24
Armada,Armada,3000,56,t1only,fast,-0.407,0.046,0.009,0/24
Armada,Armada,3000,56,t1only,amph,-0.45,0.035,0.007,0/24
Armada,Armada,3000,56,t1only,t1+zeus,0.293,0.056,0.011,24/24
Armada,Armada,3000,56,t1only,t1+mav,-0.062,0.12,0.025,3/24
Armada,Armada,3000,56,t1only,t1+fido,0.38,0.172,0.035,24/24
Armada,Armada,3000,56,t1only,t1+sptk,0.171,0.278,0.057,17/24
Armada,Armada,3000,56,t1only,t1+snipe,-0.269,0.119,0.024,0/24
Armada,Armada,3000,56,t1only,t1+fboy,0.388,0.243,0.05,22/24
Armada,Armada,3000,56,t1only,zeus+fido,0.494,0.038,0.008,24/24
Armada,Armada,3000,56,t1only,zeus+sptk,0.49,0.153,0.031,23/24
Armada,Armada,3000,56,t1only,zeus+snipe,-0.266,0.033,0.007,0/24
Armada,Armada,3000,56,t1only,mace+zeus,0.398,0.039,0.008,24/24
Armada,Armada,3000,56,t1only,t1+zeus+fido,0.352,0.08,0.016,24/24
Armada,Armada,3000,56,t1only,t1+zeus(25),0.051,0.149,0.03,13/24
Armada,Armada,3000,56,t1only,t1+zeus(75),0.21,0.025,0.005,24/24
Armada,Armada,3000,160,t1only,t1-line,0.382,0.044,0.009,24/24
Armada,Armada,3000,160,t1only,t1-mace,0.322,0.091,0.019,24/24
Armada,Armada,3000,160,t1only,zeus,0.58,0.015,0.003,24/24
Armada,Armada,3000,160,t1only,mav,-0.165,0.104,0.021,4/24
Armada,Armada,3000,160,t1only,fido,-0.161,0.163,0.033,3/24
Armada,Armada,3000,160,t1only,sptk,-0.061,0.178,0.036,8/24
Armada,Armada,3000,160,t1only,snipe,-0.96,0.0,0.0,0/24
Armada,Armada,3000,160,t1only,fboy,0.536,0.017,0.004,24/24
Armada,Armada,3000,160,t1only,fast,-0.122,0.161,0.033,8/24
Armada,Armada,3000,160,t1only,amph,0.081,0.037,0.007,23/24
Armada,Armada,3000,160,t1only,t1+zeus,0.647,0.016,0.003,24/24
Armada,Armada,3000,160,t1only,t1+mav,-0.18,0.052,0.011,0/24
Armada,Armada,3000,160,t1only,t1+fido,0.544,0.044,0.009,24/24
Armada,Armada,3000,160,t1only,t1+sptk,0.608,0.039,0.008,24/24
Armada,Armada,3000,160,t1only,t1+snipe,-0.234,0.068,0.014,0/24
Armada,Armada,3000,160,t1only,t1+fboy,0.456,0.14,0.029,23/24
Armada,Armada,3000,160,t1only,zeus+fido,0.608,0.034,0.007,24/24
Armada,Armada,3000,160,t1only,zeus+sptk,0.622,0.042,0.009,24/24
Armada,Armada,3000,160,t1only,zeus+snipe,0.592,0.013,0.003,24/24
Armada,Armada,3000,160,t1only,mace+zeus,0.639,0.022,0.005,24/24
Armada,Armada,3000,160,t1only,t1+zeus+fido,0.514,0.008,0.002,24/24
Armada,Armada,3000,160,t1only,t1+zeus(25),0.553,0.022,0.004,24/24
Armada,Armada,3000,160,t1only,t1+zeus(75),0.621,0.02,0.004,24/24
Armada,Armada,3000,56,base6-hold,t1-line,-0.57,0.0,0.0,0/24
Armada,Armada,3000,56,base6-hold,t1-mace,-0.563,0.005,0.001,0/24
Armada,Armada,3000,56,base6-hold,zeus,-0.682,0.004,0.001,0/24
Armada,Armada,3000,56,base6-hold,mav,-0.65,0.0,0.0,0/24
Armada,Armada,3000,56,base6-hold,fido,-0.441,0.01,0.002,0/24
Armada,Armada,3000,56,base6-hold,sptk,-0.32,0.0,0.0,0/24
Armada,Armada,3000,56,base6-hold,snipe,-0.55,0.0,0.0,0/24
Armada,Armada,3000,56,base6-hold,fboy,1.0,0.0,0.0,24/24
Armada,Armada,3000,56,base6-hold,fast,-0.765,0.009,0.002,0/24
Armada,Armada,3000,56,base6-hold,amph,-0.734,0.011,0.002,0/24
Armada,Armada,3000,56,base6-hold,t1+zeus,-0.61,0.0,0.0,0/24
Armada,Armada,3000,56,base6-hold,t1+mav,-0.589,0.01,0.002,0/24
Armada,Armada,3000,56,base6-hold,t1+fido,-0.51,0.0,0.0,0/24
Armada,Armada,3000,56,base6-hold,t1+sptk,-0.322,0.008,0.002,0/24
Armada,Armada,3000,56,base6-hold,t1+snipe,-0.558,0.004,0.001,0/24
Armada,Armada,3000,56,base6-hold,t1+fboy,0.46,0.0,0.0,24/24
Armada,Armada,3000,56,base6-hold,zeus+fido,-0.52,0.0,0.0,0/24
Armada,Armada,3000,56,base6-hold,zeus+sptk,-0.244,0.018,0.004,0/24
Armada,Armada,3000,56,base6-hold,zeus+snipe,-0.58,0.0,0.0,0/24
Armada,Armada,3000,56,base6-hold,mace+zeus,-0.616,0.005,0.001,0/24
Armada,Armada,3000,56,base6-hold,t1+zeus+fido,-0.549,0.003,0.001,0/24
Armada,Armada,3000,56,base6-hold,t1+zeus(25),-0.57,0.002,0.0,0/24
Armada,Armada,3000,56,base6-hold,t1+zeus(75),-0.64,0.002,0.0,0/24
Armada,Armada,3000,160,base6-hold,t1-line,-0.388,0.015,0.003,0/24
Armada,Armada,3000,160,base6-hold,t1-mace,-0.318,0.015,0.003,0/24
Armada,Armada,3000,160,base6-hold,zeus,-0.226,0.021,0.004,0/24
Armada,Armada,3000,160,base6-hold,mav,-0.451,0.018,0.004,0/24
Armada,Armada,3000,160,base6-hold,fido,-0.348,0.006,0.001,0/24
Armada,Armada,3000,160,base6-hold,sptk,-0.175,0.022,0.005,0/24
Armada,Armada,3000,160,base6-hold,snipe,-0.417,0.031,0.006,0/24
Armada,Armada,3000,160,base6-hold,fboy,1.0,0.0,0.0,24/24
Armada,Armada,3000,160,base6-hold,fast,-0.5,0.011,0.002,0/24
Armada,Armada,3000,160,base6-hold,amph,-0.444,0.011,0.002,0/24
Armada,Armada,3000,160,base6-hold,t1+zeus,-0.337,0.01,0.002,0/24
Armada,Armada,3000,160,base6-hold,t1+mav,-0.339,0.011,0.002,0/24
Armada,Armada,3000,160,base6-hold,t1+fido,-0.424,0.005,0.001,0/24
Armada,Armada,3000,160,base6-hold,t1+sptk,-0.375,0.021,0.004,0/24
Armada,Armada,3000,160,base6-hold,t1+snipe,-0.424,0.032,0.007,0/24
Armada,Armada,3000,160,base6-hold,t1+fboy,0.456,0.005,0.001,24/24
Armada,Armada,3000,160,base6-hold,zeus+fido,-0.388,0.017,0.004,0/24
Armada,Armada,3000,160,base6-hold,zeus+sptk,-0.349,0.016,0.003,0/24
Armada,Armada,3000,160,base6-hold,zeus+snipe,-0.345,0.007,0.001,0/24
Armada,Armada,3000,160,base6-hold,mace+zeus,-0.276,0.008,0.002,0/24
Armada,Armada,3000,160,base6-hold,t1+zeus+fido,-0.365,0.009,0.002,0/24
Armada,Armada,3000,160,base6-hold,t1+zeus(25),-0.307,0.015,0.003,0/24
Armada,Armada,3000,160,base6-hold,t1+zeus(75),-0.25,0.048,0.01,0/24
Armada,Armada,3000,56,base6-out,t1-line,-0.437,0.026,0.005,0/24
Armada,Armada,3000,56,base6-out,t1-mace,-0.436,0.021,0.004,0/24
Armada,Armada,3000,56,base6-out,zeus,-0.443,0.005,0.001,0/24
Armada,Armada,3000,56,base6-out,mav,-0.56,0.0,0.0,0/24
Armada,Armada,3000,56,base6-out,fido,-0.425,0.011,0.002,0/24
Armada,Armada,3000,56,base6-out,sptk,-0.474,0.12,0.025,0/24
Armada,Armada,3000,56,base6-out,snipe,-1.0,0.0,0.0,0/24
Armada,Armada,3000,56,base6-out,fboy,0.681,0.055,0.011,24/24
Armada,Armada,3000,56,base6-out,fast,-0.587,0.034,0.007,0/24
Armada,Armada,3000,56,base6-out,amph,-0.528,0.004,0.001,0/24
Armada,Armada,3000,56,base6-out,t1+zeus,-0.386,0.01,0.002,0/24
Armada,Armada,3000,56,base6-out,t1+mav,-0.547,0.023,0.005,0/24
Armada,Armada,3000,56,base6-out,t1+fido,-0.414,0.034,0.007,0/24
Armada,Armada,3000,56,base6-out,t1+sptk,-0.476,0.096,0.02,0/24
Armada,Armada,3000,56,base6-out,t1+snipe,-0.499,0.026,0.005,0/24
Armada,Armada,3000,56,base6-out,t1+fboy,0.299,0.086,0.018,24/24
Armada,Armada,3000,56,base6-out,zeus+fido,-0.388,0.016,0.003,0/24
Armada,Armada,3000,56,base6-out,zeus+sptk,-0.354,0.024,0.005,0/24
Armada,Armada,3000,56,base6-out,zeus+snipe,-0.479,0.004,0.001,0/24
Armada,Armada,3000,56,base6-out,mace+zeus,-0.434,0.012,0.002,0/24
Armada,Armada,3000,56,base6-out,t1+zeus+fido,-0.403,0.019,0.004,0/24
Armada,Armada,3000,56,base6-out,t1+zeus(25),-0.43,0.028,0.006,0/24
Armada,Armada,3000,56,base6-out,t1+zeus(75),-0.447,0.013,0.003,0/24
Armada,Armada,3000,160,base6-out,t1-line,-0.308,0.011,0.002,0/24
Armada,Armada,3000,160,base6-out,t1-mace,-0.369,0.02,0.004,0/24
Armada,Armada,3000,160,base6-out,zeus,-0.135,0.021,0.004,0/24
Armada,Armada,3000,160,base6-out,mav,-0.426,0.055,0.011,0/24
Armada,Armada,3000,160,base6-out,fido,-0.549,0.046,0.009,0/24
Armada,Armada,3000,160,base6-out,sptk,-0.543,0.038,0.008,0/24
Armada,Armada,3000,160,base6-out,snipe,-0.93,0.0,0.0,0/24
Armada,Armada,3000,160,base6-out,fboy,0.443,0.061,0.012,24/24
Armada,Armada,3000,160,base6-out,fast,-0.575,0.036,0.007,0/24
Armada,Armada,3000,160,base6-out,amph,-0.336,0.019,0.004,0/24
Armada,Armada,3000,160,base6-out,t1+zeus,-0.26,0.015,0.003,0/24
Armada,Armada,3000,160,base6-out,t1+mav,-0.461,0.044,0.009,0/24
Armada,Armada,3000,160,base6-out,t1+fido,-0.294,0.009,0.002,0/24
Armada,Armada,3000,160,base6-out,t1+sptk,-0.25,0.021,0.004,0/24
Armada,Armada,3000,160,base6-out,t1+snipe,-0.343,0.101,0.021,0/24
Armada,Armada,3000,160,base6-out,t1+fboy,0.335,0.072,0.015,24/24
Armada,Armada,3000,160,base6-out,zeus+fido,-0.246,0.016,0.003,0/24
Armada,Armada,3000,160,base6-out,zeus+sptk,-0.215,0.019,0.004,0/24
Armada,Armada,3000,160,base6-out,zeus+snipe,-0.26,0.0,0.0,0/24
Armada,Armada,3000,160,base6-out,mace+zeus,-0.258,0.012,0.002,0/24
Armada,Armada,3000,160,base6-out,t1+zeus+fido,-0.276,0.009,0.002,0/24
Armada,Armada,3000,160,base6-out,t1+zeus(25),-0.302,0.015,0.003,0/24
Armada,Armada,3000,160,base6-out,t1+zeus(75),-0.252,0.008,0.002,0/24
Armada,Armada,3000,56,base12-hold,t1-line,-0.596,0.01,0.002,0/24
Armada,Armada,3000,56,base12-hold,t1-mace,-0.575,0.005,0.001,0/24
Armada,Armada,3000,56,base12-hold,zeus,-0.714,0.006,0.001,0/24
Armada,Armada,3000,56,base12-hold,mav,-0.653,0.005,0.001,0/24
Armada,Armada,3000,56,base12-hold,fido,-0.461,0.003,0.001,0/24
Armada,Armada,3000,56,base12-hold,sptk,0.55,0.025,0.005,24/24
Armada,Armada,3000,56,base12-hold,snipe,-0.49,0.0,0.0,0/24
Armada,Armada,3000,56,base12-hold,fboy,1.0,0.0,0.0,24/24
Armada,Armada,3000,56,base12-hold,fast,-0.794,0.005,0.001,0/24
Armada,Armada,3000,56,base12-hold,amph,-0.756,0.009,0.002,0/24
Armada,Armada,3000,56,base12-hold,t1+zeus,-0.61,0.0,0.0,0/24
Armada,Armada,3000,56,base12-hold,t1+mav,-0.61,0.0,0.0,0/24
Armada,Armada,3000,56,base12-hold,t1+fido,-0.51,0.0,0.0,0/24
Armada,Armada,3000,56,base12-hold,t1+sptk,0.08,0.053,0.011,18/24
Armada,Armada,3000,56,base12-hold,t1+snipe,-0.49,0.0,0.0,0/24
Armada,Armada,3000,56,base12-hold,t1+fboy,0.46,0.0,0.0,24/24
Armada,Armada,3000,56,base12-hold,zeus+fido,-0.54,0.0,0.0,0/24
Armada,Armada,3000,56,base12-hold,zeus+sptk,-0.25,0.0,0.0,0/24
Armada,Armada,3000,56,base12-hold,zeus+snipe,-0.49,0.0,0.0,0/24
Armada,Armada,3000,56,base12-hold,mace+zeus,-0.641,0.003,0.001,0/24
Armada,Armada,3000,56,base12-hold,t1+zeus+fido,-0.56,0.0,0.0,0/24
Armada,Armada,3000,56,base12-hold,t1+zeus(25),-0.61,0.0,0.0,0/24
Armada,Armada,3000,56,base12-hold,t1+zeus(75),-0.641,0.003,0.001,0/24
Armada,Armada,3000,160,base12-hold,t1-line,-0.393,0.021,0.004,0/24
Armada,Armada,3000,160,base12-hold,t1-mace,-0.399,0.012,0.003,0/24
Armada,Armada,3000,160,base12-hold,zeus,-0.36,0.008,0.002,0/24
Armada,Armada,3000,160,base12-hold,mav,-0.534,0.006,0.001,0/24
Armada,Armada,3000,160,base12-hold,fido,-0.4,0.0,0.0,0/24
Armada,Armada,3000,160,base12-hold,sptk,-0.25,0.0,0.0,0/24
Armada,Armada,3000,160,base12-hold,snipe,-0.39,0.0,0.0,0/24
Armada,Armada,3000,160,base12-hold,fboy,1.0,0.0,0.0,24/24
Armada,Armada,3000,160,base12-hold,fast,-0.567,0.006,0.001,0/24
Armada,Armada,3000,160,base12-hold,amph,-0.575,0.007,0.001,0/24
Armada,Armada,3000,160,base12-hold,t1+zeus,-0.404,0.011,0.002,0/24
Armada,Armada,3000,160,base12-hold,t1+mav,-0.49,0.0,0.0,0/24
Armada,Armada,3000,160,base12-hold,t1+fido,-0.5,0.006,0.001,0/24
Armada,Armada,3000,160,base12-hold,t1+sptk,-0.344,0.009,0.002,0/24
Armada,Armada,3000,160,base12-hold,t1+snipe,-0.39,0.0,0.0,0/24
Armada,Armada,3000,160,base12-hold,t1+fboy,0.441,0.003,0.001,24/24
Armada,Armada,3000,160,base12-hold,zeus+fido,-0.377,0.01,0.002,0/24
Armada,Armada,3000,160,base12-hold,zeus+sptk,-0.37,0.002,0.0,0/24
Armada,Armada,3000,160,base12-hold,zeus+snipe,-0.379,0.004,0.001,0/24
Armada,Armada,3000,160,base12-hold,mace+zeus,-0.388,0.019,0.004,0/24
Armada,Armada,3000,160,base12-hold,t1+zeus+fido,-0.39,0.0,0.0,0/24
Armada,Armada,3000,160,base12-hold,t1+zeus(25),-0.371,0.003,0.001,0/24
Armada,Armada,3000,160,base12-hold,t1+zeus(75),-0.292,0.006,0.001,0/24
Armada,Armada,3000,56,base12-out,t1-line,-0.546,0.026,0.005,0/24
Armada,Armada,3000,56,base12-out,t1-mace,-0.56,0.01,0.002,0/24
Armada,Armada,3000,56,base12-out,zeus,-0.585,0.008,0.002,0/24
Armada,Armada,3000,56,base12-out,mav,-0.62,0.0,0.0,0/24
Armada,Armada,3000,56,base12-out,fido,-0.442,0.029,0.006,0/24
Armada,Armada,3000,56,base12-out,sptk,-0.441,0.164,0.033,0/24
Armada,Armada,3000,56,base12-out,snipe,-1.0,0.0,0.0,0/24
Armada,Armada,3000,56,base12-out,fboy,0.695,0.069,0.014,24/24
Armada,Armada,3000,56,base12-out,fast,-0.62,0.01,0.002,0/24
Armada,Armada,3000,56,base12-out,amph,-0.587,0.009,0.002,0/24
Armada,Armada,3000,56,base12-out,t1+zeus,-0.532,0.009,0.002,0/24
Armada,Armada,3000,56,base12-out,t1+mav,-0.6,0.016,0.003,0/24
Armada,Armada,3000,56,base12-out,t1+fido,-0.453,0.044,0.009,0/24
Armada,Armada,3000,56,base12-out,t1+sptk,-0.426,0.145,0.03,0/24
Armada,Armada,3000,56,base12-out,t1+snipe,-0.56,0.007,0.001,0/24
Armada,Armada,3000,56,base12-out,t1+fboy,0.21,0.067,0.014,24/24
Armada,Armada,3000,56,base12-out,zeus+fido,-0.463,0.018,0.004,0/24
Armada,Armada,3000,56,base12-out,zeus+sptk,-0.249,0.081,0.017,0/24
Armada,Armada,3000,56,base12-out,zeus+snipe,-0.59,0.0,0.0,0/24
Armada,Armada,3000,56,base12-out,mace+zeus,-0.57,0.01,0.002,0/24
Armada,Armada,3000,56,base12-out,t1+zeus+fido,-0.498,0.018,0.004,0/24
Armada,Armada,3000,56,base12-out,t1+zeus(25),-0.559,0.023,0.005,0/24
Armada,Armada,3000,56,base12-out,t1+zeus(75),-0.57,0.019,0.004,0/24
Armada,Armada,3000,160,base12-out,t1-line,-0.364,0.015,0.003,0/24
Armada,Armada,3000,160,base12-out,t1-mace,-0.405,0.023,0.005,0/24
Armada,Armada,3000,160,base12-out,zeus,-0.232,0.006,0.001,0/24
Armada,Armada,3000,160,base12-out,mav,-0.458,0.033,0.007,0/24
Armada,Armada,3000,160,base12-out,fido,-0.554,0.069,0.014,0/24
Armada,Armada,3000,160,base12-out,sptk,-0.54,0.053,0.011,0/24
Armada,Armada,3000,160,base12-out,snipe,-0.93,0.0,0.0,0/24
Armada,Armada,3000,160,base12-out,fboy,0.475,0.034,0.007,24/24
Armada,Armada,3000,160,base12-out,fast,-0.538,0.058,0.012,0/24
Armada,Armada,3000,160,base12-out,amph,-0.395,0.008,0.002,0/24
Armada,Armada,3000,160,base12-out,t1+zeus,-0.312,0.018,0.004,0/24
Armada,Armada,3000,160,base12-out,t1+mav,-0.427,0.022,0.005,0/24
Armada,Armada,3000,160,base12-out,t1+fido,-0.333,0.012,0.003,0/24
Armada,Armada,3000,160,base12-out,t1+sptk,-0.29,0.048,0.01,0/24
Armada,Armada,3000,160,base12-out,t1+snipe,-0.365,0.117,0.024,0/24
Armada,Armada,3000,160,base12-out,t1+fboy,0.29,0.1,0.02,24/24
Armada,Armada,3000,160,base12-out,zeus+fido,-0.291,0.006,0.001,0/24
Armada,Armada,3000,160,base12-out,zeus+sptk,-0.267,0.016,0.003,0/24
Armada,Armada,3000,160,base12-out,zeus+snipe,-0.27,0.0,0.0,0/24
Armada,Armada,3000,160,base12-out,mace+zeus,-0.278,0.009,0.002,0/24
Armada,Armada,3000,160,base12-out,t1+zeus+fido,-0.312,0.014,0.003,0/24
Armada,Armada,3000,160,base12-out,t1+zeus(25),-0.34,0.005,0.001,0/24
Armada,Armada,3000,160,base12-out,t1+zeus(75),-0.263,0.012,0.002,0/24
Armada,Armada,6000,56,field20,t1-line,0.262,0.079,0.016,24/24
Armada,Armada,6000,56,field20,t1-mace,0.0,0.08,0.016,16/24
Armada,Armada,6000,56,field20,zeus,-0.333,0.028,0.006,0/24
Armada,Armada,6000,56,field20,mav,-0.309,0.028,0.006,0/24
Armada,Armada,6000,56,field20,fido,0.477,0.077,0.016,24/24
Armada,Armada,6000,56,field20,sptk,-0.357,0.191,0.039,2/24
Armada,Armada,6000,56,field20,snipe,-0.87,0.0,0.0,0/24
Armada,Armada,6000,56,field20,fboy,0.625,0.07,0.014,24/24
Armada,Armada,6000,56,field20,fast,-0.64,0.022,0.004,0/24
Armada,Armada,6000,56,field20,amph,-0.575,0.011,0.002,0/24
Armada,Armada,6000,56,field20,t1+zeus,0.187,0.049,0.01,24/24
Armada,Armada,6000,56,field20,t1+mav,-0.114,0.087,0.018,3/24
Armada,Armada,6000,56,field20,t1+fido,0.381,0.099,0.02,24/24
Armada,Armada,6000,56,field20,t1+sptk,-0.136,0.137,0.028,5/24
Armada,Armada,6000,56,field20,t1+snipe,-0.265,0.055,0.011,0/24
Armada,Armada,6000,56,field20,t1+fboy,0.166,0.161,0.033,22/24
Armada,Armada,6000,56,field20,zeus+fido,0.327,0.156,0.032,24/24
Armada,Armada,6000,56,field20,zeus+sptk,0.275,0.072,0.015,24/24
Armada,Armada,6000,56,field20,zeus+snipe,-0.381,0.017,0.003,0/24
Armada,Armada,6000,56,field20,mace+zeus,0.171,0.089,0.018,24/24
Armada,Armada,6000,56,field20,t1+zeus+fido,0.371,0.046,0.009,24/24
Armada,Armada,6000,56,field20,t1+zeus(25),0.089,0.049,0.01,23/24
Armada,Armada,6000,56,field20,t1+zeus(75),0.161,0.039,0.008,24/24
Armada,Armada,6000,160,field20,t1-line,0.36,0.04,0.008,24/24
Armada,Armada,6000,160,field20,t1-mace,0.182,0.08,0.016,24/24
Armada,Armada,6000,160,field20,zeus,0.389,0.008,0.002,24/24
Armada,Armada,6000,160,field20,mav,0.282,0.046,0.009,24/24
Armada,Armada,6000,160,field20,fido,0.226,0.079,0.016,24/24
Armada,Armada,6000,160,field20,sptk,-0.03,0.156,0.032,11/24
Armada,Armada,6000,160,field20,snipe,-0.83,0.0,0.0,0/24
Armada,Armada,6000,160,field20,fboy,0.514,0.041,0.008,24/24
Armada,Armada,6000,160,field20,fast,-0.367,0.032,0.007,0/24
Armada,Armada,6000,160,field20,amph,0.298,0.026,0.005,24/24
Armada,Armada,6000,160,field20,t1+zeus,0.577,0.008,0.002,24/24
Armada,Armada,6000,160,field20,t1+mav,0.212,0.06,0.012,24/24
Armada,Armada,6000,160,field20,t1+fido,0.537,0.021,0.004,24/24
Armada,Armada,6000,160,field20,t1+sptk,0.584,0.028,0.006,24/24
Armada,Armada,6000,160,field20,t1+snipe,-0.285,0.036,0.007,0/24
Armada,Armada,6000,160,field20,t1+fboy,0.525,0.049,0.01,24/24
Armada,Armada,6000,160,field20,zeus+fido,0.58,0.027,0.006,24/24
Armada,Armada,6000,160,field20,zeus+sptk,0.561,0.029,0.006,24/24
Armada,Armada,6000,160,field20,zeus+snipe,0.433,0.015,0.003,24/24
Armada,Armada,6000,160,field20,mace+zeus,0.548,0.014,0.003,24/24
Armada,Armada,6000,160,field20,t1+zeus+fido,0.554,0.022,0.005,24/24
Armada,Armada,6000,160,field20,t1+zeus(25),0.532,0.028,0.006,24/24
Armada,Armada,6000,160,field20,t1+zeus(75),0.412,0.008,0.002,24/24
Armada,Armada,6000,56,field25,t1-line,-0.108,0.083,0.017,5/24
Armada,Armada,6000,56,field25,t1-mace,-0.338,0.039,0.008,0/24
Armada,Armada,6000,56,field25,zeus,-0.301,0.013,0.003,0/24
Armada,Armada,6000,56,field25,mav,-0.324,0.054,0.011,0/24
Armada,Armada,6000,56,field25,fido,0.077,0.092,0.019,17/24
Armada,Armada,6000,56,field25,sptk,-0.418,0.17,0.035,0/24
Armada,Armada,6000,56,field25,snipe,-0.94,0.0,0.0,0/24
Armada,Armada,6000,56,field25,fboy,0.48,0.043,0.009,24/24
Armada,Armada,6000,56,field25,fast,-0.542,0.037,0.008,0/24
Armada,Armada,6000,56,field25,amph,-0.517,0.021,0.004,0/24
Armada,Armada,6000,56,field25,t1+zeus,0.177,0.067,0.014,24/24
Armada,Armada,6000,56,field25,t1+mav,-0.351,0.056,0.011,0/24
Armada,Armada,6000,56,field25,t1+fido,0.184,0.182,0.037,21/24
Armada,Armada,6000,56,field25,t1+sptk,-0.071,0.126,0.026,8/24
Armada,Armada,6000,56,field25,t1+snipe,-0.365,0.06,0.012,0/24
Armada,Armada,6000,56,field25,t1+fboy,0.073,0.216,0.044,13/24
Armada,Armada,6000,56,field25,zeus+fido,0.462,0.062,0.013,24/24
Armada,Armada,6000,56,field25,zeus+sptk,0.25,0.123,0.025,23/24
Armada,Armada,6000,56,field25,zeus+snipe,-0.419,0.031,0.006,0/24
Armada,Armada,6000,56,field25,mace+zeus,0.25,0.109,0.022,24/24
Armada,Armada,6000,56,field25,t1+zeus+fido,0.35,0.061,0.012,24/24
Armada,Armada,6000,56,field25,t1+zeus(25),0.12,0.084,0.017,22/24
Armada,Armada,6000,56,field25,t1+zeus(75),0.181,0.039,0.008,24/24
Armada,Armada,6000,160,field25,t1-line,0.042,0.096,0.02,15/24
Armada,Armada,6000,160,field25,t1-mace,-0.272,0.041,0.008,0/24
Armada,Armada,6000,160,field25,zeus,0.437,0.026,0.005,24/24
Armada,Armada,6000,160,field25,mav,-0.176,0.079,0.016,0/24
Armada,Armada,6000,160,field25,fido,0.135,0.159,0.033,20/24
Armada,Armada,6000,160,field25,sptk,-0.11,0.101,0.021,5/24
Armada,Armada,6000,160,field25,snipe,-0.85,0.0,0.0,0/24
Armada,Armada,6000,160,field25,fboy,0.454,0.078,0.016,24/24
Armada,Armada,6000,160,field25,fast,-0.385,0.037,0.008,0/24
Armada,Armada,6000,160,field25,amph,0.261,0.03,0.006,24/24
Armada,Armada,6000,160,field25,t1+zeus,0.559,0.016,0.003,24/24
Armada,Armada,6000,160,field25,t1+mav,-0.155,0.045,0.009,0/24
Armada,Armada,6000,160,field25,t1+fido,0.382,0.102,0.021,24/24
Armada,Armada,6000,160,field25,t1+sptk,0.489,0.043,0.009,24/24
Armada,Armada,6000,160,field25,t1+snipe,-0.099,0.156,0.032,4/24
Armada,Armada,6000,160,field25,t1+fboy,0.481,0.029,0.006,24/24
Armada,Armada,6000,160,field25,zeus+fido,0.562,0.036,0.007,24/24
Armada,Armada,6000,160,field25,zeus+sptk,0.498,0.034,0.007,24/24
Armada,Armada,6000,160,field25,zeus+snipe,0.387,0.014,0.003,24/24
Armada,Armada,6000,160,field25,mace+zeus,0.5,0.029,0.006,24/24
Armada,Armada,6000,160,field25,t1+zeus+fido,0.415,0.049,0.01,24/24
Armada,Armada,6000,160,field25,t1+zeus(25),0.085,0.119,0.024,14/24
Armada,Armada,6000,160,field25,t1+zeus(75),0.458,0.013,0.003,24/24
Armada,Armada,6000,56,t1only,t1-line,0.262,0.079,0.016,24/24
Armada,Armada,6000,56,t1only,t1-mace,0.0,0.08,0.016,16/24
Armada,Armada,6000,56,t1only,zeus,-0.333,0.028,0.006,0/24
Armada,Armada,6000,56,t1only,mav,-0.309,0.028,0.006,0/24
Armada,Armada,6000,56,t1only,fido,0.477,0.077,0.016,24/24
Armada,Armada,6000,56,t1only,sptk,-0.357,0.191,0.039,2/24
Armada,Armada,6000,56,t1only,snipe,-0.87,0.0,0.0,0/24
Armada,Armada,6000,56,t1only,fboy,0.625,0.07,0.014,24/24
Armada,Armada,6000,56,t1only,fast,-0.64,0.022,0.004,0/24
Armada,Armada,6000,56,t1only,amph,-0.575,0.011,0.002,0/24
Armada,Armada,6000,56,t1only,t1+zeus,0.187,0.049,0.01,24/24
Armada,Armada,6000,56,t1only,t1+mav,-0.114,0.087,0.018,3/24
Armada,Armada,6000,56,t1only,t1+fido,0.381,0.099,0.02,24/24
Armada,Armada,6000,56,t1only,t1+sptk,-0.136,0.137,0.028,5/24
Armada,Armada,6000,56,t1only,t1+snipe,-0.265,0.055,0.011,0/24
Armada,Armada,6000,56,t1only,t1+fboy,0.166,0.161,0.033,22/24
Armada,Armada,6000,56,t1only,zeus+fido,0.327,0.156,0.032,24/24
Armada,Armada,6000,56,t1only,zeus+sptk,0.275,0.072,0.015,24/24
Armada,Armada,6000,56,t1only,zeus+snipe,-0.381,0.017,0.003,0/24
Armada,Armada,6000,56,t1only,mace+zeus,0.171,0.089,0.018,24/24
Armada,Armada,6000,56,t1only,t1+zeus+fido,0.371,0.046,0.009,24/24
Armada,Armada,6000,56,t1only,t1+zeus(25),0.089,0.049,0.01,23/24
Armada,Armada,6000,56,t1only,t1+zeus(75),0.161,0.039,0.008,24/24
Armada,Armada,6000,160,t1only,t1-line,0.36,0.04,0.008,24/24
Armada,Armada,6000,160,t1only,t1-mace,0.182,0.08,0.016,24/24
Armada,Armada,6000,160,t1only,zeus,0.389,0.008,0.002,24/24
Armada,Armada,6000,160,t1only,mav,0.282,0.046,0.009,24/24
Armada,Armada,6000,160,t1only,fido,0.226,0.079,0.016,24/24
Armada,Armada,6000,160,t1only,sptk,-0.03,0.156,0.032,11/24
Armada,Armada,6000,160,t1only,snipe,-0.83,0.0,0.0,0/24
Armada,Armada,6000,160,t1only,fboy,0.514,0.041,0.008,24/24
Armada,Armada,6000,160,t1only,fast,-0.367,0.032,0.007,0/24
Armada,Armada,6000,160,t1only,amph,0.298,0.026,0.005,24/24
Armada,Armada,6000,160,t1only,t1+zeus,0.577,0.008,0.002,24/24
Armada,Armada,6000,160,t1only,t1+mav,0.212,0.06,0.012,24/24
Armada,Armada,6000,160,t1only,t1+fido,0.537,0.021,0.004,24/24
Armada,Armada,6000,160,t1only,t1+sptk,0.584,0.028,0.006,24/24
Armada,Armada,6000,160,t1only,t1+snipe,-0.285,0.036,0.007,0/24
Armada,Armada,6000,160,t1only,t1+fboy,0.525,0.049,0.01,24/24
Armada,Armada,6000,160,t1only,zeus+fido,0.58,0.027,0.006,24/24
Armada,Armada,6000,160,t1only,zeus+sptk,0.561,0.029,0.006,24/24
Armada,Armada,6000,160,t1only,zeus+snipe,0.433,0.015,0.003,24/24
Armada,Armada,6000,160,t1only,mace+zeus,0.548,0.014,0.003,24/24
Armada,Armada,6000,160,t1only,t1+zeus+fido,0.554,0.022,0.005,24/24
Armada,Armada,6000,160,t1only,t1+zeus(25),0.532,0.028,0.006,24/24
Armada,Armada,6000,160,t1only,t1+zeus(75),0.412,0.008,0.002,24/24
Armada,Armada,6000,56,base6-hold,t1-line,-0.378,0.013,0.003,0/24
Armada,Armada,6000,56,base6-hold,t1-mace,-0.354,0.008,0.002,0/24
Armada,Armada,6000,56,base6-hold,zeus,-0.439,0.016,0.003,0/24
Armada,Armada,6000,56,base6-hold,mav,-0.46,0.002,0.0,0/24
Armada,Armada,6000,56,base6-hold,fido,0.315,0.126,0.026,23/24
Armada,Armada,6000,56,base6-hold,sptk,0.665,0.023,0.005,24/24
Armada,Armada,6000,56,base6-hold,snipe,-0.185,0.031,0.006,0/24
Armada,Armada,6000,56,base6-hold,fboy,1.0,0.0,0.0,24/24
Armada,Armada,6000,56,base6-hold,fast,-0.633,0.01,0.002,0/24
Armada,Armada,6000,56,base6-hold,amph,-0.525,0.014,0.003,0/24
Armada,Armada,6000,56,base6-hold,t1+zeus,-0.388,0.008,0.002,0/24
Armada,Armada,6000,56,base6-hold,t1+mav,-0.403,0.01,0.002,0/24
Armada,Armada,6000,56,base6-hold,t1+fido,-0.158,0.1,0.02,2/24
Armada,Armada,6000,56,base6-hold,t1+sptk,0.191,0.081,0.017,24/24
Armada,Armada,6000,56,base6-hold,t1+snipe,-0.27,0.0,0.0,0/24
Armada,Armada,6000,56,base6-hold,t1+fboy,0.472,0.008,0.002,24/24
Armada,Armada,6000,56,base6-hold,zeus+fido,-0.252,0.014,0.003,0/24
Armada,Armada,6000,56,base6-hold,zeus+sptk,0.08,0.104,0.021,14/24
Armada,Armada,6000,56,base6-hold,zeus+snipe,-0.27,0.0,0.0,0/24
Armada,Armada,6000,56,base6-hold,mace+zeus,-0.375,0.017,0.003,0/24
Armada,Armada,6000,56,base6-hold,t1+zeus+fido,-0.275,0.026,0.005,0/24
Armada,Armada,6000,56,base6-hold,t1+zeus(25),-0.4,0.014,0.003,0/24
Armada,Armada,6000,56,base6-hold,t1+zeus(75),-0.335,0.013,0.003,0/24
Armada,Armada,6000,160,base6-hold,t1-line,0.138,0.09,0.018,22/24
Armada,Armada,6000,160,base6-hold,t1-mace,0.057,0.036,0.007,22/24
Armada,Armada,6000,160,base6-hold,zeus,0.393,0.03,0.006,24/24
Armada,Armada,6000,160,base6-hold,mav,-0.12,0.035,0.007,0/24
Armada,Armada,6000,160,base6-hold,fido,0.276,0.064,0.013,24/24
Armada,Armada,6000,160,base6-hold,sptk,0.072,0.023,0.005,24/24
Armada,Armada,6000,160,base6-hold,snipe,-0.157,0.014,0.003,0/24
Armada,Armada,6000,160,base6-hold,fboy,0.99,0.0,0.0,24/24
Armada,Armada,6000,160,base6-hold,fast,-0.196,0.034,0.007,0/24
Armada,Armada,6000,160,base6-hold,amph,0.106,0.086,0.017,22/24
Armada,Armada,6000,160,base6-hold,t1+zeus,0.42,0.023,0.005,24/24
Armada,Armada,6000,160,base6-hold,t1+mav,-0.087,0.033,0.007,0/24
Armada,Armada,6000,160,base6-hold,t1+fido,-0.195,0.024,0.005,0/24
Armada,Armada,6000,160,base6-hold,t1+sptk,-0.042,0.098,0.02,11/24
Armada,Armada,6000,160,base6-hold,t1+snipe,-0.163,0.139,0.028,3/24
Armada,Armada,6000,160,base6-hold,t1+fboy,0.439,0.019,0.004,24/24
Armada,Armada,6000,160,base6-hold,zeus+fido,0.57,0.009,0.002,24/24
Armada,Armada,6000,160,base6-hold,zeus+sptk,0.37,0.122,0.025,24/24
Armada,Armada,6000,160,base6-hold,zeus+snipe,0.372,0.01,0.002,24/24
Armada,Armada,6000,160,base6-hold,mace+zeus,0.233,0.041,0.008,24/24
Armada,Armada,6000,160,base6-hold,t1+zeus+fido,0.335,0.086,0.018,24/24
Armada,Armada,6000,160,base6-hold,t1+zeus(25),0.23,0.033,0.007,24/24
Armada,Armada,6000,160,base6-hold,t1+zeus(75),0.391,0.02,0.004,24/24
Armada,Armada,6000,56,base6-out,t1-line,-0.153,0.039,0.008,0/24
Armada,Armada,6000,56,base6-out,t1-mace,-0.278,0.023,0.005,0/24
Armada,Armada,6000,56,base6-out,zeus,-0.352,0.013,0.003,0/24
Armada,Armada,6000,56,base6-out,mav,-0.365,0.029,0.006,0/24
Armada,Armada,6000,56,base6-out,fido,0.138,0.092,0.019,21/24
Armada,Armada,6000,56,base6-out,sptk,-0.423,0.197,0.04,0/24
Armada,Armada,6000,56,base6-out,snipe,-0.95,0.0,0.0,0/24
Armada,Armada,6000,56,base6-out,fboy,0.658,0.067,0.014,24/24
Armada,Armada,6000,56,base6-out,fast,-0.544,0.052,0.011,0/24
Armada,Armada,6000,56,base6-out,amph,-0.442,0.014,0.003,0/24
Armada,Armada,6000,56,base6-out,t1+zeus,-0.178,0.022,0.005,0/24
Armada,Armada,6000,56,base6-out,t1+mav,-0.3,0.037,0.008,0/24
Armada,Armada,6000,56,base6-out,t1+fido,0.139,0.142,0.029,18/24
Armada,Armada,6000,56,base6-out,t1+sptk,-0.188,0.049,0.01,0/24
Armada,Armada,6000,56,base6-out,t1+snipe,-0.359,0.019,0.004,0/24
Armada,Armada,6000,56,base6-out,t1+fboy,0.307,0.07,0.014,24/24
Armada,Armada,6000,56,base6-out,zeus+fido,0.329,0.103,0.021,24/24
Armada,Armada,6000,56,base6-out,zeus+sptk,0.016,0.12,0.025,15/24
Armada,Armada,6000,56,base6-out,zeus+snipe,-0.421,0.022,0.004,0/24
Armada,Armada,6000,56,base6-out,mace+zeus,-0.19,0.013,0.003,0/24
Armada,Armada,6000,56,base6-out,t1+zeus+fido,0.118,0.125,0.025,18/24
Armada,Armada,6000,56,base6-out,t1+zeus(25),-0.17,0.02,0.004,0/24
Armada,Armada,6000,56,base6-out,t1+zeus(75),-0.199,0.01,0.002,0/24
Armada,Armada,6000,160,base6-out,t1-line,-0.191,0.025,0.005,0/24
Armada,Armada,6000,160,base6-out,t1-mace,-0.319,0.031,0.006,0/24
Armada,Armada,6000,160,base6-out,zeus,0.13,0.021,0.004,24/24
Armada,Armada,6000,160,base6-out,mav,-0.217,0.02,0.004,0/24
Armada,Armada,6000,160,base6-out,fido,-0.154,0.029,0.006,0/24
Armada,Armada,6000,160,base6-out,sptk,-0.258,0.105,0.021,0/24
Armada,Armada,6000,160,base6-out,snipe,-0.9,0.0,0.0,0/24
Armada,Armada,6000,160,base6-out,fboy,0.25,0.06,0.012,24/24
Armada,Armada,6000,160,base6-out,fast,-0.463,0.025,0.005,0/24
Armada,Armada,6000,160,base6-out,amph,-0.02,0.074,0.015,10/24
Armada,Armada,6000,160,base6-out,t1+zeus,0.186,0.035,0.007,24/24
Armada,Armada,6000,160,base6-out,t1+mav,-0.333,0.041,0.008,0/24
Armada,Armada,6000,160,base6-out,t1+fido,-0.094,0.027,0.006,0/24
Armada,Armada,6000,160,base6-out,t1+sptk,-0.003,0.072,0.015,11/24
Armada,Armada,6000,160,base6-out,t1+snipe,-0.222,0.093,0.019,0/24
Armada,Armada,6000,160,base6-out,t1+fboy,0.426,0.098,0.02,24/24
Armada,Armada,6000,160,base6-out,zeus+fido,0.159,0.123,0.025,20/24
Armada,Armada,6000,160,base6-out,zeus+sptk,-0.065,0.047,0.01,1/24
Armada,Armada,6000,160,base6-out,zeus+snipe,-0.134,0.012,0.003,0/24
Armada,Armada,6000,160,base6-out,mace+zeus,0.282,0.042,0.009,24/24
Armada,Armada,6000,160,base6-out,t1+zeus+fido,0.049,0.117,0.024,11/24
Armada,Armada,6000,160,base6-out,t1+zeus(25),-0.143,0.019,0.004,0/24
Armada,Armada,6000,160,base6-out,t1+zeus(75),0.301,0.015,0.003,24/24
Armada,Armada,6000,56,base12-hold,t1-line,-0.44,0.009,0.002,0/24
Armada,Armada,6000,56,base12-hold,t1-mace,-0.421,0.009,0.002,0/24
Armada,Armada,6000,56,base12-hold,zeus,-0.484,0.008,0.002,0/24
Armada,Armada,6000,56,base12-hold,mav,-0.526,0.007,0.001,0/24
Armada,Armada,6000,56,base12-hold,fido,0.09,0.071,0.015,19/24
Armada,Armada,6000,56,base12-hold,sptk,0.592,0.06,0.012,24/24
Armada,Armada,6000,56,base12-hold,snipe,-0.15,0.021,0.004,0/24
Armada,Armada,6000,56,base12-hold,fboy,1.0,0.0,0.0,24/24
Armada,Armada,6000,56,base12-hold,fast,-0.696,0.005,0.001,0/24
Armada,Armada,6000,56,base12-hold,amph,-0.555,0.007,0.001,0/24
Armada,Armada,6000,56,base12-hold,t1+zeus,-0.429,0.01,0.002,0/24
Armada,Armada,6000,56,base12-hold,t1+mav,-0.49,0.007,0.001,0/24
Armada,Armada,6000,56,base12-hold,t1+fido,-0.256,0.012,0.003,0/24
Armada,Armada,6000,56,base12-hold,t1+sptk,0.035,0.058,0.012,21/24
Armada,Armada,6000,56,base12-hold,t1+snipe,-0.26,0.0,0.0,0/24
Armada,Armada,6000,56,base12-hold,t1+fboy,0.47,0.0,0.0,24/24
Armada,Armada,6000,56,base12-hold,zeus+fido,-0.263,0.01,0.002,0/24
Armada,Armada,6000,56,base12-hold,zeus+sptk,0.057,0.033,0.007,24/24
Armada,Armada,6000,56,base12-hold,zeus+snipe,-0.26,0.0,0.0,0/24
Armada,Armada,6000,56,base12-hold,mace+zeus,-0.482,0.01,0.002,0/24
Armada,Armada,6000,56,base12-hold,t1+zeus+fido,-0.291,0.022,0.004,0/24
Armada,Armada,6000,56,base12-hold,t1+zeus(25),-0.488,0.012,0.002,0/24
Armada,Armada,6000,56,base12-hold,t1+zeus(75),-0.446,0.008,0.002,0/24
Armada,Armada,6000,160,base12-hold,t1-line,-0.231,0.018,0.004,0/24
Armada,Armada,6000,160,base12-hold,t1-mace,-0.08,0.039,0.008,0/24
Armada,Armada,6000,160,base12-hold,zeus,0.298,0.012,0.002,24/24
Armada,Armada,6000,160,base12-hold,mav,-0.23,0.011,0.002,0/24
Armada,Armada,6000,160,base12-hold,fido,-0.236,0.024,0.005,0/24
Armada,Armada,6000,160,base12-hold,sptk,0.098,0.044,0.009,23/24
Armada,Armada,6000,160,base12-hold,snipe,-0.228,0.02,0.004,0/24
Armada,Armada,6000,160,base12-hold,fboy,0.97,0.0,0.0,24/24
Armada,Armada,6000,160,base12-hold,fast,-0.323,0.04,0.008,0/24
Armada,Armada,6000,160,base12-hold,amph,-0.107,0.051,0.01,1/24
Armada,Armada,6000,160,base12-hold,t1+zeus,0.198,0.052,0.011,24/24
Armada,Armada,6000,160,base12-hold,t1+mav,-0.196,0.015,0.003,0/24
Armada,Armada,6000,160,base12-hold,t1+fido,-0.241,0.025,0.005,0/24
Armada,Armada,6000,160,base12-hold,t1+sptk,-0.24,0.012,0.002,0/24
Armada,Armada,6000,160,base12-hold,t1+snipe,-0.309,0.034,0.007,0/24
Armada,Armada,6000,160,base12-hold,t1+fboy,0.422,0.018,0.004,24/24
Armada,Armada,6000,160,base12-hold,zeus+fido,0.067,0.071,0.014,21/24
Armada,Armada,6000,160,base12-hold,zeus+sptk,0.041,0.103,0.021,18/24
Armada,Armada,6000,160,base12-hold,zeus+snipe,0.146,0.155,0.032,20/24
Armada,Armada,6000,160,base12-hold,mace+zeus,0.107,0.037,0.008,24/24
Armada,Armada,6000,160,base12-hold,t1+zeus+fido,-0.071,0.052,0.011,2/24
Armada,Armada,6000,160,base12-hold,t1+zeus(25),-0.017,0.067,0.014,6/24
Armada,Armada,6000,160,base12-hold,t1+zeus(75),0.317,0.014,0.003,24/24
Armada,Armada,6000,56,base12-out,t1-line,-0.379,0.015,0.003,0/24
Armada,Armada,6000,56,base12-out,t1-mace,-0.47,0.019,0.004,0/24
Armada,Armada,6000,56,base12-out,zeus,-0.432,0.009,0.002,0/24
Armada,Armada,6000,56,base12-out,mav,-0.508,0.009,0.002,0/24
Armada,Armada,6000,56,base12-out,fido,-0.266,0.031,0.006,0/24
Armada,Armada,6000,56,base12-out,sptk,-0.459,0.187,0.038,0/24
Armada,Armada,6000,56,base12-out,snipe,-0.96,0.0,0.0,0/24
Armada,Armada,6000,56,base12-out,fboy,0.663,0.056,0.011,24/24
Armada,Armada,6000,56,base12-out,fast,-0.541,0.029,0.006,0/24
Armada,Armada,6000,56,base12-out,amph,-0.505,0.018,0.004,0/24
Armada,Armada,6000,56,base12-out,t1+zeus,-0.301,0.064,0.013,0/24
Armada,Armada,6000,56,base12-out,t1+mav,-0.481,0.014,0.003,0/24
Armada,Armada,6000,56,base12-out,t1+fido,-0.208,0.063,0.013,0/24
Armada,Armada,6000,56,base12-out,t1+sptk,-0.22,0.035,0.007,0/24
Armada,Armada,6000,56,base12-out,t1+snipe,-0.51,0.023,0.005,0/24
Armada,Armada,6000,56,base12-out,t1+fboy,0.302,0.065,0.013,24/24
Armada,Armada,6000,56,base12-out,zeus+fido,-0.025,0.144,0.029,8/24
Armada,Armada,6000,56,base12-out,zeus+sptk,-0.134,0.102,0.021,3/24
Armada,Armada,6000,56,base12-out,zeus+snipe,-0.54,0.0,0.0,0/24
Armada,Armada,6000,56,base12-out,mace+zeus,-0.357,0.022,0.004,0/24
Armada,Armada,6000,56,base12-out,t1+zeus+fido,-0.155,0.089,0.018,1/24
Armada,Armada,6000,56,base12-out,t1+zeus(25),-0.405,0.017,0.004,0/24
Armada,Armada,6000,56,base12-out,t1+zeus(75),-0.386,0.016,0.003,0/24
Armada,Armada,6000,160,base12-out,t1-line,-0.201,0.017,0.003,0/24
Armada,Armada,6000,160,base12-out,t1-mace,-0.325,0.048,0.01,0/24
Armada,Armada,6000,160,base12-out,zeus,0.193,0.041,0.008,24/24
Armada,Armada,6000,160,base12-out,mav,-0.242,0.018,0.004,0/24
Armada,Armada,6000,160,base12-out,fido,-0.2,0.033,0.007,0/24
Armada,Armada,6000,160,base12-out,sptk,-0.26,0.097,0.02,0/24
Armada,Armada,6000,160,base12-out,snipe,-0.92,0.0,0.0,0/24
Armada,Armada,6000,160,base12-out,fboy,0.165,0.073,0.015,24/24
Armada,Armada,6000,160,base12-out,fast,-0.427,0.068,0.014,0/24
Armada,Armada,6000,160,base12-out,amph,-0.212,0.017,0.004,0/24
Armada,Armada,6000,160,base12-out,t1+zeus,0.169,0.053,0.011,24/24
Armada,Armada,6000,160,base12-out,t1+mav,-0.31,0.058,0.012,0/24
Armada,Armada,6000,160,base12-out,t1+fido,-0.155,0.016,0.003,0/24
Armada,Armada,6000,160,base12-out,t1+sptk,-0.13,0.002,0.0,0/24
Armada,Armada,6000,160,base12-out,t1+snipe,-0.163,0.057,0.012,0/24
Armada,Armada,6000,160,base12-out,t1+fboy,0.432,0.087,0.018,24/24
Armada,Armada,6000,160,base12-out,zeus+fido,-0.107,0.069,0.014,3/24
Armada,Armada,6000,160,base12-out,zeus+sptk,-0.13,0.002,0.0,0/24
Armada,Armada,6000,160,base12-out,zeus+snipe,-0.148,0.006,0.001,0/24
Armada,Armada,6000,160,base12-out,mace+zeus,-0.026,0.088,0.018,8/24
Armada,Armada,6000,160,base12-out,t1+zeus+fido,-0.139,0.013,0.003,0/24
Armada,Armada,6000,160,base12-out,t1+zeus(25),-0.147,0.016,0.003,0/24
Armada,Armada,6000,160,base12-out,t1+zeus(75),0.139,0.061,0.012,23/24
Armada,Armada,10000,56,field20,t1-line,0.166,0.062,0.013,24/24
Armada,Armada,10000,56,field20,t1-mace,-0.095,0.043,0.009,0/24
Armada,Armada,10000,56,field20,zeus,-0.57,0.006,0.001,0/24
Armada,Armada,10000,56,field20,mav,-0.325,0.019,0.004,0/24
Armada,Armada,10000,56,field20,fido,0.271,0.099,0.02,24/24
Armada,Armada,10000,56,field20,sptk,-0.552,0.194,0.04,1/24
Armada,Armada,10000,56,field20,snipe,-0.87,0.0,0.0,0/24
Armada,Armada,10000,56,field20,fboy,0.459,0.067,0.014,24/24
Armada,Armada,10000,56,field20,fast,-0.682,0.016,0.003,0/24
Armada,Armada,10000,56,field20,amph,-0.614,0.015,0.003,0/24
Armada,Armada,10000,56,field20,t1+zeus,-0.015,0.062,0.013,9/24
Armada,Armada,10000,56,field20,t1+mav,-0.135,0.095,0.019,1/24
Armada,Armada,10000,56,field20,t1+fido,0.217,0.121,0.025,24/24
Armada,Armada,10000,56,field20,t1+sptk,-0.074,0.157,0.032,7/24
Armada,Armada,10000,56,field20,t1+snipe,-0.361,0.033,0.007,0/24
Armada,Armada,10000,56,field20,t1+fboy,0.335,0.074,0.015,24/24
Armada,Armada,10000,56,field20,zeus+fido,0.244,0.127,0.026,24/24
Armada,Armada,10000,56,field20,zeus+sptk,-0.015,0.095,0.019,12/24
Armada,Armada,10000,56,field20,zeus+snipe,-0.588,0.011,0.002,0/24
Armada,Armada,10000,56,field20,mace+zeus,-0.097,0.047,0.01,0/24
Armada,Armada,10000,56,field20,t1+zeus+fido,0.307,0.06,0.012,24/24
Armada,Armada,10000,56,field20,t1+zeus(25),0.028,0.079,0.016,14/24
Armada,Armada,10000,56,field20,t1+zeus(75),-0.039,0.072,0.015,7/24
Armada,Armada,10000,160,field20,t1-line,0.276,0.05,0.01,24/24
Armada,Armada,10000,160,field20,t1-mace,0.11,0.047,0.01,23/24
Armada,Armada,10000,160,field20,zeus,-0.242,0.025,0.005,0/24
Armada,Armada,10000,160,field20,mav,0.045,0.08,0.016,17/24
Armada,Armada,10000,160,field20,fido,0.296,0.078,0.016,24/24
Armada,Armada,10000,160,field20,sptk,-0.304,0.22,0.045,5/24
Armada,Armada,10000,160,field20,snipe,-0.88,0.0,0.0,0/24
Armada,Armada,10000,160,field20,fboy,0.608,0.028,0.006,24/24
Armada,Armada,10000,160,field20,fast,-0.432,0.028,0.006,0/24
Armada,Armada,10000,160,field20,amph,-0.037,0.093,0.019,12/24
Armada,Armada,10000,160,field20,t1+zeus,0.435,0.012,0.002,24/24
Armada,Armada,10000,160,field20,t1+mav,0.154,0.069,0.014,23/24
Armada,Armada,10000,160,field20,t1+fido,0.557,0.053,0.011,24/24
Armada,Armada,10000,160,field20,t1+sptk,0.611,0.025,0.005,24/24
Armada,Armada,10000,160,field20,t1+snipe,0.03,0.168,0.034,8/24
Armada,Armada,10000,160,field20,t1+fboy,0.459,0.036,0.007,24/24
Armada,Armada,10000,160,field20,zeus+fido,0.531,0.022,0.005,24/24
Armada,Armada,10000,160,field20,zeus+sptk,0.407,0.036,0.007,24/24
Armada,Armada,10000,160,field20,zeus+snipe,-0.407,0.029,0.006,0/24
Armada,Armada,10000,160,field20,mace+zeus,0.403,0.025,0.005,24/24
Armada,Armada,10000,160,field20,t1+zeus+fido,0.582,0.017,0.004,24/24
Armada,Armada,10000,160,field20,t1+zeus(25),0.461,0.024,0.005,24/24
Armada,Armada,10000,160,field20,t1+zeus(75),0.257,0.008,0.002,24/24
Armada,Armada,10000,56,field25,t1-line,-0.067,0.048,0.01,2/24
Armada,Armada,10000,56,field25,t1-mace,-0.293,0.044,0.009,0/24
Armada,Armada,10000,56,field25,zeus,-0.54,0.008,0.002,0/24
Armada,Armada,10000,56,field25,mav,-0.389,0.024,0.005,0/24
Armada,Armada,10000,56,field25,fido,0.025,0.088,0.018,15/24
Armada,Armada,10000,56,field25,sptk,-0.639,0.111,0.023,0/24
Armada,Armada,10000,56,field25,snipe,-0.84,0.0,0.0,0/24
Armada,Armada,10000,56,field25,fboy,0.412,0.04,0.008,24/24
Armada,Armada,10000,56,field25,fast,-0.604,0.019,0.004,0/24
Armada,Armada,10000,56,field25,amph,-0.57,0.019,0.004,0/24
Armada,Armada,10000,56,field25,t1+zeus,-0.062,0.066,0.013,5/24
Armada,Armada,10000,56,field25,t1+mav,-0.245,0.051,0.01,0/24
Armada,Armada,10000,56,field25,t1+fido,0.05,0.169,0.035,11/24
Armada,Armada,10000,56,field25,t1+sptk,-0.201,0.156,0.032,2/24
Armada,Armada,10000,56,field25,t1+snipe,-0.396,0.018,0.004,0/24
Armada,Armada,10000,56,field25,t1+fboy,0.192,0.095,0.019,23/24
Armada,Armada,10000,56,field25,zeus+fido,0.121,0.152,0.031,18/24
Armada,Armada,10000,56,field25,zeus+sptk,0.001,0.116,0.024,17/24
Armada,Armada,10000,56,field25,zeus+snipe,-0.6,0.007,0.001,0/24
Armada,Armada,10000,56,field25,mace+zeus,-0.089,0.063,0.013,1/24
Armada,Armada,10000,56,field25,t1+zeus+fido,0.219,0.107,0.022,23/24
Armada,Armada,10000,56,field25,t1+zeus(25),-0.141,0.036,0.007,0/24
Armada,Armada,10000,56,field25,t1+zeus(75),-0.207,0.045,0.009,0/24
Armada,Armada,10000,160,field25,t1-line,0.087,0.066,0.014,22/24
Armada,Armada,10000,160,field25,t1-mace,-0.231,0.031,0.006,0/24
Armada,Armada,10000,160,field25,zeus,-0.284,0.017,0.004,0/24
Armada,Armada,10000,160,field25,mav,-0.045,0.08,0.016,5/24
Armada,Armada,10000,160,field25,fido,0.1,0.133,0.027,18/24
Armada,Armada,10000,160,field25,sptk,-0.186,0.138,0.028,2/24
Armada,Armada,10000,160,field25,snipe,-0.86,0.0,0.0,0/24
Armada,Armada,10000,160,field25,fboy,0.558,0.026,0.005,24/24
Armada,Armada,10000,160,field25,fast,-0.422,0.029,0.006,0/24
Armada,Armada,10000,160,field25,amph,-0.261,0.021,0.004,0/24
Armada,Armada,10000,160,field25,t1+zeus,0.385,0.016,0.003,24/24
Armada,Armada,10000,160,field25,t1+mav,-0.141,0.054,0.011,1/24
Armada,Armada,10000,160,field25,t1+fido,0.313,0.165,0.034,22/24
Armada,Armada,10000,160,field25,t1+sptk,0.532,0.029,0.006,24/24
Armada,Armada,10000,160,field25,t1+snipe,-0.075,0.156,0.032,4/24
Armada,Armada,10000,160,field25,t1+fboy,0.461,0.029,0.006,24/24
Armada,Armada,10000,160,field25,zeus+fido,0.461,0.065,0.013,24/24
Armada,Armada,10000,160,field25,zeus+sptk,0.346,0.058,0.012,24/24
Armada,Armada,10000,160,field25,zeus+snipe,-0.395,0.012,0.002,0/24
Armada,Armada,10000,160,field25,mace+zeus,0.233,0.049,0.01,24/24
Armada,Armada,10000,160,field25,t1+zeus+fido,0.502,0.037,0.008,24/24
Armada,Armada,10000,160,field25,t1+zeus(25),0.36,0.048,0.01,24/24
Armada,Armada,10000,160,field25,t1+zeus(75),0.144,0.02,0.004,24/24
Armada,Armada,10000,56,t1only,t1-line,0.201,0.077,0.016,24/24
Armada,Armada,10000,56,t1only,t1-mace,0.005,0.073,0.015,14/24
Armada,Armada,10000,56,t1only,zeus,-0.55,0.007,0.001,0/24
Armada,Armada,10000,56,t1only,mav,-0.315,0.045,0.009,0/24
Armada,Armada,10000,56,t1only,fido,0.276,0.093,0.019,24/24
Armada,Armada,10000,56,t1only,sptk,-0.523,0.104,0.021,0/24
Armada,Armada,10000,56,t1only,snipe,-0.87,0.0,0.0,0/24
Armada,Armada,10000,56,t1only,fboy,0.443,0.065,0.013,24/24
Armada,Armada,10000,56,t1only,fast,-0.68,0.014,0.003,0/24
Armada,Armada,10000,56,t1only,amph,-0.639,0.007,0.001,0/24
Armada,Armada,10000,56,t1only,t1+zeus,0.037,0.076,0.015,16/24
Armada,Armada,10000,56,t1only,t1+mav,-0.089,0.095,0.019,2/24
Armada,Armada,10000,56,t1only,t1+fido,0.315,0.17,0.035,23/24
Armada,Armada,10000,56,t1only,t1+sptk,-0.012,0.131,0.027,11/24
Armada,Armada,10000,56,t1only,t1+snipe,-0.34,0.05,0.01,0/24
Armada,Armada,10000,56,t1only,t1+fboy,0.374,0.055,0.011,24/24
Armada,Armada,10000,56,t1only,zeus+fido,0.364,0.119,0.024,24/24
Armada,Armada,10000,56,t1only,zeus+sptk,0.013,0.098,0.02,16/24
Armada,Armada,10000,56,t1only,zeus+snipe,-0.602,0.015,0.003,0/24
Armada,Armada,10000,56,t1only,mace+zeus,-0.05,0.065,0.013,6/24
Armada,Armada,10000,56,t1only,t1+zeus+fido,0.356,0.062,0.013,24/24
Armada,Armada,10000,56,t1only,t1+zeus(25),0.133,0.061,0.012,24/24
Armada,Armada,10000,56,t1only,t1+zeus(75),-0.128,0.082,0.017,0/24
Armada,Armada,10000,160,t1only,t1-line,0.289,0.056,0.011,24/24
Armada,Armada,10000,160,t1only,t1-mace,0.084,0.055,0.011,23/24
Armada,Armada,10000,160,t1only,zeus,-0.314,0.008,0.002,0/24
Armada,Armada,10000,160,t1only,mav,0.024,0.087,0.018,17/24
Armada,Armada,10000,160,t1only,fido,0.299,0.108,0.022,24/24
Armada,Armada,10000,160,t1only,sptk,-0.248,0.205,0.042,3/24
Armada,Armada,10000,160,t1only,snipe,-0.89,0.0,0.0,0/24
Armada,Armada,10000,160,t1only,fboy,0.603,0.028,0.006,24/24
Armada,Armada,10000,160,t1only,fast,-0.442,0.028,0.006,0/24
Armada,Armada,10000,160,t1only,amph,-0.03,0.038,0.008,8/24
Armada,Armada,10000,160,t1only,t1+zeus,0.335,0.018,0.004,24/24
Armada,Armada,10000,160,t1only,t1+mav,0.163,0.052,0.011,24/24
Armada,Armada,10000,160,t1only,t1+fido,0.53,0.052,0.011,24/24
Armada,Armada,10000,160,t1only,t1+sptk,0.604,0.029,0.006,24/24
Armada,Armada,10000,160,t1only,t1+snipe,0.239,0.254,0.052,16/24
Armada,Armada,10000,160,t1only,t1+fboy,0.501,0.04,0.008,24/24
Armada,Armada,10000,160,t1only,zeus+fido,0.52,0.032,0.007,24/24
Armada,Armada,10000,160,t1only,zeus+sptk,0.372,0.043,0.009,24/24
Armada,Armada,10000,160,t1only,zeus+snipe,-0.385,0.028,0.006,0/24
Armada,Armada,10000,160,t1only,mace+zeus,0.254,0.022,0.005,24/24
Armada,Armada,10000,160,t1only,t1+zeus+fido,0.552,0.02,0.004,24/24
Armada,Armada,10000,160,t1only,t1+zeus(25),0.448,0.016,0.003,24/24
Armada,Armada,10000,160,t1only,t1+zeus(75),0.134,0.019,0.004,24/24
Armada,Armada,10000,56,base6-hold,t1-line,-0.256,0.018,0.004,0/24
Armada,Armada,10000,56,base6-hold,t1-mace,-0.299,0.016,0.003,0/24
Armada,Armada,10000,56,base6-hold,zeus,-0.445,0.008,0.002,0/24
Armada,Armada,10000,56,base6-hold,mav,-0.339,0.012,0.002,0/24
Armada,Armada,10000,56,base6-hold,fido,0.341,0.08,0.016,24/24
Armada,Armada,10000,56,base6-hold,sptk,0.702,0.019,0.004,24/24
Armada,Armada,10000,56,base6-hold,snipe,0.021,0.094,0.019,15/24
Armada,Armada,10000,56,base6-hold,fboy,1.0,0.0,0.0,24/24
Armada,Armada,10000,56,base6-hold,fast,-0.6,0.011,0.002,0/24
Armada,Armada,10000,56,base6-hold,amph,-0.499,0.012,0.003,0/24
Armada,Armada,10000,56,base6-hold,t1+zeus,-0.221,0.011,0.002,0/24
Armada,Armada,10000,56,base6-hold,t1+mav,-0.281,0.012,0.003,0/24
Armada,Armada,10000,56,base6-hold,t1+fido,0.072,0.124,0.025,18/24
Armada,Armada,10000,56,base6-hold,t1+sptk,0.38,0.079,0.016,24/24
Armada,Armada,10000,56,base6-hold,t1+snipe,-0.21,0.0,0.0,0/24
Armada,Armada,10000,56,base6-hold,t1+fboy,0.485,0.028,0.006,24/24
Armada,Armada,10000,56,base6-hold,zeus+fido,0.135,0.121,0.025,20/24
Armada,Armada,10000,56,base6-hold,zeus+sptk,0.261,0.037,0.008,24/24
Armada,Armada,10000,56,base6-hold,zeus+snipe,-0.072,0.077,0.016,2/24
Armada,Armada,10000,56,base6-hold,mace+zeus,-0.249,0.014,0.003,0/24
Armada,Armada,10000,56,base6-hold,t1+zeus+fido,-0.113,0.048,0.01,0/24
Armada,Armada,10000,56,base6-hold,t1+zeus(25),-0.253,0.014,0.003,0/24
Armada,Armada,10000,56,base6-hold,t1+zeus(75),-0.233,0.012,0.002,0/24
Armada,Armada,10000,160,base6-hold,t1-line,0.24,0.036,0.007,24/24
Armada,Armada,10000,160,base6-hold,t1-mace,0.129,0.037,0.007,24/24
Armada,Armada,10000,160,base6-hold,zeus,0.363,0.026,0.005,24/24
Armada,Armada,10000,160,base6-hold,mav,0.174,0.054,0.011,24/24
Armada,Armada,10000,160,base6-hold,fido,0.36,0.082,0.017,24/24
Armada,Armada,10000,160,base6-hold,sptk,0.513,0.03,0.006,24/24
Armada,Armada,10000,160,base6-hold,snipe,0.535,0.024,0.005,24/24
Armada,Armada,10000,160,base6-hold,fboy,1.0,0.0,0.0,24/24
Armada,Armada,10000,160,base6-hold,fast,-0.179,0.029,0.006,0/24
Armada,Armada,10000,160,base6-hold,amph,0.207,0.049,0.01,24/24
Armada,Armada,10000,160,base6-hold,t1+zeus,0.501,0.02,0.004,24/24
Armada,Armada,10000,160,base6-hold,t1+mav,0.1,0.045,0.009,23/24
Armada,Armada,10000,160,base6-hold,t1+fido,0.16,0.094,0.019,23/24
Armada,Armada,10000,160,base6-hold,t1+sptk,0.287,0.092,0.019,24/24
Armada,Armada,10000,160,base6-hold,t1+snipe,0.205,0.23,0.047,18/24
Armada,Armada,10000,160,base6-hold,t1+fboy,0.421,0.017,0.003,24/24
Armada,Armada,10000,160,base6-hold,zeus+fido,0.612,0.01,0.002,24/24
Armada,Armada,10000,160,base6-hold,zeus+sptk,0.53,0.008,0.002,24/24
Armada,Armada,10000,160,base6-hold,zeus+snipe,0.445,0.012,0.002,24/24
Armada,Armada,10000,160,base6-hold,mace+zeus,0.534,0.019,0.004,24/24
Armada,Armada,10000,160,base6-hold,t1+zeus+fido,0.585,0.026,0.005,24/24
Armada,Armada,10000,160,base6-hold,t1+zeus(25),0.312,0.045,0.009,24/24
Armada,Armada,10000,160,base6-hold,t1+zeus(75),0.407,0.024,0.005,24/24
Armada,Armada,10000,56,base6-out,t1-line,0.0,0.095,0.019,11/24
Armada,Armada,10000,56,base6-out,t1-mace,-0.168,0.025,0.005,0/24
Armada,Armada,10000,56,base6-out,zeus,-0.422,0.031,0.006,0/24
Armada,Armada,10000,56,base6-out,mav,-0.348,0.027,0.005,0/24
Armada,Armada,10000,56,base6-out,fido,0.17,0.1,0.02,23/24
Armada,Armada,10000,56,base6-out,sptk,-0.595,0.11,0.022,0/24
Armada,Armada,10000,56,base6-out,snipe,-0.88,0.0,0.0,0/24
Armada,Armada,10000,56,base6-out,fboy,0.497,0.054,0.011,24/24
Armada,Armada,10000,56,base6-out,fast,-0.626,0.023,0.005,0/24
Armada,Armada,10000,56,base6-out,amph,-0.596,0.013,0.003,0/24
Armada,Armada,10000,56,base6-out,t1+zeus,0.142,0.047,0.01,24/24
Armada,Armada,10000,56,base6-out,t1+mav,-0.197,0.053,0.011,0/24
Armada,Armada,10000,56,base6-out,t1+fido,0.238,0.096,0.02,23/24
Armada,Armada,10000,56,base6-out,t1+sptk,-0.238,0.132,0.027,0/24
Armada,Armada,10000,56,base6-out,t1+snipe,-0.352,0.048,0.01,0/24
Armada,Armada,10000,56,base6-out,t1+fboy,0.365,0.05,0.01,24/24
Armada,Armada,10000,56,base6-out,zeus+fido,0.395,0.06,0.012,24/24
Armada,Armada,10000,56,base6-out,zeus+sptk,-0.114,0.062,0.013,1/24
Armada,Armada,10000,56,base6-out,zeus+snipe,-0.624,0.017,0.003,0/24
Armada,Armada,10000,56,base6-out,mace+zeus,-0.1,0.028,0.006,0/24
Armada,Armada,10000,56,base6-out,t1+zeus+fido,0.182,0.095,0.019,22/24
Armada,Armada,10000,56,base6-out,t1+zeus(25),-0.061,0.058,0.012,6/24
Armada,Armada,10000,56,base6-out,t1+zeus(75),-0.11,0.023,0.005,0/24
Armada,Armada,10000,160,base6-out,t1-line,-0.128,0.027,0.006,0/24
Armada,Armada,10000,160,base6-out,t1-mace,-0.256,0.026,0.005,0/24
Armada,Armada,10000,160,base6-out,zeus,-0.357,0.012,0.003,0/24
Armada,Armada,10000,160,base6-out,mav,-0.161,0.035,0.007,0/24
Armada,Armada,10000,160,base6-out,fido,-0.072,0.088,0.018,4/24
Armada,Armada,10000,160,base6-out,sptk,-0.206,0.107,0.022,0/24
Armada,Armada,10000,160,base6-out,snipe,-0.89,0.0,0.0,0/24
Armada,Armada,10000,160,base6-out,fboy,0.44,0.021,0.004,24/24
Armada,Armada,10000,160,base6-out,fast,-0.463,0.032,0.007,0/24
Armada,Armada,10000,160,base6-out,amph,0.051,0.056,0.011,18/24
Armada,Armada,10000,160,base6-out,t1+zeus,0.276,0.028,0.006,24/24
Armada,Armada,10000,160,base6-out,t1+mav,-0.14,0.039,0.008,0/24
Armada,Armada,10000,160,base6-out,t1+fido,0.138,0.13,0.026,20/24
Armada,Armada,10000,160,base6-out,t1+sptk,0.29,0.041,0.008,24/24
Armada,Armada,10000,160,base6-out,t1+snipe,-0.0,0.207,0.042,12/24
Armada,Armada,10000,160,base6-out,t1+fboy,0.422,0.037,0.008,24/24
Armada,Armada,10000,160,base6-out,zeus+fido,0.271,0.082,0.017,24/24
Armada,Armada,10000,160,base6-out,zeus+sptk,0.128,0.045,0.009,24/24
Armada,Armada,10000,160,base6-out,zeus+snipe,-0.472,0.017,0.003,0/24
Armada,Armada,10000,160,base6-out,mace+zeus,0.242,0.034,0.007,24/24
Armada,Armada,10000,160,base6-out,t1+zeus+fido,0.265,0.058,0.012,24/24
Armada,Armada,10000,160,base6-out,t1+zeus(25),-0.065,0.045,0.009,2/24
Armada,Armada,10000,160,base6-out,t1+zeus(75),0.095,0.033,0.007,24/24
Armada,Armada,10000,56,base12-hold,t1-line,-0.357,0.02,0.004,0/24
Armada,Armada,10000,56,base12-hold,t1-mace,-0.312,0.013,0.003,0/24
Armada,Armada,10000,56,base12-hold,zeus,-0.472,0.006,0.001,0/24
Armada,Armada,10000,56,base12-hold,mav,-0.43,0.01,0.002,0/24
Armada,Armada,10000,56,base12-hold,fido,0.447,0.049,0.01,24/24
Armada,Armada,10000,56,base12-hold,sptk,0.829,0.038,0.008,24/24
Armada,Armada,10000,56,base12-hold,snipe,-0.039,0.071,0.014,9/24
Armada,Armada,10000,56,base12-hold,fboy,1.0,0.0,0.0,24/24
Armada,Armada,10000,56,base12-hold,fast,-0.626,0.008,0.002,0/24
Armada,Armada,10000,56,base12-hold,amph,-0.544,0.008,0.002,0/24
Armada,Armada,10000,56,base12-hold,t1+zeus,-0.258,0.009,0.002,0/24
Armada,Armada,10000,56,base12-hold,t1+mav,-0.428,0.005,0.001,0/24
Armada,Armada,10000,56,base12-hold,t1+fido,0.04,0.123,0.025,13/24
Armada,Armada,10000,56,base12-hold,t1+sptk,0.334,0.061,0.012,24/24
Armada,Armada,10000,56,base12-hold,t1+snipe,-0.14,0.159,0.032,3/24
Armada,Armada,10000,56,base12-hold,t1+fboy,0.484,0.029,0.006,24/24
Armada,Armada,10000,56,base12-hold,zeus+fido,-0.078,0.128,0.026,8/24
Armada,Armada,10000,56,base12-hold,zeus+sptk,0.272,0.038,0.008,24/24
Armada,Armada,10000,56,base12-hold,zeus+snipe,0.059,0.023,0.005,24/24
Armada,Armada,10000,56,base12-hold,mace+zeus,-0.322,0.012,0.002,0/24
Armada,Armada,10000,56,base12-hold,t1+zeus+fido,-0.097,0.062,0.013,2/24
Armada,Armada,10000,56,base12-hold,t1+zeus(25),-0.28,0.008,0.002,0/24
Armada,Armada,10000,56,base12-hold,t1+zeus(75),-0.316,0.015,0.003,0/24
Armada,Armada,10000,160,base12-hold,t1-line,0.162,0.087,0.018,24/24
Armada,Armada,10000,160,base12-hold,t1-mace,0.044,0.034,0.007,19/24
Armada,Armada,10000,160,base12-hold,zeus,0.307,0.027,0.006,24/24
Armada,Armada,10000,160,base12-hold,mav,0.104,0.065,0.013,24/24
Armada,Armada,10000,160,base12-hold,fido,-0.25,0.059,0.012,0/24
Armada,Armada,10000,160,base12-hold,sptk,0.677,0.005,0.001,24/24
Armada,Armada,10000,160,base12-hold,snipe,0.57,0.0,0.0,24/24
Armada,Armada,10000,160,base12-hold,fboy,0.98,0.0,0.0,24/24
Armada,Armada,10000,160,base12-hold,fast,-0.359,0.029,0.006,0/24
Armada,Armada,10000,160,base12-hold,amph,0.102,0.043,0.009,24/24
Armada,Armada,10000,160,base12-hold,t1+zeus,0.474,0.02,0.004,24/24
Armada,Armada,10000,160,base12-hold,t1+mav,0.039,0.05,0.01,19/24
Armada,Armada,10000,160,base12-hold,t1+fido,0.005,0.085,0.017,12/24
Armada,Armada,10000,160,base12-hold,t1+sptk,0.047,0.118,0.024,10/24
Armada,Armada,10000,160,base12-hold,t1+snipe,-0.12,0.122,0.025,6/24
Armada,Armada,10000,160,base12-hold,t1+fboy,0.42,0.014,0.003,24/24
Armada,Armada,10000,160,base12-hold,zeus+fido,0.558,0.009,0.002,24/24
Armada,Armada,10000,160,base12-hold,zeus+sptk,0.515,0.005,0.001,24/24
Armada,Armada,10000,160,base12-hold,zeus+snipe,0.412,0.004,0.001,24/24
Armada,Armada,10000,160,base12-hold,mace+zeus,0.437,0.032,0.006,24/24
Armada,Armada,10000,160,base12-hold,t1+zeus+fido,0.453,0.027,0.006,24/24
Armada,Armada,10000,160,base12-hold,t1+zeus(25),0.299,0.038,0.008,24/24
Armada,Armada,10000,160,base12-hold,t1+zeus(75),0.386,0.026,0.005,24/24
Armada,Armada,10000,56,base12-out,t1-line,-0.168,0.052,0.011,0/24
Armada,Armada,10000,56,base12-out,t1-mace,-0.333,0.018,0.004,0/24
Armada,Armada,10000,56,base12-out,zeus,-0.449,0.009,0.002,0/24
Armada,Armada,10000,56,base12-out,mav,-0.455,0.012,0.002,0/24
Armada,Armada,10000,56,base12-out,fido,-0.073,0.088,0.018,4/24
Armada,Armada,10000,56,base12-out,sptk,-0.613,0.119,0.024,0/24
Armada,Armada,10000,56,base12-out,snipe,-0.88,0.0,0.0,0/24
Armada,Armada,10000,56,base12-out,fboy,0.544,0.054,0.011,24/24
Armada,Armada,10000,56,base12-out,fast,-0.624,0.025,0.005,0/24
Armada,Armada,10000,56,base12-out,amph,-0.608,0.013,0.003,0/24
Armada,Armada,10000,56,base12-out,t1+zeus,-0.069,0.019,0.004,0/24
Armada,Armada,10000,56,base12-out,t1+mav,-0.352,0.029,0.006,0/24
Armada,Armada,10000,56,base12-out,t1+fido,-0.024,0.075,0.015,6/24
Armada,Armada,10000,56,base12-out,t1+sptk,-0.279,0.115,0.023,0/24
Armada,Armada,10000,56,base12-out,t1+snipe,-0.441,0.018,0.004,0/24
Armada,Armada,10000,56,base12-out,t1+fboy,0.381,0.03,0.006,24/24
Armada,Armada,10000,56,base12-out,zeus+fido,0.345,0.06,0.012,24/24
Armada,Armada,10000,56,base12-out,zeus+sptk,-0.173,0.044,0.009,0/24
Armada,Armada,10000,56,base12-out,zeus+snipe,-0.612,0.011,0.002,0/24
Armada,Armada,10000,56,base12-out,mace+zeus,-0.207,0.051,0.01,0/24
Armada,Armada,10000,56,base12-out,t1+zeus+fido,-0.009,0.133,0.027,7/24
Armada,Armada,10000,56,base12-out,t1+zeus(25),-0.22,0.053,0.011,0/24
Armada,Armada,10000,56,base12-out,t1+zeus(75),-0.213,0.043,0.009,0/24
Armada,Armada,10000,160,base12-out,t1-line,-0.141,0.015,0.003,0/24
Armada,Armada,10000,160,base12-out,t1-mace,-0.272,0.027,0.006,0/24
Armada,Armada,10000,160,base12-out,zeus,-0.305,0.018,0.004,0/24
Armada,Armada,10000,160,base12-out,mav,-0.168,0.02,0.004,0/24
Armada,Armada,10000,160,base12-out,fido,-0.137,0.044,0.009,0/24
Armada,Armada,10000,160,base12-out,sptk,-0.291,0.103,0.021,0/24
Armada,Armada,10000,160,base12-out,snipe,-0.89,0.0,0.0,0/24
Armada,Armada,10000,160,base12-out,fboy,0.385,0.03,0.006,24/24
Armada,Armada,10000,160,base12-out,fast,-0.446,0.037,0.008,0/24
Armada,Armada,10000,160,base12-out,amph,-0.215,0.035,0.007,0/24
Armada,Armada,10000,160,base12-out,t1+zeus,0.098,0.054,0.011,23/24
Armada,Armada,10000,160,base12-out,t1+mav,-0.201,0.046,0.009,0/24
Armada,Armada,10000,160,base12-out,t1+fido,0.081,0.118,0.024,19/24
Armada,Armada,10000,160,base12-out,t1+sptk,0.263,0.034,0.007,24/24
Armada,Armada,10000,160,base12-out,t1+snipe,-0.122,0.171,0.035,6/24
Armada,Armada,10000,160,base12-out,t1+fboy,0.417,0.025,0.005,24/24
Armada,Armada,10000,160,base12-out,zeus+fido,0.186,0.075,0.015,24/24
Armada,Armada,10000,160,base12-out,zeus+sptk,0.074,0.049,0.01,22/24
Armada,Armada,10000,160,base12-out,zeus+snipe,-0.422,0.016,0.003,0/24
Armada,Armada,10000,160,base12-out,mace+zeus,0.17,0.023,0.005,24/24
Armada,Armada,10000,160,base12-out,t1+zeus+fido,0.223,0.042,0.009,24/24
Armada,Armada,10000,160,base12-out,t1+zeus(25),-0.107,0.037,0.008,1/24
Armada,Armada,10000,160,base12-out,t1+zeus(75),-0.115,0.008,0.002,0/24
Armada,Cortex,3000,56,field20,t1-line,0.04,0.089,0.018,12/24
Armada,Cortex,3000,56,field20,t1-mace,-0.351,0.075,0.015,0/24
Armada,Cortex,3000,56,field20,zeus,0.083,0.018,0.004,24/24
Armada,Cortex,3000,56,field20,mav,-0.439,0.02,0.004,0/24
Armada,Cortex,3000,56,field20,fido,-0.135,0.073,0.015,0/24
Armada,Cortex,3000,56,field20,sptk,-0.39,0.157,0.032,0/24
Armada,Cortex,3000,56,field20,snipe,-0.96,0.0,0.0,0/24
Armada,Cortex,3000,56,field20,fboy,0.595,0.035,0.007,24/24
Armada,Cortex,3000,56,field20,fast,-0.615,0.035,0.007,0/24
Armada,Cortex,3000,56,field20,amph,-0.565,0.023,0.005,0/24
Armada,Cortex,3000,56,field20,t1+zeus,0.313,0.052,0.011,24/24
Armada,Cortex,3000,56,field20,t1+mav,-0.276,0.136,0.028,0/24
Armada,Cortex,3000,56,field20,t1+fido,0.545,0.133,0.027,24/24
Armada,Cortex,3000,56,field20,t1+sptk,0.386,0.138,0.028,24/24
Armada,Cortex,3000,56,field20,t1+snipe,-0.504,0.023,0.005,0/24
Armada,Cortex,3000,56,field20,t1+fboy,0.485,0.072,0.015,24/24
Armada,Cortex,3000,56,field20,zeus+fido,0.455,0.05,0.01,24/24
Armada,Cortex,3000,56,field20,zeus+sptk,0.423,0.101,0.021,24/24
Armada,Cortex,3000,56,field20,zeus+snipe,-0.353,0.016,0.003,0/24
Armada,Cortex,3000,56,field20,mace+zeus,0.395,0.031,0.006,24/24
Armada,Cortex,3000,56,field20,t1+zeus+fido,0.378,0.056,0.012,24/24
Armada,Cortex,3000,56,field20,t1+zeus(25),0.316,0.065,0.013,24/24
Armada,Cortex,3000,56,field20,t1+zeus(75),0.16,0.064,0.013,22/24
Armada,Cortex,3000,160,field20,t1-line,-0.005,0.05,0.01,11/24
Armada,Cortex,3000,160,field20,t1-mace,-0.213,0.047,0.009,0/24
Armada,Cortex,3000,160,field20,zeus,0.472,0.02,0.004,24/24
Armada,Cortex,3000,160,field20,mav,-0.494,0.026,0.005,0/24
Armada,Cortex,3000,160,field20,fido,-0.453,0.03,0.006,0/24
Armada,Cortex,3000,160,field20,sptk,-0.06,0.108,0.022,7/24
Armada,Cortex,3000,160,field20,snipe,-0.93,0.0,0.0,0/24
Armada,Cortex,3000,160,field20,fboy,0.602,0.078,0.016,24/24
Armada,Cortex,3000,160,field20,fast,-0.453,0.028,0.006,0/24
Armada,Cortex,3000,160,field20,amph,-0.169,0.052,0.011,0/24
Armada,Cortex,3000,160,field20,t1+zeus,0.474,0.012,0.002,24/24
Armada,Cortex,3000,160,field20,t1+mav,-0.24,0.034,0.007,0/24
Armada,Cortex,3000,160,field20,t1+fido,0.351,0.092,0.019,24/24
Armada,Cortex,3000,160,field20,t1+sptk,0.588,0.035,0.007,24/24
Armada,Cortex,3000,160,field20,t1+snipe,-0.298,0.105,0.021,0/24
Armada,Cortex,3000,160,field20,t1+fboy,0.495,0.061,0.013,24/24
Armada,Cortex,3000,160,field20,zeus+fido,0.281,0.183,0.037,22/24
Armada,Cortex,3000,160,field20,zeus+sptk,0.423,0.074,0.015,24/24
Armada,Cortex,3000,160,field20,zeus+snipe,0.473,0.011,0.002,24/24
Armada,Cortex,3000,160,field20,mace+zeus,0.497,0.04,0.008,24/24
Armada,Cortex,3000,160,field20,t1+zeus+fido,0.422,0.031,0.006,24/24
Armada,Cortex,3000,160,field20,t1+zeus(25),0.214,0.035,0.007,24/24
Armada,Cortex,3000,160,field20,t1+zeus(75),0.556,0.019,0.004,24/24
Armada,Cortex,3000,56,field25,t1-line,0.061,0.122,0.025,13/24
Armada,Cortex,3000,56,field25,t1-mace,-0.465,0.027,0.006,0/24
Armada,Cortex,3000,56,field25,zeus,-0.275,0.025,0.005,0/24
Armada,Cortex,3000,56,field25,mav,-0.55,0.012,0.002,0/24
Armada,Cortex,3000,56,field25,fido,-0.279,0.08,0.016,0/24
Armada,Cortex,3000,56,field25,sptk,0.035,0.088,0.018,19/24
Armada,Cortex,3000,56,field25,snipe,-0.93,0.0,0.0,0/24
Armada,Cortex,3000,56,field25,fboy,0.635,0.194,0.04,24/24
Armada,Cortex,3000,56,field25,fast,-0.653,0.037,0.008,0/24
Armada,Cortex,3000,56,field25,amph,-0.626,0.027,0.005,0/24
Armada,Cortex,3000,56,field25,t1+zeus,-0.102,0.028,0.006,0/24
Armada,Cortex,3000,56,field25,t1+mav,-0.395,0.084,0.017,0/24
Armada,Cortex,3000,56,field25,t1+fido,0.507,0.111,0.023,24/24
Armada,Cortex,3000,56,field25,t1+sptk,0.429,0.172,0.035,24/24
Armada,Cortex,3000,56,field25,t1+snipe,-0.512,0.038,0.008,0/24
Armada,Cortex,3000,56,field25,t1+fboy,0.512,0.089,0.018,24/24
Armada,Cortex,3000,56,field25,zeus+fido,0.345,0.147,0.03,22/24
Armada,Cortex,3000,56,field25,zeus+sptk,0.424,0.084,0.017,24/24
Armada,Cortex,3000,56,field25,zeus+snipe,-0.587,0.022,0.004,0/24
Armada,Cortex,3000,56,field25,mace+zeus,-0.002,0.015,0.003,8/24
Armada,Cortex,3000,56,field25,t1+zeus+fido,0.16,0.201,0.041,19/24
Armada,Cortex,3000,56,field25,t1+zeus(25),-0.129,0.119,0.024,3/24
Armada,Cortex,3000,56,field25,t1+zeus(75),-0.158,0.054,0.011,0/24
Armada,Cortex,3000,160,field25,t1-line,0.071,0.067,0.014,20/24
Armada,Cortex,3000,160,field25,t1-mace,-0.226,0.035,0.007,0/24
Armada,Cortex,3000,160,field25,zeus,0.507,0.014,0.003,24/24
Armada,Cortex,3000,160,field25,mav,-0.499,0.022,0.004,0/24
Armada,Cortex,3000,160,field25,fido,-0.394,0.074,0.015,0/24
Armada,Cortex,3000,160,field25,sptk,-0.219,0.112,0.023,2/24
Armada,Cortex,3000,160,field25,snipe,-0.93,0.0,0.0,0/24
Armada,Cortex,3000,160,field25,fboy,0.569,0.025,0.005,24/24
Armada,Cortex,3000,160,field25,fast,-0.411,0.048,0.01,0/24
Armada,Cortex,3000,160,field25,amph,0.013,0.07,0.014,17/24
Armada,Cortex,3000,160,field25,t1+zeus,0.494,0.033,0.007,24/24
Armada,Cortex,3000,160,field25,t1+mav,-0.247,0.074,0.015,0/24
Armada,Cortex,3000,160,field25,t1+fido,0.255,0.159,0.032,22/24
Armada,Cortex,3000,160,field25,t1+sptk,0.432,0.121,0.025,24/24
Armada,Cortex,3000,160,field25,t1+snipe,-0.472,0.027,0.006,0/24
Armada,Cortex,3000,160,field25,t1+fboy,0.355,0.09,0.018,24/24
Armada,Cortex,3000,160,field25,zeus+fido,0.56,0.015,0.003,24/24
Armada,Cortex,3000,160,field25,zeus+sptk,0.524,0.037,0.008,24/24
Armada,Cortex,3000,160,field25,zeus+snipe,0.512,0.021,0.004,24/24
Armada,Cortex,3000,160,field25,mace+zeus,0.597,0.013,0.003,24/24
Armada,Cortex,3000,160,field25,t1+zeus+fido,0.437,0.025,0.005,24/24
Armada,Cortex,3000,160,field25,t1+zeus(25),0.329,0.031,0.006,24/24
Armada,Cortex,3000,160,field25,t1+zeus(75),0.504,0.019,0.004,24/24
Armada,Cortex,3000,56,t1only,t1-line,0.04,0.089,0.018,12/24
Armada,Cortex,3000,56,t1only,t1-mace,-0.351,0.075,0.015,0/24
Armada,Cortex,3000,56,t1only,zeus,0.083,0.018,0.004,24/24
Armada,Cortex,3000,56,t1only,mav,-0.439,0.02,0.004,0/24
Armada,Cortex,3000,56,t1only,fido,-0.135,0.073,0.015,0/24
Armada,Cortex,3000,56,t1only,sptk,-0.39,0.157,0.032,0/24
Armada,Cortex,3000,56,t1only,snipe,-0.96,0.0,0.0,0/24
Armada,Cortex,3000,56,t1only,fboy,0.595,0.035,0.007,24/24
Armada,Cortex,3000,56,t1only,fast,-0.615,0.035,0.007,0/24
Armada,Cortex,3000,56,t1only,amph,-0.565,0.023,0.005,0/24
Armada,Cortex,3000,56,t1only,t1+zeus,0.313,0.052,0.011,24/24
Armada,Cortex,3000,56,t1only,t1+mav,-0.276,0.136,0.028,0/24
Armada,Cortex,3000,56,t1only,t1+fido,0.545,0.133,0.027,24/24
Armada,Cortex,3000,56,t1only,t1+sptk,0.386,0.138,0.028,24/24
Armada,Cortex,3000,56,t1only,t1+snipe,-0.504,0.023,0.005,0/24
Armada,Cortex,3000,56,t1only,t1+fboy,0.485,0.072,0.015,24/24
Armada,Cortex,3000,56,t1only,zeus+fido,0.455,0.05,0.01,24/24
Armada,Cortex,3000,56,t1only,zeus+sptk,0.423,0.101,0.021,24/24
Armada,Cortex,3000,56,t1only,zeus+snipe,-0.353,0.016,0.003,0/24
Armada,Cortex,3000,56,t1only,mace+zeus,0.395,0.031,0.006,24/24
Armada,Cortex,3000,56,t1only,t1+zeus+fido,0.378,0.056,0.012,24/24
Armada,Cortex,3000,56,t1only,t1+zeus(25),0.316,0.065,0.013,24/24
Armada,Cortex,3000,56,t1only,t1+zeus(75),0.16,0.064,0.013,22/24
Armada,Cortex,3000,160,t1only,t1-line,-0.005,0.05,0.01,11/24
Armada,Cortex,3000,160,t1only,t1-mace,-0.213,0.047,0.009,0/24
Armada,Cortex,3000,160,t1only,zeus,0.472,0.02,0.004,24/24
Armada,Cortex,3000,160,t1only,mav,-0.494,0.026,0.005,0/24
Armada,Cortex,3000,160,t1only,fido,-0.453,0.03,0.006,0/24
Armada,Cortex,3000,160,t1only,sptk,-0.06,0.108,0.022,7/24
Armada,Cortex,3000,160,t1only,snipe,-0.93,0.0,0.0,0/24
Armada,Cortex,3000,160,t1only,fboy,0.602,0.078,0.016,24/24
Armada,Cortex,3000,160,t1only,fast,-0.453,0.028,0.006,0/24
Armada,Cortex,3000,160,t1only,amph,-0.169,0.052,0.011,0/24
Armada,Cortex,3000,160,t1only,t1+zeus,0.474,0.012,0.002,24/24
Armada,Cortex,3000,160,t1only,t1+mav,-0.24,0.034,0.007,0/24
Armada,Cortex,3000,160,t1only,t1+fido,0.351,0.092,0.019,24/24
Armada,Cortex,3000,160,t1only,t1+sptk,0.588,0.035,0.007,24/24
Armada,Cortex,3000,160,t1only,t1+snipe,-0.298,0.105,0.021,0/24
Armada,Cortex,3000,160,t1only,t1+fboy,0.495,0.061,0.013,24/24
Armada,Cortex,3000,160,t1only,zeus+fido,0.281,0.183,0.037,22/24
Armada,Cortex,3000,160,t1only,zeus+sptk,0.423,0.074,0.015,24/24
Armada,Cortex,3000,160,t1only,zeus+snipe,0.473,0.011,0.002,24/24
Armada,Cortex,3000,160,t1only,mace+zeus,0.497,0.04,0.008,24/24
Armada,Cortex,3000,160,t1only,t1+zeus+fido,0.422,0.031,0.006,24/24
Armada,Cortex,3000,160,t1only,t1+zeus(25),0.214,0.035,0.007,24/24
Armada,Cortex,3000,160,t1only,t1+zeus(75),0.556,0.019,0.004,24/24
Armada,Cortex,3000,56,base6-hold,t1-line,-0.67,0.0,0.0,0/24
Armada,Cortex,3000,56,base6-hold,t1-mace,-0.67,0.0,0.0,0/24
Armada,Cortex,3000,56,base6-hold,zeus,-0.752,0.004,0.001,0/24
Armada,Cortex,3000,56,base6-hold,mav,-0.76,0.0,0.0,0/24
Armada,Cortex,3000,56,base6-hold,fido,-0.41,0.002,0.0,0/24
Armada,Cortex,3000,56,base6-hold,sptk,0.595,0.011,0.002,24/24
Armada,Cortex,3000,56,base6-hold,snipe,-0.27,0.0,0.0,0/24
Armada,Cortex,3000,56,base6-hold,fboy,1.0,0.0,0.0,24/24
Armada,Cortex,3000,56,base6-hold,fast,-0.864,0.015,0.003,0/24
Armada,Cortex,3000,56,base6-hold,amph,-0.826,0.014,0.003,0/24
Armada,Cortex,3000,56,base6-hold,t1+zeus,-0.694,0.01,0.002,0/24
Armada,Cortex,3000,56,base6-hold,t1+mav,-0.678,0.004,0.001,0/24
Armada,Cortex,3000,56,base6-hold,t1+fido,-0.598,0.02,0.004,0/24
Armada,Cortex,3000,56,base6-hold,t1+sptk,-0.234,0.038,0.008,0/24
Armada,Cortex,3000,56,base6-hold,t1+snipe,-0.27,0.0,0.0,0/24
Armada,Cortex,3000,56,base6-hold,t1+fboy,0.46,0.0,0.0,24/24
Armada,Cortex,3000,56,base6-hold,zeus+fido,-0.612,0.004,0.001,0/24
Armada,Cortex,3000,56,base6-hold,zeus+sptk,-0.11,0.03,0.006,0/24
Armada,Cortex,3000,56,base6-hold,zeus+snipe,-0.14,0.0,0.0,0/24
Armada,Cortex,3000,56,base6-hold,mace+zeus,-0.708,0.005,0.001,0/24
Armada,Cortex,3000,56,base6-hold,t1+zeus+fido,-0.63,0.012,0.002,0/24
Armada,Cortex,3000,56,base6-hold,t1+zeus(25),-0.694,0.012,0.003,0/24
Armada,Cortex,3000,56,base6-hold,t1+zeus(75),-0.725,0.009,0.002,0/24
Armada,Cortex,3000,160,base6-hold,t1-line,-0.401,0.012,0.002,0/24
Armada,Cortex,3000,160,base6-hold,t1-mace,-0.317,0.049,0.01,0/24
Armada,Cortex,3000,160,base6-hold,zeus,-0.233,0.008,0.002,0/24
Armada,Cortex,3000,160,base6-hold,mav,-0.635,0.007,0.001,0/24
Armada,Cortex,3000,160,base6-hold,fido,-0.38,0.009,0.002,0/24
Armada,Cortex,3000,160,base6-hold,sptk,-0.31,0.0,0.0,0/24
Armada,Cortex,3000,160,base6-hold,snipe,-0.37,0.0,0.0,0/24
Armada,Cortex,3000,160,base6-hold,fboy,0.95,0.0,0.0,24/24
Armada,Cortex,3000,160,base6-hold,fast,-0.64,0.009,0.002,0/24
Armada,Cortex,3000,160,base6-hold,amph,-0.614,0.008,0.002,0/24
Armada,Cortex,3000,160,base6-hold,t1+zeus,-0.302,0.016,0.003,0/24
Armada,Cortex,3000,160,base6-hold,t1+mav,-0.527,0.018,0.004,0/24
Armada,Cortex,3000,160,base6-hold,t1+fido,-0.457,0.022,0.005,0/24
Armada,Cortex,3000,160,base6-hold,t1+sptk,-0.393,0.017,0.004,0/24
Armada,Cortex,3000,160,base6-hold,t1+snipe,-0.507,0.109,0.022,0/24
Armada,Cortex,3000,160,base6-hold,t1+fboy,0.417,0.015,0.003,24/24
Armada,Cortex,3000,160,base6-hold,zeus+fido,-0.388,0.017,0.003,0/24
Armada,Cortex,3000,160,base6-hold,zeus+sptk,-0.259,0.016,0.003,0/24
Armada,Cortex,3000,160,base6-hold,zeus+snipe,-0.304,0.01,0.002,0/24
Armada,Cortex,3000,160,base6-hold,mace+zeus,-0.263,0.009,0.002,0/24
Armada,Cortex,3000,160,base6-hold,t1+zeus+fido,-0.371,0.008,0.002,0/24
Armada,Cortex,3000,160,base6-hold,t1+zeus(25),-0.326,0.006,0.001,0/24
Armada,Cortex,3000,160,base6-hold,t1+zeus(75),-0.273,0.007,0.002,0/24
Armada,Cortex,3000,56,base6-out,t1-line,-0.43,0.018,0.004,0/24
Armada,Cortex,3000,56,base6-out,t1-mace,-0.607,0.021,0.004,0/24
Armada,Cortex,3000,56,base6-out,zeus,-0.45,0.0,0.0,0/24
Armada,Cortex,3000,56,base6-out,mav,-0.698,0.009,0.002,0/24
Armada,Cortex,3000,56,base6-out,fido,-0.456,0.005,0.001,0/24
Armada,Cortex,3000,56,base6-out,sptk,-0.467,0.071,0.015,0/24
Armada,Cortex,3000,56,base6-out,snipe,-0.95,0.0,0.0,0/24
Armada,Cortex,3000,56,base6-out,fboy,0.666,0.159,0.032,24/24
Armada,Cortex,3000,56,base6-out,fast,-0.783,0.027,0.005,0/24
Armada,Cortex,3000,56,base6-out,amph,-0.735,0.017,0.004,0/24
Armada,Cortex,3000,56,base6-out,t1+zeus,-0.42,0.023,0.005,0/24
Armada,Cortex,3000,56,base6-out,t1+mav,-0.541,0.076,0.016,0/24
Armada,Cortex,3000,56,base6-out,t1+fido,-0.318,0.029,0.006,0/24
Armada,Cortex,3000,56,base6-out,t1+sptk,-0.271,0.075,0.015,0/24
Armada,Cortex,3000,56,base6-out,t1+snipe,-0.676,0.02,0.004,0/24
Armada,Cortex,3000,56,base6-out,t1+fboy,0.429,0.011,0.002,24/24
Armada,Cortex,3000,56,base6-out,zeus+fido,-0.386,0.018,0.004,0/24
Armada,Cortex,3000,56,base6-out,zeus+sptk,-0.274,0.015,0.003,0/24
Armada,Cortex,3000,56,base6-out,zeus+snipe,-0.7,0.018,0.004,0/24
Armada,Cortex,3000,56,base6-out,mace+zeus,-0.417,0.019,0.004,0/24
Armada,Cortex,3000,56,base6-out,t1+zeus+fido,-0.4,0.039,0.008,0/24
Armada,Cortex,3000,56,base6-out,t1+zeus(25),-0.442,0.016,0.003,0/24
Armada,Cortex,3000,56,base6-out,t1+zeus(75),-0.445,0.007,0.001,0/24
Armada,Cortex,3000,160,base6-out,t1-line,-0.323,0.013,0.003,0/24
Armada,Cortex,3000,160,base6-out,t1-mace,-0.459,0.036,0.007,0/24
Armada,Cortex,3000,160,base6-out,zeus,-0.202,0.011,0.002,0/24
Armada,Cortex,3000,160,base6-out,mav,-0.598,0.04,0.008,0/24
Armada,Cortex,3000,160,base6-out,fido,-0.575,0.058,0.012,0/24
Armada,Cortex,3000,160,base6-out,sptk,-0.448,0.1,0.02,0/24
Armada,Cortex,3000,160,base6-out,snipe,-0.95,0.0,0.0,0/24
Armada,Cortex,3000,160,base6-out,fboy,0.467,0.068,0.014,24/24
Armada,Cortex,3000,160,base6-out,fast,-0.541,0.023,0.005,0/24
Armada,Cortex,3000,160,base6-out,amph,-0.383,0.016,0.003,0/24
Armada,Cortex,3000,160,base6-out,t1+zeus,-0.27,0.003,0.001,0/24
Armada,Cortex,3000,160,base6-out,t1+mav,-0.43,0.04,0.008,0/24
Armada,Cortex,3000,160,base6-out,t1+fido,-0.307,0.033,0.007,0/24
Armada,Cortex,3000,160,base6-out,t1+sptk,-0.251,0.018,0.004,0/24
Armada,Cortex,3000,160,base6-out,t1+snipe,-0.634,0.033,0.007,0/24
Armada,Cortex,3000,160,base6-out,t1+fboy,0.34,0.089,0.018,24/24
Armada,Cortex,3000,160,base6-out,zeus+fido,-0.263,0.005,0.001,0/24
Armada,Cortex,3000,160,base6-out,zeus+sptk,-0.243,0.013,0.003,0/24
Armada,Cortex,3000,160,base6-out,zeus+snipe,-0.27,0.0,0.0,0/24
Armada,Cortex,3000,160,base6-out,mace+zeus,-0.273,0.013,0.003,0/24
Armada,Cortex,3000,160,base6-out,t1+zeus+fido,-0.275,0.008,0.002,0/24
Armada,Cortex,3000,160,base6-out,t1+zeus(25),-0.332,0.016,0.003,0/24
Armada,Cortex,3000,160,base6-out,t1+zeus(75),-0.24,0.008,0.002,0/24
Armada,Cortex,3000,56,base12-hold,t1-line,-0.67,0.0,0.0,0/24
Armada,Cortex,3000,56,base12-hold,t1-mace,-0.691,0.003,0.001,0/24
Armada,Cortex,3000,56,base12-hold,zeus,-0.788,0.005,0.001,0/24
Armada,Cortex,3000,56,base12-hold,mav,-0.781,0.003,0.001,0/24
Armada,Cortex,3000,56,base12-hold,fido,-0.54,0.0,0.0,0/24
Armada,Cortex,3000,56,base12-hold,sptk,0.29,0.0,0.0,24/24
Armada,Cortex,3000,56,base12-hold,snipe,0.71,0.0,0.0,24/24
Armada,Cortex,3000,56,base12-hold,fboy,1.0,0.0,0.0,24/24
Armada,Cortex,3000,56,base12-hold,fast,-0.905,0.009,0.002,0/24
Armada,Cortex,3000,56,base12-hold,amph,-0.853,0.008,0.002,0/24
Armada,Cortex,3000,56,base12-hold,t1+zeus,-0.718,0.014,0.003,0/24
Armada,Cortex,3000,56,base12-hold,t1+mav,-0.71,0.002,0.0,0/24
Armada,Cortex,3000,56,base12-hold,t1+fido,-0.632,0.004,0.001,0/24
Armada,Cortex,3000,56,base12-hold,t1+sptk,-0.13,0.0,0.0,0/24
Armada,Cortex,3000,56,base12-hold,t1+snipe,-0.25,0.0,0.0,0/24
Armada,Cortex,3000,56,base12-hold,t1+fboy,0.46,0.0,0.0,24/24
Armada,Cortex,3000,56,base12-hold,zeus+fido,-0.65,0.0,0.0,0/24
Armada,Cortex,3000,56,base12-hold,zeus+sptk,-0.23,0.0,0.0,0/24
Armada,Cortex,3000,56,base12-hold,zeus+snipe,-0.22,0.0,0.0,0/24
Armada,Cortex,3000,56,base12-hold,mace+zeus,-0.735,0.005,0.001,0/24
Armada,Cortex,3000,56,base12-hold,t1+zeus+fido,-0.66,0.0,0.0,0/24
Armada,Cortex,3000,56,base12-hold,t1+zeus(25),-0.701,0.006,0.001,0/24
Armada,Cortex,3000,56,base12-hold,t1+zeus(75),-0.77,0.002,0.0,0/24
Armada,Cortex,3000,160,base12-hold,t1-line,-0.537,0.032,0.007,0/24
Armada,Cortex,3000,160,base12-hold,t1-mace,-0.5,0.019,0.004,0/24
Armada,Cortex,3000,160,base12-hold,zeus,-0.42,0.029,0.006,0/24
Armada,Cortex,3000,160,base12-hold,mav,-0.671,0.003,0.001,0/24
Armada,Cortex,3000,160,base12-hold,fido,-0.412,0.006,0.001,0/24
Armada,Cortex,3000,160,base12-hold,sptk,-0.35,0.0,0.0,0/24
Armada,Cortex,3000,160,base12-hold,snipe,-0.37,0.0,0.0,0/24
Armada,Cortex,3000,160,base12-hold,fboy,0.88,0.0,0.0,24/24
Armada,Cortex,3000,160,base12-hold,fast,-0.706,0.007,0.001,0/24
Armada,Cortex,3000,160,base12-hold,amph,-0.68,0.002,0.0,0/24
Armada,Cortex,3000,160,base12-hold,t1+zeus,-0.504,0.009,0.002,0/24
Armada,Cortex,3000,160,base12-hold,t1+mav,-0.617,0.009,0.002,0/24
Armada,Cortex,3000,160,base12-hold,t1+fido,-0.604,0.021,0.004,0/24
Armada,Cortex,3000,160,base12-hold,t1+sptk,-0.368,0.004,0.001,0/24
Armada,Cortex,3000,160,base12-hold,t1+snipe,-0.37,0.0,0.0,0/24
Armada,Cortex,3000,160,base12-hold,t1+fboy,0.3,0.002,0.0,24/24
Armada,Cortex,3000,160,base12-hold,zeus+fido,-0.639,0.003,0.001,0/24
Armada,Cortex,3000,160,base12-hold,zeus+sptk,-0.37,0.0,0.0,0/24
Armada,Cortex,3000,160,base12-hold,zeus+snipe,-0.1,0.0,0.0,0/24
Armada,Cortex,3000,160,base12-hold,mace+zeus,-0.537,0.006,0.001,0/24
Armada,Cortex,3000,160,base12-hold,t1+zeus+fido,-0.537,0.023,0.005,0/24
Armada,Cortex,3000,160,base12-hold,t1+zeus(25),-0.557,0.005,0.001,0/24
Armada,Cortex,3000,160,base12-hold,t1+zeus(75),-0.481,0.044,0.009,0/24
Armada,Cortex,3000,56,base12-out,t1-line,-0.423,0.018,0.004,0/24
Armada,Cortex,3000,56,base12-out,t1-mace,-0.609,0.035,0.007,0/24
Armada,Cortex,3000,56,base12-out,zeus,-0.5,0.0,0.0,0/24
Armada,Cortex,3000,56,base12-out,mav,-0.734,0.007,0.001,0/24
Armada,Cortex,3000,56,base12-out,fido,-0.5,0.0,0.0,0/24
Armada,Cortex,3000,56,base12-out,sptk,-0.421,0.094,0.019,0/24
Armada,Cortex,3000,56,base12-out,snipe,-0.96,0.0,0.0,0/24
Armada,Cortex,3000,56,base12-out,fboy,0.636,0.11,0.023,24/24
Armada,Cortex,3000,56,base12-out,fast,-0.792,0.016,0.003,0/24
Armada,Cortex,3000,56,base12-out,amph,-0.768,0.013,0.003,0/24
Armada,Cortex,3000,56,base12-out,t1+zeus,-0.438,0.007,0.001,0/24
Armada,Cortex,3000,56,base12-out,t1+mav,-0.505,0.057,0.012,0/24
Armada,Cortex,3000,56,base12-out,t1+fido,-0.326,0.016,0.003,0/24
Armada,Cortex,3000,56,base12-out,t1+sptk,-0.228,0.046,0.009,0/24
Armada,Cortex,3000,56,base12-out,t1+snipe,-0.702,0.004,0.001,0/24
Armada,Cortex,3000,56,base12-out,t1+fboy,0.46,0.0,0.0,24/24
Armada,Cortex,3000,56,base12-out,zeus+fido,-0.413,0.033,0.007,0/24
Armada,Cortex,3000,56,base12-out,zeus+sptk,-0.244,0.031,0.006,0/24
Armada,Cortex,3000,56,base12-out,zeus+snipe,-0.723,0.018,0.004,0/24
Armada,Cortex,3000,56,base12-out,mace+zeus,-0.47,0.009,0.002,0/24
Armada,Cortex,3000,56,base12-out,t1+zeus+fido,-0.437,0.013,0.003,0/24
Armada,Cortex,3000,56,base12-out,t1+zeus(25),-0.446,0.01,0.002,0/24
Armada,Cortex,3000,56,base12-out,t1+zeus(75),-0.501,0.006,0.001,0/24
Armada,Cortex,3000,160,base12-out,t1-line,-0.368,0.014,0.003,0/24
Armada,Cortex,3000,160,base12-out,t1-mace,-0.453,0.025,0.005,0/24
Armada,Cortex,3000,160,base12-out,zeus,-0.278,0.007,0.001,0/24
Armada,Cortex,3000,160,base12-out,mav,-0.502,0.068,0.014,0/24
Armada,Cortex,3000,160,base12-out,fido,-0.604,0.046,0.009,0/24
Armada,Cortex,3000,160,base12-out,sptk,-0.389,0.075,0.015,0/24
Armada,Cortex,3000,160,base12-out,snipe,-0.96,0.0,0.0,0/24
Armada,Cortex,3000,160,base12-out,fboy,0.615,0.11,0.022,24/24
Armada,Cortex,3000,160,base12-out,fast,-0.59,0.026,0.005,0/24
Armada,Cortex,3000,160,base12-out,amph,-0.441,0.009,0.002,0/24
Armada,Cortex,3000,160,base12-out,t1+zeus,-0.342,0.005,0.001,0/24
Armada,Cortex,3000,160,base12-out,t1+mav,-0.442,0.015,0.003,0/24
Armada,Cortex,3000,160,base12-out,t1+fido,-0.366,0.015,0.003,0/24
Armada,Cortex,3000,160,base12-out,t1+sptk,-0.28,0.019,0.004,0/24
Armada,Cortex,3000,160,base12-out,t1+snipe,-0.651,0.02,0.004,0/24
Armada,Cortex,3000,160,base12-out,t1+fboy,0.378,0.099,0.02,24/24
Armada,Cortex,3000,160,base12-out,zeus+fido,-0.338,0.01,0.002,0/24
Armada,Cortex,3000,160,base12-out,zeus+sptk,-0.279,0.004,0.001,0/24
Armada,Cortex,3000,160,base12-out,zeus+snipe,-0.28,0.0,0.0,0/24
Armada,Cortex,3000,160,base12-out,mace+zeus,-0.301,0.007,0.001,0/24
Armada,Cortex,3000,160,base12-out,t1+zeus+fido,-0.337,0.015,0.003,0/24
Armada,Cortex,3000,160,base12-out,t1+zeus(25),-0.352,0.004,0.001,0/24
Armada,Cortex,3000,160,base12-out,t1+zeus(75),-0.298,0.022,0.004,0/24
Armada,Cortex,6000,56,field20,t1-line,-0.062,0.112,0.023,4/24
Armada,Cortex,6000,56,field20,t1-mace,-0.436,0.028,0.006,0/24
Armada,Cortex,6000,56,field20,zeus,-0.411,0.014,0.003,0/24
Armada,Cortex,6000,56,field20,mav,-0.471,0.009,0.002,0/24
Armada,Cortex,6000,56,field20,fido,0.191,0.02,0.004,24/24
Armada,Cortex,6000,56,field20,sptk,-0.495,0.157,0.032,0/24
Armada,Cortex,6000,56,field20,snipe,-0.942,0.004,0.001,0/24
Armada,Cortex,6000,56,field20,fboy,0.549,0.024,0.005,24/24
Armada,Cortex,6000,56,field20,fast,-0.688,0.022,0.004,0/24
Armada,Cortex,6000,56,field20,amph,-0.608,0.014,0.003,0/24
Armada,Cortex,6000,56,field20,t1+zeus,0.026,0.045,0.009,14/24
Armada,Cortex,6000,56,field20,t1+mav,-0.338,0.096,0.02,0/24
Armada,Cortex,6000,56,field20,t1+fido,0.54,0.051,0.01,24/24
Armada,Cortex,6000,56,field20,t1+sptk,0.278,0.128,0.026,23/24
Armada,Cortex,6000,56,field20,t1+snipe,-0.434,0.054,0.011,0/24
Armada,Cortex,6000,56,field20,t1+fboy,0.373,0.188,0.038,20/24
Armada,Cortex,6000,56,field20,zeus+fido,0.475,0.069,0.014,24/24
Armada,Cortex,6000,56,field20,zeus+sptk,0.317,0.088,0.018,24/24
Armada,Cortex,6000,56,field20,zeus+snipe,-0.564,0.011,0.002,0/24
Armada,Cortex,6000,56,field20,mace+zeus,-0.109,0.093,0.019,2/24
Armada,Cortex,6000,56,field20,t1+zeus+fido,0.371,0.067,0.014,24/24
Armada,Cortex,6000,56,field20,t1+zeus(25),0.017,0.055,0.011,12/24
Armada,Cortex,6000,56,field20,t1+zeus(75),-0.151,0.056,0.011,0/24
Armada,Cortex,6000,160,field20,t1-line,-0.025,0.062,0.013,7/24
Armada,Cortex,6000,160,field20,t1-mace,-0.205,0.04,0.008,0/24
Armada,Cortex,6000,160,field20,zeus,0.091,0.021,0.004,24/24
Armada,Cortex,6000,160,field20,mav,-0.263,0.028,0.006,0/24
Armada,Cortex,6000,160,field20,fido,0.391,0.068,0.014,24/24
Armada,Cortex,6000,160,field20,sptk,0.176,0.097,0.02,23/24
Armada,Cortex,6000,160,field20,snipe,-0.95,0.0,0.0,0/24
Armada,Cortex,6000,160,field20,fboy,0.684,0.019,0.004,24/24
Armada,Cortex,6000,160,field20,fast,-0.511,0.023,0.005,0/24
Armada,Cortex,6000,160,field20,amph,-0.288,0.037,0.008,0/24
Armada,Cortex,6000,160,field20,t1+zeus,0.294,0.048,0.01,24/24
Armada,Cortex,6000,160,field20,t1+mav,-0.107,0.08,0.016,2/24
Armada,Cortex,6000,160,field20,t1+fido,0.534,0.026,0.005,24/24
Armada,Cortex,6000,160,field20,t1+sptk,0.586,0.026,0.005,24/24
Armada,Cortex,6000,160,field20,t1+snipe,-0.294,0.064,0.013,0/24
Armada,Cortex,6000,160,field20,t1+fboy,0.578,0.01,0.002,24/24
Armada,Cortex,6000,160,field20,zeus+fido,0.517,0.024,0.005,24/24
Armada,Cortex,6000,160,field20,zeus+sptk,0.497,0.014,0.003,24/24
Armada,Cortex,6000,160,field20,zeus+snipe,-0.304,0.03,0.006,0/24
Armada,Cortex,6000,160,field20,mace+zeus,0.333,0.052,0.011,24/24
Armada,Cortex,6000,160,field20,t1+zeus+fido,0.398,0.019,0.004,24/24
Armada,Cortex,6000,160,field20,t1+zeus(25),0.096,0.054,0.011,24/24
Armada,Cortex,6000,160,field20,t1+zeus(75),0.242,0.016,0.003,24/24
Armada,Cortex,6000,56,field25,t1-line,0.087,0.067,0.014,22/24
Armada,Cortex,6000,56,field25,t1-mace,-0.32,0.047,0.01,0/24
Armada,Cortex,6000,56,field25,zeus,-0.443,0.021,0.004,0/24
Armada,Cortex,6000,56,field25,mav,-0.379,0.046,0.009,0/24
Armada,Cortex,6000,56,field25,fido,0.306,0.034,0.007,24/24
Armada,Cortex,6000,56,field25,sptk,-0.49,0.266,0.054,0/24
Armada,Cortex,6000,56,field25,snipe,-0.921,0.004,0.001,0/24
Armada,Cortex,6000,56,field25,fboy,0.706,0.023,0.005,24/24
Armada,Cortex,6000,56,field25,fast,-0.669,0.033,0.007,0/24
Armada,Cortex,6000,56,field25,amph,-0.564,0.016,0.003,0/24
Armada,Cortex,6000,56,field25,t1+zeus,0.056,0.093,0.019,13/24
Armada,Cortex,6000,56,field25,t1+mav,-0.181,0.084,0.017,0/24
Armada,Cortex,6000,56,field25,t1+fido,0.584,0.05,0.01,24/24
Armada,Cortex,6000,56,field25,t1+sptk,0.394,0.071,0.015,24/24
Armada,Cortex,6000,56,field25,t1+snipe,-0.305,0.073,0.015,0/24
Armada,Cortex,6000,56,field25,t1+fboy,0.509,0.157,0.032,23/24
Armada,Cortex,6000,56,field25,zeus+fido,0.43,0.117,0.024,24/24
Armada,Cortex,6000,56,field25,zeus+sptk,0.377,0.057,0.012,24/24
Armada,Cortex,6000,56,field25,zeus+snipe,-0.542,0.008,0.002,0/24
Armada,Cortex,6000,56,field25,mace+zeus,-0.005,0.137,0.028,10/24
Armada,Cortex,6000,56,field25,t1+zeus+fido,0.42,0.039,0.008,24/24
Armada,Cortex,6000,56,field25,t1+zeus(25),0.066,0.076,0.015,19/24
Armada,Cortex,6000,56,field25,t1+zeus(75),-0.105,0.028,0.006,0/24
Armada,Cortex,6000,160,field25,t1-line,0.11,0.052,0.011,24/24
Armada,Cortex,6000,160,field25,t1-mace,-0.16,0.046,0.009,0/24
Armada,Cortex,6000,160,field25,zeus,0.088,0.022,0.005,24/24
Armada,Cortex,6000,160,field25,mav,-0.253,0.038,0.008,0/24
Armada,Cortex,6000,160,field25,fido,0.436,0.078,0.016,24/24
Armada,Cortex,6000,160,field25,sptk,0.209,0.085,0.017,24/24
Armada,Cortex,6000,160,field25,snipe,0.14,0.0,0.0,24/24
Armada,Cortex,6000,160,field25,fboy,0.695,0.021,0.004,24/24
Armada,Cortex,6000,160,field25,fast,-0.527,0.027,0.006,0/24
Armada,Cortex,6000,160,field25,amph,-0.199,0.057,0.012,0/24
Armada,Cortex,6000,160,field25,t1+zeus,0.364,0.017,0.004,24/24
Armada,Cortex,6000,160,field25,t1+mav,-0.228,0.057,0.012,0/24
Armada,Cortex,6000,160,field25,t1+fido,0.533,0.018,0.004,24/24
Armada,Cortex,6000,160,field25,t1+sptk,0.567,0.021,0.004,24/24
Armada,Cortex,6000,160,field25,t1+snipe,-0.193,0.077,0.016,1/24
Armada,Cortex,6000,160,field25,t1+fboy,0.612,0.014,0.003,24/24
Armada,Cortex,6000,160,field25,zeus+fido,0.576,0.026,0.005,24/24
Armada,Cortex,6000,160,field25,zeus+sptk,0.508,0.029,0.006,24/24
Armada,Cortex,6000,160,field25,zeus+snipe,-0.245,0.033,0.007,0/24
Armada,Cortex,6000,160,field25,mace+zeus,0.262,0.072,0.015,24/24
Armada,Cortex,6000,160,field25,t1+zeus+fido,0.435,0.047,0.01,24/24
Armada,Cortex,6000,160,field25,t1+zeus(25),0.245,0.015,0.003,24/24
Armada,Cortex,6000,160,field25,t1+zeus(75),0.291,0.018,0.004,24/24
Armada,Cortex,6000,56,t1only,t1-line,-0.062,0.112,0.023,4/24
Armada,Cortex,6000,56,t1only,t1-mace,-0.436,0.028,0.006,0/24
Armada,Cortex,6000,56,t1only,zeus,-0.411,0.014,0.003,0/24
Armada,Cortex,6000,56,t1only,mav,-0.471,0.009,0.002,0/24
Armada,Cortex,6000,56,t1only,fido,0.191,0.02,0.004,24/24
Armada,Cortex,6000,56,t1only,sptk,-0.495,0.157,0.032,0/24
Armada,Cortex,6000,56,t1only,snipe,-0.942,0.004,0.001,0/24
Armada,Cortex,6000,56,t1only,fboy,0.549,0.024,0.005,24/24
Armada,Cortex,6000,56,t1only,fast,-0.688,0.022,0.004,0/24
Armada,Cortex,6000,56,t1only,amph,-0.608,0.014,0.003,0/24
Armada,Cortex,6000,56,t1only,t1+zeus,0.026,0.045,0.009,14/24
Armada,Cortex,6000,56,t1only,t1+mav,-0.338,0.096,0.02,0/24
Armada,Cortex,6000,56,t1only,t1+fido,0.54,0.051,0.01,24/24
Armada,Cortex,6000,56,t1only,t1+sptk,0.278,0.128,0.026,23/24
Armada,Cortex,6000,56,t1only,t1+snipe,-0.434,0.054,0.011,0/24
Armada,Cortex,6000,56,t1only,t1+fboy,0.373,0.188,0.038,20/24
Armada,Cortex,6000,56,t1only,zeus+fido,0.475,0.069,0.014,24/24
Armada,Cortex,6000,56,t1only,zeus+sptk,0.317,0.088,0.018,24/24
Armada,Cortex,6000,56,t1only,zeus+snipe,-0.564,0.011,0.002,0/24
Armada,Cortex,6000,56,t1only,mace+zeus,-0.109,0.093,0.019,2/24
Armada,Cortex,6000,56,t1only,t1+zeus+fido,0.371,0.067,0.014,24/24
Armada,Cortex,6000,56,t1only,t1+zeus(25),0.017,0.055,0.011,12/24
Armada,Cortex,6000,56,t1only,t1+zeus(75),-0.151,0.056,0.011,0/24
Armada,Cortex,6000,160,t1only,t1-line,-0.025,0.062,0.013,7/24
Armada,Cortex,6000,160,t1only,t1-mace,-0.205,0.04,0.008,0/24
Armada,Cortex,6000,160,t1only,zeus,0.091,0.021,0.004,24/24
Armada,Cortex,6000,160,t1only,mav,-0.263,0.028,0.006,0/24
Armada,Cortex,6000,160,t1only,fido,0.391,0.068,0.014,24/24
Armada,Cortex,6000,160,t1only,sptk,0.176,0.097,0.02,23/24
Armada,Cortex,6000,160,t1only,snipe,-0.95,0.0,0.0,0/24
Armada,Cortex,6000,160,t1only,fboy,0.684,0.019,0.004,24/24
Armada,Cortex,6000,160,t1only,fast,-0.511,0.023,0.005,0/24
Armada,Cortex,6000,160,t1only,amph,-0.288,0.037,0.008,0/24
Armada,Cortex,6000,160,t1only,t1+zeus,0.294,0.048,0.01,24/24
Armada,Cortex,6000,160,t1only,t1+mav,-0.107,0.08,0.016,2/24
Armada,Cortex,6000,160,t1only,t1+fido,0.534,0.026,0.005,24/24
Armada,Cortex,6000,160,t1only,t1+sptk,0.586,0.026,0.005,24/24
Armada,Cortex,6000,160,t1only,t1+snipe,-0.294,0.064,0.013,0/24
Armada,Cortex,6000,160,t1only,t1+fboy,0.578,0.01,0.002,24/24
Armada,Cortex,6000,160,t1only,zeus+fido,0.517,0.024,0.005,24/24
Armada,Cortex,6000,160,t1only,zeus+sptk,0.497,0.014,0.003,24/24
Armada,Cortex,6000,160,t1only,zeus+snipe,-0.304,0.03,0.006,0/24
Armada,Cortex,6000,160,t1only,mace+zeus,0.333,0.052,0.011,24/24
Armada,Cortex,6000,160,t1only,t1+zeus+fido,0.398,0.019,0.004,24/24
Armada,Cortex,6000,160,t1only,t1+zeus(25),0.096,0.054,0.011,24/24
Armada,Cortex,6000,160,t1only,t1+zeus(75),0.242,0.016,0.003,24/24
Armada,Cortex,6000,56,base6-hold,t1-line,-0.549,0.014,0.003,0/24
Armada,Cortex,6000,56,base6-hold,t1-mace,-0.495,0.008,0.002,0/24
Armada,Cortex,6000,56,base6-hold,zeus,-0.617,0.011,0.002,0/24
Armada,Cortex,6000,56,base6-hold,mav,-0.61,0.005,0.001,0/24
Armada,Cortex,6000,56,base6-hold,fido,-0.151,0.007,0.001,0/24
Armada,Cortex,6000,56,base6-hold,sptk,0.881,0.013,0.003,24/24
Armada,Cortex,6000,56,base6-hold,snipe,0.56,0.0,0.0,24/24
Armada,Cortex,6000,56,base6-hold,fboy,1.0,0.0,0.0,24/24
Armada,Cortex,6000,56,base6-hold,fast,-0.769,0.013,0.003,0/24
Armada,Cortex,6000,56,base6-hold,amph,-0.642,0.014,0.003,0/24
Armada,Cortex,6000,56,base6-hold,t1+zeus,-0.496,0.011,0.002,0/24
Armada,Cortex,6000,56,base6-hold,t1+mav,-0.611,0.003,0.001,0/24
Armada,Cortex,6000,56,base6-hold,t1+fido,-0.252,0.036,0.007,0/24
Armada,Cortex,6000,56,base6-hold,t1+sptk,0.295,0.059,0.012,24/24
Armada,Cortex,6000,56,base6-hold,t1+snipe,0.198,0.089,0.018,23/24
Armada,Cortex,6000,56,base6-hold,t1+fboy,0.472,0.007,0.001,24/24
Armada,Cortex,6000,56,base6-hold,zeus+fido,-0.26,0.012,0.002,0/24
Armada,Cortex,6000,56,base6-hold,zeus+sptk,0.325,0.034,0.007,24/24
Armada,Cortex,6000,56,base6-hold,zeus+snipe,-0.031,0.091,0.019,2/24
Armada,Cortex,6000,56,base6-hold,mace+zeus,-0.571,0.007,0.001,0/24
Armada,Cortex,6000,56,base6-hold,t1+zeus+fido,-0.33,0.036,0.007,0/24
Armada,Cortex,6000,56,base6-hold,t1+zeus(25),-0.552,0.012,0.002,0/24
Armada,Cortex,6000,56,base6-hold,t1+zeus(75),-0.583,0.008,0.002,0/24
Armada,Cortex,6000,160,base6-hold,t1-line,-0.216,0.012,0.003,0/24
Armada,Cortex,6000,160,base6-hold,t1-mace,-0.148,0.022,0.005,0/24
Armada,Cortex,6000,160,base6-hold,zeus,0.231,0.027,0.005,24/24
Armada,Cortex,6000,160,base6-hold,mav,-0.174,0.013,0.003,0/24
Armada,Cortex,6000,160,base6-hold,fido,-0.262,0.013,0.003,0/24
Armada,Cortex,6000,160,base6-hold,sptk,0.32,0.032,0.007,24/24
Armada,Cortex,6000,160,base6-hold,snipe,0.239,0.155,0.032,20/24
Armada,Cortex,6000,160,base6-hold,fboy,0.99,0.0,0.0,24/24
Armada,Cortex,6000,160,base6-hold,fast,-0.351,0.032,0.006,0/24
Armada,Cortex,6000,160,base6-hold,amph,-0.1,0.05,0.01,1/24
Armada,Cortex,6000,160,base6-hold,t1+zeus,0.263,0.023,0.005,24/24
Armada,Cortex,6000,160,base6-hold,t1+mav,-0.2,0.031,0.006,0/24
Armada,Cortex,6000,160,base6-hold,t1+fido,-0.311,0.015,0.003,0/24
Armada,Cortex,6000,160,base6-hold,t1+sptk,-0.092,0.093,0.019,4/24
Armada,Cortex,6000,160,base6-hold,t1+snipe,-0.269,0.004,0.001,0/24
Armada,Cortex,6000,160,base6-hold,t1+fboy,0.377,0.018,0.004,24/24
Armada,Cortex,6000,160,base6-hold,zeus+fido,-0.076,0.093,0.019,6/24
Armada,Cortex,6000,160,base6-hold,zeus+sptk,-0.025,0.059,0.012,4/24
Armada,Cortex,6000,160,base6-hold,zeus+snipe,-0.064,0.097,0.02,2/24
Armada,Cortex,6000,160,base6-hold,mace+zeus,0.311,0.011,0.002,24/24
Armada,Cortex,6000,160,base6-hold,t1+zeus+fido,-0.137,0.037,0.008,0/24
Armada,Cortex,6000,160,base6-hold,t1+zeus(25),-0.094,0.126,0.026,6/24
Armada,Cortex,6000,160,base6-hold,t1+zeus(75),0.385,0.017,0.004,24/24
Armada,Cortex,6000,56,base6-out,t1-line,-0.185,0.015,0.003,0/24
Armada,Cortex,6000,56,base6-out,t1-mace,-0.378,0.041,0.008,0/24
Armada,Cortex,6000,56,base6-out,zeus,-0.458,0.029,0.006,0/24
Armada,Cortex,6000,56,base6-out,mav,-0.467,0.048,0.01,0/24
Armada,Cortex,6000,56,base6-out,fido,-0.062,0.05,0.01,2/24
Armada,Cortex,6000,56,base6-out,sptk,-0.497,0.162,0.033,0/24
Armada,Cortex,6000,56,base6-out,snipe,-0.941,0.003,0.001,0/24
Armada,Cortex,6000,56,base6-out,fboy,0.722,0.021,0.004,24/24
Armada,Cortex,6000,56,base6-out,fast,-0.767,0.011,0.002,0/24
Armada,Cortex,6000,56,base6-out,amph,-0.677,0.017,0.004,0/24
Armada,Cortex,6000,56,base6-out,t1+zeus,-0.211,0.022,0.005,0/24
Armada,Cortex,6000,56,base6-out,t1+mav,-0.298,0.02,0.004,0/24
Armada,Cortex,6000,56,base6-out,t1+fido,0.232,0.086,0.017,24/24
Armada,Cortex,6000,56,base6-out,t1+sptk,-0.013,0.08,0.016,10/24
Armada,Cortex,6000,56,base6-out,t1+snipe,-0.428,0.056,0.011,0/24
Armada,Cortex,6000,56,base6-out,t1+fboy,0.434,0.13,0.026,23/24
Armada,Cortex,6000,56,base6-out,zeus+fido,0.053,0.167,0.034,10/24
Armada,Cortex,6000,56,base6-out,zeus+sptk,0.106,0.08,0.016,22/24
Armada,Cortex,6000,56,base6-out,zeus+snipe,-0.622,0.009,0.002,0/24
Armada,Cortex,6000,56,base6-out,mace+zeus,-0.164,0.018,0.004,0/24
Armada,Cortex,6000,56,base6-out,t1+zeus+fido,-0.014,0.065,0.013,6/24
Armada,Cortex,6000,56,base6-out,t1+zeus(25),-0.235,0.021,0.004,0/24
Armada,Cortex,6000,56,base6-out,t1+zeus(75),-0.256,0.022,0.005,0/24
Armada,Cortex,6000,160,base6-out,t1-line,-0.161,0.012,0.002,0/24
Armada,Cortex,6000,160,base6-out,t1-mace,-0.345,0.026,0.005,0/24
Armada,Cortex,6000,160,base6-out,zeus,-0.182,0.007,0.002,0/24
Armada,Cortex,6000,160,base6-out,mav,-0.262,0.05,0.01,0/24
Armada,Cortex,6000,160,base6-out,fido,-0.132,0.021,0.004,0/24
Armada,Cortex,6000,160,base6-out,sptk,-0.165,0.023,0.005,0/24
Armada,Cortex,6000,160,base6-out,snipe,-0.83,0.0,0.0,0/24
Armada,Cortex,6000,160,base6-out,fboy,0.732,0.02,0.004,24/24
Armada,Cortex,6000,160,base6-out,fast,-0.625,0.018,0.004,0/24
Armada,Cortex,6000,160,base6-out,amph,-0.237,0.018,0.004,0/24
Armada,Cortex,6000,160,base6-out,t1+zeus,-0.111,0.016,0.003,0/24
Armada,Cortex,6000,160,base6-out,t1+mav,-0.252,0.028,0.006,0/24
Armada,Cortex,6000,160,base6-out,t1+fido,-0.084,0.039,0.008,1/24
Armada,Cortex,6000,160,base6-out,t1+sptk,-0.009,0.082,0.017,9/24
Armada,Cortex,6000,160,base6-out,t1+snipe,-0.253,0.098,0.02,0/24
Armada,Cortex,6000,160,base6-out,t1+fboy,0.47,0.0,0.0,24/24
Armada,Cortex,6000,160,base6-out,zeus+fido,0.027,0.123,0.025,12/24
Armada,Cortex,6000,160,base6-out,zeus+sptk,0.011,0.077,0.016,10/24
Armada,Cortex,6000,160,base6-out,zeus+snipe,-0.379,0.034,0.007,0/24
Armada,Cortex,6000,160,base6-out,mace+zeus,0.005,0.072,0.015,13/24
Armada,Cortex,6000,160,base6-out,t1+zeus+fido,-0.128,0.015,0.003,0/24
Armada,Cortex,6000,160,base6-out,t1+zeus(25),-0.117,0.019,0.004,0/24
Armada,Cortex,6000,160,base6-out,t1+zeus(75),-0.128,0.013,0.003,0/24
Armada,Cortex,6000,56,base12-hold,t1-line,-0.582,0.004,0.001,0/24
Armada,Cortex,6000,56,base12-hold,t1-mace,-0.526,0.01,0.002,0/24
Armada,Cortex,6000,56,base12-hold,zeus,-0.615,0.011,0.002,0/24
Armada,Cortex,6000,56,base12-hold,mav,-0.64,0.0,0.0,0/24
Armada,Cortex,6000,56,base12-hold,fido,-0.174,0.012,0.002,0/24
Armada,Cortex,6000,56,base12-hold,sptk,0.76,0.0,0.0,24/24
Armada,Cortex,6000,56,base12-hold,snipe,-0.06,0.0,0.0,0/24
Armada,Cortex,6000,56,base12-hold,fboy,1.0,0.0,0.0,24/24
Armada,Cortex,6000,56,base12-hold,fast,-0.816,0.005,0.001,0/24
Armada,Cortex,6000,56,base12-hold,amph,-0.693,0.009,0.002,0/24
Armada,Cortex,6000,56,base12-hold,t1+zeus,-0.592,0.008,0.002,0/24
Armada,Cortex,6000,56,base12-hold,t1+mav,-0.634,0.005,0.001,0/24
Armada,Cortex,6000,56,base12-hold,t1+fido,-0.346,0.04,0.008,0/24
Armada,Cortex,6000,56,base12-hold,t1+sptk,0.169,0.078,0.016,23/24
Armada,Cortex,6000,56,base12-hold,t1+snipe,0.212,0.009,0.002,24/24
Armada,Cortex,6000,56,base12-hold,t1+fboy,0.47,0.0,0.0,24/24
Armada,Cortex,6000,56,base12-hold,zeus+fido,-0.391,0.008,0.002,0/24
Armada,Cortex,6000,56,base12-hold,zeus+sptk,0.308,0.032,0.007,24/24
Armada,Cortex,6000,56,base12-hold,zeus+snipe,0.033,0.066,0.013,11/24
Armada,Cortex,6000,56,base12-hold,mace+zeus,-0.599,0.005,0.001,0/24
Armada,Cortex,6000,56,base12-hold,t1+zeus+fido,-0.422,0.036,0.007,0/24
Armada,Cortex,6000,56,base12-hold,t1+zeus(25),-0.587,0.008,0.002,0/24
Armada,Cortex,6000,56,base12-hold,t1+zeus(75),-0.619,0.005,0.001,0/24
Armada,Cortex,6000,160,base12-hold,t1-line,-0.317,0.029,0.006,0/24
Armada,Cortex,6000,160,base12-hold,t1-mace,-0.186,0.017,0.003,0/24
Armada,Cortex,6000,160,base12-hold,zeus,0.099,0.026,0.005,24/24
Armada,Cortex,6000,160,base12-hold,mav,-0.297,0.04,0.008,0/24
Armada,Cortex,6000,160,base12-hold,fido,-0.282,0.01,0.002,0/24
Armada,Cortex,6000,160,base12-hold,sptk,0.308,0.033,0.007,24/24
Armada,Cortex,6000,160,base12-hold,snipe,0.312,0.071,0.015,24/24
Armada,Cortex,6000,160,base12-hold,fboy,1.0,0.0,0.0,24/24
Armada,Cortex,6000,160,base12-hold,fast,-0.561,0.007,0.001,0/24
Armada,Cortex,6000,160,base12-hold,amph,-0.296,0.018,0.004,0/24
Armada,Cortex,6000,160,base12-hold,t1+zeus,-0.119,0.02,0.004,0/24
Armada,Cortex,6000,160,base12-hold,t1+mav,-0.318,0.024,0.005,0/24
Armada,Cortex,6000,160,base12-hold,t1+fido,-0.395,0.018,0.004,0/24
Armada,Cortex,6000,160,base12-hold,t1+sptk,-0.168,0.098,0.02,1/24
Armada,Cortex,6000,160,base12-hold,t1+snipe,-0.28,0.0,0.0,0/24
Armada,Cortex,6000,160,base12-hold,t1+fboy,0.396,0.034,0.007,24/24
Armada,Cortex,6000,160,base12-hold,zeus+fido,-0.233,0.011,0.002,0/24
Armada,Cortex,6000,160,base12-hold,zeus+sptk,-0.155,0.051,0.01,0/24
Armada,Cortex,6000,160,base12-hold,zeus+snipe,-0.191,0.021,0.004,0/24
Armada,Cortex,6000,160,base12-hold,mace+zeus,-0.092,0.061,0.012,3/24
Armada,Cortex,6000,160,base12-hold,t1+zeus+fido,-0.26,0.014,0.003,0/24
Armada,Cortex,6000,160,base12-hold,t1+zeus(25),-0.273,0.02,0.004,0/24
Armada,Cortex,6000,160,base12-hold,t1+zeus(75),0.265,0.02,0.004,24/24
Armada,Cortex,6000,56,base12-out,t1-line,-0.249,0.01,0.002,0/24
Armada,Cortex,6000,56,base12-out,t1-mace,-0.439,0.04,0.008,0/24
Armada,Cortex,6000,56,base12-out,zeus,-0.544,0.016,0.003,0/24
Armada,Cortex,6000,56,base12-out,mav,-0.475,0.05,0.01,0/24
Armada,Cortex,6000,56,base12-out,fido,-0.18,0.019,0.004,0/24
Armada,Cortex,6000,56,base12-out,sptk,-0.55,0.129,0.026,0/24
Armada,Cortex,6000,56,base12-out,snipe,-0.95,0.0,0.0,0/24
Armada,Cortex,6000,56,base12-out,fboy,0.772,0.022,0.005,24/24
Armada,Cortex,6000,56,base12-out,fast,-0.78,0.013,0.003,0/24
Armada,Cortex,6000,56,base12-out,amph,-0.71,0.01,0.002,0/24
Armada,Cortex,6000,56,base12-out,t1+zeus,-0.273,0.012,0.002,0/24
Armada,Cortex,6000,56,base12-out,t1+mav,-0.328,0.02,0.004,0/24
Armada,Cortex,6000,56,base12-out,t1+fido,0.008,0.091,0.019,9/24
Armada,Cortex,6000,56,base12-out,t1+sptk,0.083,0.081,0.017,21/24
Armada,Cortex,6000,56,base12-out,t1+snipe,-0.463,0.045,0.009,0/24
Armada,Cortex,6000,56,base12-out,t1+fboy,0.383,0.177,0.036,23/24
Armada,Cortex,6000,56,base12-out,zeus+fido,-0.133,0.034,0.007,0/24
Armada,Cortex,6000,56,base12-out,zeus+sptk,0.081,0.102,0.021,17/24
Armada,Cortex,6000,56,base12-out,zeus+snipe,-0.64,0.01,0.002,0/24
Armada,Cortex,6000,56,base12-out,mace+zeus,-0.283,0.021,0.004,0/24
Armada,Cortex,6000,56,base12-out,t1+zeus+fido,-0.161,0.02,0.004,0/24
Armada,Cortex,6000,56,base12-out,t1+zeus(25),-0.273,0.013,0.003,0/24
Armada,Cortex,6000,56,base12-out,t1+zeus(75),-0.329,0.008,0.002,0/24
Armada,Cortex,6000,160,base12-out,t1-line,-0.242,0.015,0.003,0/24
Armada,Cortex,6000,160,base12-out,t1-mace,-0.329,0.031,0.006,0/24
Armada,Cortex,6000,160,base12-out,zeus,-0.176,0.007,0.001,0/24
Armada,Cortex,6000,160,base12-out,mav,-0.261,0.015,0.003,0/24
Armada,Cortex,6000,160,base12-out,fido,-0.19,0.021,0.004,0/24
Armada,Cortex,6000,160,base12-out,sptk,-0.183,0.022,0.004,0/24
Armada,Cortex,6000,160,base12-out,snipe,-0.84,0.0,0.0,0/24
Armada,Cortex,6000,160,base12-out,fboy,0.723,0.017,0.003,24/24
Armada,Cortex,6000,160,base12-out,fast,-0.559,0.026,0.005,0/24
Armada,Cortex,6000,160,base12-out,amph,-0.275,0.01,0.002,0/24
Armada,Cortex,6000,160,base12-out,t1+zeus,-0.171,0.01,0.002,0/24
Armada,Cortex,6000,160,base12-out,t1+mav,-0.306,0.024,0.005,0/24
Armada,Cortex,6000,160,base12-out,t1+fido,-0.163,0.012,0.002,0/24
Armada,Cortex,6000,160,base12-out,t1+sptk,-0.032,0.071,0.015,9/24
Armada,Cortex,6000,160,base12-out,t1+snipe,-0.118,0.14,0.029,5/24
Armada,Cortex,6000,160,base12-out,t1+fboy,0.457,0.012,0.002,24/24
Armada,Cortex,6000,160,base12-out,zeus+fido,0.046,0.108,0.022,16/24
Armada,Cortex,6000,160,base12-out,zeus+sptk,-0.088,0.05,0.01,2/24
Armada,Cortex,6000,160,base12-out,zeus+snipe,-0.348,0.018,0.004,0/24
Armada,Cortex,6000,160,base12-out,mace+zeus,-0.128,0.018,0.004,0/24
Armada,Cortex,6000,160,base12-out,t1+zeus+fido,-0.158,0.013,0.003,0/24
Armada,Cortex,6000,160,base12-out,t1+zeus(25),-0.174,0.023,0.005,0/24
Armada,Cortex,6000,160,base12-out,t1+zeus(75),-0.162,0.008,0.002,0/24
Armada,Cortex,10000,56,field20,t1-line,-0.0,0.036,0.007,9/24
Armada,Cortex,10000,56,field20,t1-mace,-0.364,0.034,0.007,0/24
Armada,Cortex,10000,56,field20,zeus,-0.632,0.006,0.001,0/24
Armada,Cortex,10000,56,field20,mav,-0.471,0.013,0.003,0/24
Armada,Cortex,10000,56,field20,fido,0.345,0.097,0.02,24/24
Armada,Cortex,10000,56,field20,sptk,-0.434,0.165,0.034,0/24
Armada,Cortex,10000,56,field20,snipe,-0.92,0.0,0.0,0/24
Armada,Cortex,10000,56,field20,fboy,0.699,0.03,0.006,24/24
Armada,Cortex,10000,56,field20,fast,-0.737,0.021,0.004,0/24
Armada,Cortex,10000,56,field20,amph,-0.597,0.021,0.004,0/24
Armada,Cortex,10000,56,field20,t1+zeus,-0.165,0.02,0.004,0/24
Armada,Cortex,10000,56,field20,t1+mav,-0.17,0.063,0.013,0/24
Armada,Cortex,10000,56,field20,t1+fido,0.426,0.097,0.02,24/24
Armada,Cortex,10000,56,field20,t1+sptk,0.176,0.135,0.028,23/24
Armada,Cortex,10000,56,field20,t1+snipe,-0.358,0.065,0.013,0/24
Armada,Cortex,10000,56,field20,t1+fboy,0.365,0.133,0.027,24/24
Armada,Cortex,10000,56,field20,zeus+fido,0.3,0.13,0.027,23/24
Armada,Cortex,10000,56,field20,zeus+sptk,0.265,0.082,0.017,24/24
Armada,Cortex,10000,56,field20,zeus+snipe,-0.695,0.01,0.002,0/24
Armada,Cortex,10000,56,field20,mace+zeus,-0.262,0.031,0.006,0/24
Armada,Cortex,10000,56,field20,t1+zeus+fido,0.351,0.017,0.004,24/24
Armada,Cortex,10000,56,field20,t1+zeus(25),-0.022,0.032,0.007,3/24
Armada,Cortex,10000,56,field20,t1+zeus(75),-0.271,0.043,0.009,0/24
Armada,Cortex,10000,160,field20,t1-line,0.149,0.043,0.009,24/24
Armada,Cortex,10000,160,field20,t1-mace,-0.16,0.026,0.005,0/24
Armada,Cortex,10000,160,field20,zeus,-0.445,0.007,0.001,0/24
Armada,Cortex,10000,160,field20,mav,-0.135,0.069,0.014,1/24
Armada,Cortex,10000,160,field20,fido,0.321,0.07,0.014,24/24
Armada,Cortex,10000,160,field20,sptk,0.113,0.077,0.016,23/24
Armada,Cortex,10000,160,field20,snipe,-0.85,0.0,0.0,0/24
Armada,Cortex,10000,160,field20,fboy,0.704,0.036,0.007,24/24
Armada,Cortex,10000,160,field20,fast,-0.528,0.012,0.002,0/24
Armada,Cortex,10000,160,field20,amph,-0.214,0.02,0.004,0/24
Armada,Cortex,10000,160,field20,t1+zeus,-0.05,0.031,0.006,1/24
Armada,Cortex,10000,160,field20,t1+mav,-0.09,0.031,0.006,0/24
Armada,Cortex,10000,160,field20,t1+fido,0.532,0.017,0.003,24/24
Armada,Cortex,10000,160,field20,t1+sptk,0.57,0.031,0.006,24/24
Armada,Cortex,10000,160,field20,t1+snipe,0.14,0.186,0.038,15/24
Armada,Cortex,10000,160,field20,t1+fboy,0.508,0.025,0.005,24/24
Armada,Cortex,10000,160,field20,zeus+fido,0.362,0.07,0.014,24/24
Armada,Cortex,10000,160,field20,zeus+sptk,0.476,0.028,0.006,24/24
Armada,Cortex,10000,160,field20,zeus+snipe,-0.383,0.021,0.004,0/24
Armada,Cortex,10000,160,field20,mace+zeus,0.109,0.04,0.008,24/24
Armada,Cortex,10000,160,field20,t1+zeus+fido,0.479,0.02,0.004,24/24
Armada,Cortex,10000,160,field20,t1+zeus(25),0.193,0.032,0.007,24/24
Armada,Cortex,10000,160,field20,t1+zeus(75),-0.102,0.026,0.005,0/24
Armada,Cortex,10000,56,field25,t1-line,0.184,0.059,0.012,24/24
Armada,Cortex,10000,56,field25,t1-mace,-0.253,0.045,0.009,0/24
Armada,Cortex,10000,56,field25,zeus,-0.569,0.007,0.001,0/24
Armada,Cortex,10000,56,field25,mav,-0.363,0.027,0.005,0/24
Armada,Cortex,10000,56,field25,fido,0.414,0.057,0.012,24/24
Armada,Cortex,10000,56,field25,sptk,-0.088,0.25,0.051,12/24
Armada,Cortex,10000,56,field25,snipe,-0.78,0.0,0.0,0/24
Armada,Cortex,10000,56,field25,fboy,0.56,0.13,0.027,24/24
Armada,Cortex,10000,56,field25,fast,-0.667,0.028,0.006,0/24
Armada,Cortex,10000,56,field25,amph,-0.573,0.023,0.005,0/24
Armada,Cortex,10000,56,field25,t1+zeus,0.093,0.06,0.012,22/24
Armada,Cortex,10000,56,field25,t1+mav,-0.024,0.057,0.012,8/24
Armada,Cortex,10000,56,field25,t1+fido,0.535,0.045,0.009,24/24
Armada,Cortex,10000,56,field25,t1+sptk,0.169,0.149,0.03,22/24
Armada,Cortex,10000,56,field25,t1+snipe,-0.319,0.059,0.012,0/24
Armada,Cortex,10000,56,field25,t1+fboy,0.23,0.165,0.034,23/24
Armada,Cortex,10000,56,field25,zeus+fido,0.401,0.129,0.026,24/24
Armada,Cortex,10000,56,field25,zeus+sptk,0.235,0.121,0.025,23/24
Armada,Cortex,10000,56,field25,zeus+snipe,-0.613,0.01,0.002,0/24
Armada,Cortex,10000,56,field25,mace+zeus,-0.101,0.048,0.01,2/24
Armada,Cortex,10000,56,field25,t1+zeus+fido,0.402,0.029,0.006,24/24
Armada,Cortex,10000,56,field25,t1+zeus(25),0.04,0.049,0.01,18/24
Armada,Cortex,10000,56,field25,t1+zeus(75),-0.012,0.064,0.013,11/24
Armada,Cortex,10000,160,field25,t1-line,0.137,0.064,0.013,24/24
Armada,Cortex,10000,160,field25,t1-mace,-0.14,0.058,0.012,1/24
Armada,Cortex,10000,160,field25,zeus,-0.357,0.012,0.002,0/24
Armada,Cortex,10000,160,field25,mav,-0.117,0.065,0.013,2/24
Armada,Cortex,10000,160,field25,fido,0.43,0.071,0.015,24/24
Armada,Cortex,10000,160,field25,sptk,0.01,0.109,0.022,13/24
Armada,Cortex,10000,160,field25,snipe,-0.54,0.0,0.0,0/24
Armada,Cortex,10000,160,field25,fboy,0.606,0.054,0.011,24/24
Armada,Cortex,10000,160,field25,fast,-0.519,0.019,0.004,0/24
Armada,Cortex,10000,160,field25,amph,-0.147,0.035,0.007,0/24
Armada,Cortex,10000,160,field25,t1+zeus,0.325,0.024,0.005,24/24
Armada,Cortex,10000,160,field25,t1+mav,-0.04,0.049,0.01,4/24
Armada,Cortex,10000,160,field25,t1+fido,0.563,0.025,0.005,24/24
Armada,Cortex,10000,160,field25,t1+sptk,0.604,0.025,0.005,24/24
Armada,Cortex,10000,160,field25,t1+snipe,0.273,0.188,0.038,21/24
Armada,Cortex,10000,160,field25,t1+fboy,0.518,0.039,0.008,24/24
Armada,Cortex,10000,160,field25,zeus+fido,0.505,0.053,0.011,24/24
Armada,Cortex,10000,160,field25,zeus+sptk,0.394,0.043,0.009,24/24
Armada,Cortex,10000,160,field25,zeus+snipe,-0.448,0.021,0.004,0/24
Armada,Cortex,10000,160,field25,mace+zeus,0.121,0.029,0.006,24/24
Armada,Cortex,10000,160,field25,t1+zeus+fido,0.498,0.016,0.003,24/24
Armada,Cortex,10000,160,field25,t1+zeus(25),0.187,0.039,0.008,24/24
Armada,Cortex,10000,160,field25,t1+zeus(75),0.107,0.016,0.003,24/24
Armada,Cortex,10000,56,t1only,t1-line,-0.0,0.036,0.007,9/24
Armada,Cortex,10000,56,t1only,t1-mace,-0.364,0.034,0.007,0/24
Armada,Cortex,10000,56,t1only,zeus,-0.632,0.006,0.001,0/24
Armada,Cortex,10000,56,t1only,mav,-0.471,0.013,0.003,0/24
Armada,Cortex,10000,56,t1only,fido,0.345,0.097,0.02,24/24
Armada,Cortex,10000,56,t1only,sptk,-0.434,0.165,0.034,0/24
Armada,Cortex,10000,56,t1only,snipe,-0.92,0.0,0.0,0/24
Armada,Cortex,10000,56,t1only,fboy,0.699,0.03,0.006,24/24
Armada,Cortex,10000,56,t1only,fast,-0.737,0.021,0.004,0/24
Armada,Cortex,10000,56,t1only,amph,-0.597,0.021,0.004,0/24
Armada,Cortex,10000,56,t1only,t1+zeus,-0.165,0.02,0.004,0/24
Armada,Cortex,10000,56,t1only,t1+mav,-0.17,0.063,0.013,0/24
Armada,Cortex,10000,56,t1only,t1+fido,0.426,0.097,0.02,24/24
Armada,Cortex,10000,56,t1only,t1+sptk,0.176,0.135,0.028,23/24
Armada,Cortex,10000,56,t1only,t1+snipe,-0.358,0.065,0.013,0/24
Armada,Cortex,10000,56,t1only,t1+fboy,0.365,0.133,0.027,24/24
Armada,Cortex,10000,56,t1only,zeus+fido,0.3,0.13,0.027,23/24
Armada,Cortex,10000,56,t1only,zeus+sptk,0.265,0.082,0.017,24/24
Armada,Cortex,10000,56,t1only,zeus+snipe,-0.695,0.01,0.002,0/24
Armada,Cortex,10000,56,t1only,mace+zeus,-0.262,0.031,0.006,0/24
Armada,Cortex,10000,56,t1only,t1+zeus+fido,0.351,0.017,0.004,24/24
Armada,Cortex,10000,56,t1only,t1+zeus(25),-0.022,0.032,0.007,3/24
Armada,Cortex,10000,56,t1only,t1+zeus(75),-0.271,0.043,0.009,0/24
Armada,Cortex,10000,160,t1only,t1-line,0.149,0.043,0.009,24/24
Armada,Cortex,10000,160,t1only,t1-mace,-0.16,0.026,0.005,0/24
Armada,Cortex,10000,160,t1only,zeus,-0.445,0.007,0.001,0/24
Armada,Cortex,10000,160,t1only,mav,-0.135,0.069,0.014,1/24
Armada,Cortex,10000,160,t1only,fido,0.321,0.07,0.014,24/24
Armada,Cortex,10000,160,t1only,sptk,0.113,0.077,0.016,23/24
Armada,Cortex,10000,160,t1only,snipe,-0.85,0.0,0.0,0/24
Armada,Cortex,10000,160,t1only,fboy,0.704,0.036,0.007,24/24
Armada,Cortex,10000,160,t1only,fast,-0.528,0.012,0.002,0/24
Armada,Cortex,10000,160,t1only,amph,-0.214,0.02,0.004,0/24
Armada,Cortex,10000,160,t1only,t1+zeus,-0.05,0.031,0.006,1/24
Armada,Cortex,10000,160,t1only,t1+mav,-0.09,0.031,0.006,0/24
Armada,Cortex,10000,160,t1only,t1+fido,0.532,0.017,0.003,24/24
Armada,Cortex,10000,160,t1only,t1+sptk,0.57,0.031,0.006,24/24
Armada,Cortex,10000,160,t1only,t1+snipe,0.14,0.186,0.038,15/24
Armada,Cortex,10000,160,t1only,t1+fboy,0.508,0.025,0.005,24/24
Armada,Cortex,10000,160,t1only,zeus+fido,0.362,0.07,0.014,24/24
Armada,Cortex,10000,160,t1only,zeus+sptk,0.476,0.028,0.006,24/24
Armada,Cortex,10000,160,t1only,zeus+snipe,-0.383,0.021,0.004,0/24
Armada,Cortex,10000,160,t1only,mace+zeus,0.109,0.04,0.008,24/24
Armada,Cortex,10000,160,t1only,t1+zeus+fido,0.479,0.02,0.004,24/24
Armada,Cortex,10000,160,t1only,t1+zeus(25),0.193,0.032,0.007,24/24
Armada,Cortex,10000,160,t1only,t1+zeus(75),-0.102,0.026,0.005,0/24
Armada,Cortex,10000,56,base6-hold,t1-line,-0.34,0.015,0.003,0/24
Armada,Cortex,10000,56,base6-hold,t1-mace,-0.347,0.011,0.002,0/24
Armada,Cortex,10000,56,base6-hold,zeus,-0.519,0.008,0.002,0/24
Armada,Cortex,10000,56,base6-hold,mav,-0.428,0.011,0.002,0/24
Armada,Cortex,10000,56,base6-hold,fido,0.355,0.043,0.009,24/24
Armada,Cortex,10000,56,base6-hold,sptk,0.897,0.004,0.001,24/24
Armada,Cortex,10000,56,base6-hold,snipe,0.38,0.008,0.002,24/24
Armada,Cortex,10000,56,base6-hold,fboy,1.0,0.0,0.0,24/24
Armada,Cortex,10000,56,base6-hold,fast,-0.703,0.009,0.002,0/24
Armada,Cortex,10000,56,base6-hold,amph,-0.574,0.011,0.002,0/24
Armada,Cortex,10000,56,base6-hold,t1+zeus,-0.367,0.011,0.002,0/24
Armada,Cortex,10000,56,base6-hold,t1+mav,-0.448,0.009,0.002,0/24
Armada,Cortex,10000,56,base6-hold,t1+fido,-0.152,0.036,0.007,0/24
Armada,Cortex,10000,56,base6-hold,t1+sptk,0.415,0.029,0.006,24/24
Armada,Cortex,10000,56,base6-hold,t1+snipe,-0.33,0.156,0.032,1/24
Armada,Cortex,10000,56,base6-hold,t1+fboy,0.505,0.048,0.01,24/24
Armada,Cortex,10000,56,base6-hold,zeus+fido,-0.121,0.06,0.012,1/24
Armada,Cortex,10000,56,base6-hold,zeus+sptk,0.383,0.038,0.008,24/24
Armada,Cortex,10000,56,base6-hold,zeus+snipe,-0.456,0.005,0.001,0/24
Armada,Cortex,10000,56,base6-hold,mace+zeus,-0.369,0.013,0.003,0/24
Armada,Cortex,10000,56,base6-hold,t1+zeus+fido,-0.164,0.03,0.006,0/24
Armada,Cortex,10000,56,base6-hold,t1+zeus(25),-0.378,0.016,0.003,0/24
Armada,Cortex,10000,56,base6-hold,t1+zeus(75),-0.381,0.012,0.002,0/24
Armada,Cortex,10000,160,base6-hold,t1-line,0.211,0.066,0.013,24/24
Armada,Cortex,10000,160,base6-hold,t1-mace,0.13,0.041,0.008,24/24
Armada,Cortex,10000,160,base6-hold,zeus,0.258,0.013,0.003,24/24
Armada,Cortex,10000,160,base6-hold,mav,0.139,0.024,0.005,24/24
Armada,Cortex,10000,160,base6-hold,fido,-0.27,0.0,0.0,0/24
Armada,Cortex,10000,160,base6-hold,sptk,0.473,0.016,0.003,24/24
Armada,Cortex,10000,160,base6-hold,snipe,0.555,0.03,0.006,24/24
Armada,Cortex,10000,160,base6-hold,fboy,1.0,0.0,0.0,24/24
Armada,Cortex,10000,160,base6-hold,fast,-0.27,0.037,0.008,0/24
Armada,Cortex,10000,160,base6-hold,amph,0.167,0.032,0.007,24/24
Armada,Cortex,10000,160,base6-hold,t1+zeus,0.508,0.015,0.003,24/24
Armada,Cortex,10000,160,base6-hold,t1+mav,0.204,0.024,0.005,24/24
Armada,Cortex,10000,160,base6-hold,t1+fido,0.052,0.127,0.026,16/24
Armada,Cortex,10000,160,base6-hold,t1+sptk,0.138,0.065,0.013,23/24
Armada,Cortex,10000,160,base6-hold,t1+snipe,-0.168,0.066,0.013,1/24
Armada,Cortex,10000,160,base6-hold,t1+fboy,0.43,0.002,0.0,24/24
Armada,Cortex,10000,160,base6-hold,zeus+fido,0.561,0.016,0.003,24/24
Armada,Cortex,10000,160,base6-hold,zeus+sptk,0.482,0.045,0.009,24/24
Armada,Cortex,10000,160,base6-hold,zeus+snipe,0.424,0.018,0.004,24/24
Armada,Cortex,10000,160,base6-hold,mace+zeus,0.506,0.013,0.003,24/24
Armada,Cortex,10000,160,base6-hold,t1+zeus+fido,0.484,0.019,0.004,24/24
Armada,Cortex,10000,160,base6-hold,t1+zeus(25),0.447,0.029,0.006,24/24
Armada,Cortex,10000,160,base6-hold,t1+zeus(75),0.444,0.016,0.003,24/24
Armada,Cortex,10000,56,base6-out,t1-line,-0.135,0.025,0.005,0/24
Armada,Cortex,10000,56,base6-out,t1-mace,-0.289,0.04,0.008,0/24
Armada,Cortex,10000,56,base6-out,zeus,-0.633,0.007,0.001,0/24
Armada,Cortex,10000,56,base6-out,mav,-0.411,0.044,0.009,0/24
Armada,Cortex,10000,56,base6-out,fido,0.276,0.053,0.011,24/24
Armada,Cortex,10000,56,base6-out,sptk,-0.305,0.197,0.04,2/24
Armada,Cortex,10000,56,base6-out,snipe,-0.861,0.006,0.001,0/24
Armada,Cortex,10000,56,base6-out,fboy,0.522,0.095,0.019,24/24
Armada,Cortex,10000,56,base6-out,fast,-0.712,0.023,0.005,0/24
Armada,Cortex,10000,56,base6-out,amph,-0.653,0.011,0.002,0/24
Armada,Cortex,10000,56,base6-out,t1+zeus,-0.094,0.082,0.017,4/24
Armada,Cortex,10000,56,base6-out,t1+mav,-0.2,0.019,0.004,0/24
Armada,Cortex,10000,56,base6-out,t1+fido,0.351,0.05,0.01,24/24
Armada,Cortex,10000,56,base6-out,t1+sptk,-0.006,0.157,0.032,11/24
Armada,Cortex,10000,56,base6-out,t1+snipe,-0.414,0.058,0.012,0/24
Armada,Cortex,10000,56,base6-out,t1+fboy,0.281,0.137,0.028,24/24
Armada,Cortex,10000,56,base6-out,zeus+fido,0.265,0.078,0.016,24/24
Armada,Cortex,10000,56,base6-out,zeus+sptk,0.068,0.127,0.026,16/24
Armada,Cortex,10000,56,base6-out,zeus+snipe,-0.659,0.012,0.003,0/24
Armada,Cortex,10000,56,base6-out,mace+zeus,-0.203,0.017,0.004,0/24
Armada,Cortex,10000,56,base6-out,t1+zeus+fido,0.208,0.065,0.013,24/24
Armada,Cortex,10000,56,base6-out,t1+zeus(25),-0.131,0.021,0.004,0/24
Armada,Cortex,10000,56,base6-out,t1+zeus(75),-0.235,0.026,0.005,0/24
Armada,Cortex,10000,160,base6-out,t1-line,-0.097,0.013,0.003,0/24
Armada,Cortex,10000,160,base6-out,t1-mace,-0.238,0.036,0.007,0/24
Armada,Cortex,10000,160,base6-out,zeus,-0.393,0.016,0.003,0/24
Armada,Cortex,10000,160,base6-out,mav,-0.181,0.045,0.009,0/24
Armada,Cortex,10000,160,base6-out,fido,0.181,0.102,0.021,23/24
Armada,Cortex,10000,160,base6-out,sptk,-0.143,0.052,0.011,0/24
Armada,Cortex,10000,160,base6-out,snipe,-0.65,0.0,0.0,0/24
Armada,Cortex,10000,160,base6-out,fboy,0.426,0.047,0.01,24/24
Armada,Cortex,10000,160,base6-out,fast,-0.579,0.015,0.003,0/24
Armada,Cortex,10000,160,base6-out,amph,-0.177,0.033,0.007,0/24
Armada,Cortex,10000,160,base6-out,t1+zeus,0.232,0.023,0.005,24/24
Armada,Cortex,10000,160,base6-out,t1+mav,-0.16,0.038,0.008,0/24
Armada,Cortex,10000,160,base6-out,t1+fido,0.329,0.035,0.007,24/24
Armada,Cortex,10000,160,base6-out,t1+sptk,0.367,0.026,0.005,24/24
Armada,Cortex,10000,160,base6-out,t1+snipe,-0.068,0.077,0.016,2/24
Armada,Cortex,10000,160,base6-out,t1+fboy,0.43,0.0,0.0,24/24
Armada,Cortex,10000,160,base6-out,zeus+fido,0.356,0.057,0.012,24/24
Armada,Cortex,10000,160,base6-out,zeus+sptk,0.203,0.043,0.009,24/24
Armada,Cortex,10000,160,base6-out,zeus+snipe,-0.5,0.017,0.003,0/24
Armada,Cortex,10000,160,base6-out,mace+zeus,0.229,0.019,0.004,24/24
Armada,Cortex,10000,160,base6-out,t1+zeus+fido,0.312,0.055,0.011,24/24
Armada,Cortex,10000,160,base6-out,t1+zeus(25),0.102,0.081,0.016,19/24
Armada,Cortex,10000,160,base6-out,t1+zeus(75),-0.115,0.005,0.001,0/24
Armada,Cortex,10000,56,base12-hold,t1-line,-0.38,0.018,0.004,0/24
Armada,Cortex,10000,56,base12-hold,t1-mace,-0.362,0.01,0.002,0/24
Armada,Cortex,10000,56,base12-hold,zeus,-0.55,0.005,0.001,0/24
Armada,Cortex,10000,56,base12-hold,mav,-0.473,0.006,0.001,0/24
Armada,Cortex,10000,56,base12-hold,fido,0.466,0.013,0.003,24/24
Armada,Cortex,10000,56,base12-hold,sptk,0.832,0.004,0.001,24/24
Armada,Cortex,10000,56,base12-hold,snipe,0.463,0.007,0.001,24/24
Armada,Cortex,10000,56,base12-hold,fboy,1.0,0.0,0.0,24/24
Armada,Cortex,10000,56,base12-hold,fast,-0.727,0.006,0.001,0/24
Armada,Cortex,10000,56,base12-hold,amph,-0.618,0.007,0.001,0/24
Armada,Cortex,10000,56,base12-hold,t1+zeus,-0.454,0.008,0.002,0/24
Armada,Cortex,10000,56,base12-hold,t1+mav,-0.45,0.006,0.001,0/24
Armada,Cortex,10000,56,base12-hold,t1+fido,-0.152,0.027,0.006,0/24
Armada,Cortex,10000,56,base12-hold,t1+sptk,0.432,0.022,0.004,24/24
Armada,Cortex,10000,56,base12-hold,t1+snipe,-0.179,0.061,0.013,0/24
Armada,Cortex,10000,56,base12-hold,t1+fboy,0.434,0.009,0.002,24/24
Armada,Cortex,10000,56,base12-hold,zeus+fido,-0.159,0.036,0.007,0/24
Armada,Cortex,10000,56,base12-hold,zeus+sptk,0.46,0.02,0.004,24/24
Armada,Cortex,10000,56,base12-hold,zeus+snipe,-0.399,0.046,0.009,0/24
Armada,Cortex,10000,56,base12-hold,mace+zeus,-0.45,0.008,0.002,0/24
Armada,Cortex,10000,56,base12-hold,t1+zeus+fido,-0.224,0.043,0.009,0/24
Armada,Cortex,10000,56,base12-hold,t1+zeus(25),-0.423,0.006,0.001,0/24
Armada,Cortex,10000,56,base12-hold,t1+zeus(75),-0.425,0.025,0.005,0/24
Armada,Cortex,10000,160,base12-hold,t1-line,0.027,0.091,0.018,15/24
Armada,Cortex,10000,160,base12-hold,t1-mace,0.079,0.039,0.008,23/24
Armada,Cortex,10000,160,base12-hold,zeus,0.189,0.02,0.004,24/24
Armada,Cortex,10000,160,base12-hold,mav,-0.098,0.025,0.005,0/24
Armada,Cortex,10000,160,base12-hold,fido,-0.043,0.095,0.019,5/24
Armada,Cortex,10000,160,base12-hold,sptk,0.541,0.008,0.002,24/24
Armada,Cortex,10000,160,base12-hold,snipe,0.409,0.106,0.022,24/24
Armada,Cortex,10000,160,base12-hold,fboy,1.0,0.0,0.0,24/24
Armada,Cortex,10000,160,base12-hold,fast,-0.449,0.015,0.003,0/24
Armada,Cortex,10000,160,base12-hold,amph,0.01,0.075,0.015,14/24
Armada,Cortex,10000,160,base12-hold,t1+zeus,0.439,0.019,0.004,24/24
Armada,Cortex,10000,160,base12-hold,t1+mav,-0.003,0.077,0.016,10/24
Armada,Cortex,10000,160,base12-hold,t1+fido,-0.171,0.054,0.011,1/24
Armada,Cortex,10000,160,base12-hold,t1+sptk,0.13,0.059,0.012,23/24
Armada,Cortex,10000,160,base12-hold,t1+snipe,-0.189,0.095,0.019,1/24
Armada,Cortex,10000,160,base12-hold,t1+fboy,0.42,0.009,0.002,24/24
Armada,Cortex,10000,160,base12-hold,zeus+fido,0.519,0.014,0.003,24/24
Armada,Cortex,10000,160,base12-hold,zeus+sptk,0.318,0.019,0.004,24/24
Armada,Cortex,10000,160,base12-hold,zeus+snipe,0.098,0.169,0.035,13/24
Armada,Cortex,10000,160,base12-hold,mace+zeus,0.41,0.022,0.004,24/24
Armada,Cortex,10000,160,base12-hold,t1+zeus+fido,0.336,0.045,0.009,24/24
Armada,Cortex,10000,160,base12-hold,t1+zeus(25),0.315,0.024,0.005,24/24
Armada,Cortex,10000,160,base12-hold,t1+zeus(75),0.367,0.017,0.003,24/24
Armada,Cortex,10000,56,base12-out,t1-line,-0.187,0.01,0.002,0/24
Armada,Cortex,10000,56,base12-out,t1-mace,-0.319,0.034,0.007,0/24
Armada,Cortex,10000,56,base12-out,zeus,-0.64,0.005,0.001,0/24
Armada,Cortex,10000,56,base12-out,mav,-0.352,0.034,0.007,0/24
Armada,Cortex,10000,56,base12-out,fido,0.087,0.1,0.021,18/24
Armada,Cortex,10000,56,base12-out,sptk,-0.354,0.161,0.033,1/24
Armada,Cortex,10000,56,base12-out,snipe,-0.86,0.0,0.0,0/24
Armada,Cortex,10000,56,base12-out,fboy,0.579,0.095,0.019,24/24
Armada,Cortex,10000,56,base12-out,fast,-0.727,0.021,0.004,0/24
Armada,Cortex,10000,56,base12-out,amph,-0.657,0.006,0.001,0/24
Armada,Cortex,10000,56,base12-out,t1+zeus,-0.186,0.015,0.003,0/24
Armada,Cortex,10000,56,base12-out,t1+mav,-0.255,0.009,0.002,0/24
Armada,Cortex,10000,56,base12-out,t1+fido,0.212,0.092,0.019,23/24
Armada,Cortex,10000,56,base12-out,t1+sptk,-0.035,0.192,0.039,11/24
Armada,Cortex,10000,56,base12-out,t1+snipe,-0.319,0.07,0.014,0/24
Armada,Cortex,10000,56,base12-out,t1+fboy,0.278,0.131,0.027,24/24
Armada,Cortex,10000,56,base12-out,zeus+fido,0.214,0.088,0.018,23/24
Armada,Cortex,10000,56,base12-out,zeus+sptk,0.038,0.164,0.033,15/24
Armada,Cortex,10000,56,base12-out,zeus+snipe,-0.66,0.022,0.005,0/24
Armada,Cortex,10000,56,base12-out,mace+zeus,-0.204,0.027,0.005,0/24
Armada,Cortex,10000,56,base12-out,t1+zeus+fido,0.099,0.126,0.026,16/24
Armada,Cortex,10000,56,base12-out,t1+zeus(25),-0.168,0.025,0.005,0/24
Armada,Cortex,10000,56,base12-out,t1+zeus(75),-0.275,0.008,0.002,0/24
Armada,Cortex,10000,160,base12-out,t1-line,-0.129,0.013,0.003,0/24
Armada,Cortex,10000,160,base12-out,t1-mace,-0.228,0.04,0.008,0/24
Armada,Cortex,10000,160,base12-out,zeus,-0.347,0.012,0.003,0/24
Armada,Cortex,10000,160,base12-out,mav,-0.18,0.022,0.004,0/24
Armada,Cortex,10000,160,base12-out,fido,0.09,0.103,0.021,19/24
Armada,Cortex,10000,160,base12-out,sptk,-0.18,0.087,0.018,0/24
Armada,Cortex,10000,160,base12-out,snipe,-0.66,0.0,0.0,0/24
Armada,Cortex,10000,160,base12-out,fboy,0.478,0.165,0.034,24/24
Armada,Cortex,10000,160,base12-out,fast,-0.586,0.017,0.003,0/24
Armada,Cortex,10000,160,base12-out,amph,-0.168,0.019,0.004,0/24
Armada,Cortex,10000,160,base12-out,t1+zeus,0.083,0.025,0.005,24/24
Armada,Cortex,10000,160,base12-out,t1+mav,-0.178,0.029,0.006,0/24
Armada,Cortex,10000,160,base12-out,t1+fido,0.2,0.033,0.007,24/24
Armada,Cortex,10000,160,base12-out,t1+sptk,0.278,0.038,0.008,24/24
Armada,Cortex,10000,160,base12-out,t1+snipe,0.0,0.194,0.04,11/24
Armada,Cortex,10000,160,base12-out,t1+fboy,0.421,0.021,0.004,24/24
Armada,Cortex,10000,160,base12-out,zeus+fido,0.179,0.067,0.014,24/24
Armada,Cortex,10000,160,base12-out,zeus+sptk,0.15,0.045,0.009,24/24
Armada,Cortex,10000,160,base12-out,zeus+snipe,-0.516,0.021,0.004,0/24
Armada,Cortex,10000,160,base12-out,mace+zeus,0.161,0.023,0.005,24/24
Armada,Cortex,10000,160,base12-out,t1+zeus+fido,0.193,0.038,0.008,24/24
Armada,Cortex,10000,160,base12-out,t1+zeus(25),0.077,0.067,0.014,20/24
Armada,Cortex,10000,160,base12-out,t1+zeus(75),-0.124,0.008,0.002,0/24
Cortex,Armada,3000,56,field20,t1-line,0.21,0.086,0.018,22/24
Cortex,Armada,3000,56,field20,t1-thud,0.046,0.072,0.015,20/24
Cortex,Armada,3000,56,field20,can,0.51,0.017,0.003,24/24
Cortex,Armada,3000,56,field20,sumo,-0.28,0.0,0.0,0/24
Cortex,Armada,3000,56,field20,pyro,0.125,0.08,0.016,23/24
Cortex,Armada,3000,56,field20,hrk,-0.87,0.0,0.0,0/24
Cortex,Armada,3000,56,field20,mort,-0.73,0.028,0.006,0/24
Cortex,Armada,3000,56,field20,termite,0.586,0.012,0.002,24/24
Cortex,Armada,3000,56,field20,amph,-0.155,0.049,0.01,0/24
Cortex,Armada,3000,56,field20,t1+can,0.348,0.053,0.011,24/24
Cortex,Armada,3000,56,field20,t1+sumo,0.301,0.03,0.006,24/24
Cortex,Armada,3000,56,field20,t1+pyro,-0.057,0.177,0.036,5/24
Cortex,Armada,3000,56,field20,t1+hrk,-0.184,0.115,0.024,4/24
Cortex,Armada,3000,56,field20,t1+mort,-0.151,0.09,0.018,1/24
Cortex,Armada,3000,56,field20,t1+termite,0.256,0.087,0.018,24/24
Cortex,Armada,3000,56,field20,can+mort,-0.214,0.066,0.014,0/24
Cortex,Armada,3000,56,field20,can+hrk,0.67,0.046,0.009,24/24
Cortex,Armada,3000,56,field20,termite+mort,-0.216,0.092,0.019,0/24
Cortex,Armada,3000,56,field20,thud+can,0.377,0.101,0.021,24/24
Cortex,Armada,3000,56,field20,t1+can+mort,0.42,0.034,0.007,24/24
Cortex,Armada,3000,56,field20,t1+can(25),0.33,0.065,0.013,24/24
Cortex,Armada,3000,56,field20,t1+can(75),0.405,0.031,0.006,24/24
Cortex,Armada,3000,160,field20,t1-line,0.395,0.066,0.014,24/24
Cortex,Armada,3000,160,field20,t1-thud,0.389,0.041,0.008,24/24
Cortex,Armada,3000,160,field20,can,0.773,0.011,0.002,24/24
Cortex,Armada,3000,160,field20,sumo,0.2,0.0,0.0,24/24
Cortex,Armada,3000,160,field20,pyro,0.074,0.051,0.01,23/24
Cortex,Armada,3000,160,field20,hrk,-0.88,0.0,0.0,0/24
Cortex,Armada,3000,160,field20,mort,-0.695,0.02,0.004,0/24
Cortex,Armada,3000,160,field20,termite,0.679,0.022,0.005,24/24
Cortex,Armada,3000,160,field20,amph,0.604,0.011,0.002,24/24
Cortex,Armada,3000,160,field20,t1+can,0.715,0.008,0.002,24/24
Cortex,Armada,3000,160,field20,t1+sumo,0.597,0.035,0.007,24/24
Cortex,Armada,3000,160,field20,t1+pyro,0.155,0.143,0.029,20/24
Cortex,Armada,3000,160,field20,t1+hrk,0.24,0.261,0.053,16/24
Cortex,Armada,3000,160,field20,t1+mort,0.163,0.201,0.041,18/24
Cortex,Armada,3000,160,field20,t1+termite,0.451,0.041,0.008,24/24
Cortex,Armada,3000,160,field20,can+mort,0.668,0.015,0.003,24/24
Cortex,Armada,3000,160,field20,can+hrk,0.754,0.016,0.003,24/24
Cortex,Armada,3000,160,field20,termite+mort,-0.115,0.039,0.008,1/24
Cortex,Armada,3000,160,field20,thud+can,0.679,0.012,0.002,24/24
Cortex,Armada,3000,160,field20,t1+can+mort,0.685,0.012,0.002,24/24
Cortex,Armada,3000,160,field20,t1+can(25),0.431,0.027,0.005,24/24
Cortex,Armada,3000,160,field20,t1+can(75),0.745,0.01,0.002,24/24
Cortex,Armada,3000,56,field25,t1-line,0.305,0.095,0.019,24/24
Cortex,Armada,3000,56,field25,t1-thud,-0.061,0.102,0.021,6/24
Cortex,Armada,3000,56,field25,can,0.571,0.021,0.004,24/24
Cortex,Armada,3000,56,field25,sumo,-0.22,0.0,0.0,0/24
Cortex,Armada,3000,56,field25,pyro,-0.158,0.125,0.025,2/24
Cortex,Armada,3000,56,field25,hrk,-0.78,0.0,0.0,0/24
Cortex,Armada,3000,56,field25,mort,-0.7,0.018,0.004,0/24
Cortex,Armada,3000,56,field25,termite,0.49,0.037,0.007,24/24
Cortex,Armada,3000,56,field25,amph,0.119,0.04,0.008,24/24
Cortex,Armada,3000,56,field25,t1+can,0.545,0.042,0.009,24/24
Cortex,Armada,3000,56,field25,t1+sumo,0.397,0.032,0.007,24/24
Cortex,Armada,3000,56,field25,t1+pyro,0.113,0.111,0.023,20/24
Cortex,Armada,3000,56,field25,t1+hrk,-0.262,0.043,0.009,0/24
Cortex,Armada,3000,56,field25,t1+mort,-0.174,0.081,0.016,0/24
Cortex,Armada,3000,56,field25,t1+termite,0.344,0.05,0.01,24/24
Cortex,Armada,3000,56,field25,can+mort,-0.077,0.048,0.01,3/24
Cortex,Armada,3000,56,field25,can+hrk,0.665,0.05,0.01,24/24
Cortex,Armada,3000,56,field25,termite+mort,0.12,0.262,0.053,7/24
Cortex,Armada,3000,56,field25,thud+can,0.574,0.065,0.013,24/24
Cortex,Armada,3000,56,field25,t1+can+mort,0.474,0.046,0.009,24/24
Cortex,Armada,3000,56,field25,t1+can(25),0.387,0.078,0.016,24/24
Cortex,Armada,3000,56,field25,t1+can(75),0.508,0.024,0.005,24/24
Cortex,Armada,3000,160,field25,t1-line,0.223,0.126,0.026,21/24
Cortex,Armada,3000,160,field25,t1-thud,-0.025,0.089,0.018,11/24
Cortex,Armada,3000,160,field25,can,0.78,0.014,0.003,24/24
Cortex,Armada,3000,160,field25,sumo,0.28,0.0,0.0,24/24
Cortex,Armada,3000,160,field25,pyro,0.03,0.094,0.019,17/24
Cortex,Armada,3000,160,field25,hrk,-0.72,0.0,0.0,0/24
Cortex,Armada,3000,160,field25,mort,-0.723,0.017,0.003,0/24
Cortex,Armada,3000,160,field25,termite,0.675,0.019,0.004,24/24
Cortex,Armada,3000,160,field25,amph,0.65,0.03,0.006,24/24
Cortex,Armada,3000,160,field25,t1+can,0.708,0.011,0.002,24/24
Cortex,Armada,3000,160,field25,t1+sumo,0.466,0.033,0.007,24/24
Cortex,Armada,3000,160,field25,t1+pyro,0.07,0.149,0.03,17/24
Cortex,Armada,3000,160,field25,t1+hrk,-0.104,0.132,0.027,5/24
Cortex,Armada,3000,160,field25,t1+mort,-0.028,0.178,0.036,7/24
Cortex,Armada,3000,160,field25,t1+termite,0.357,0.03,0.006,24/24
Cortex,Armada,3000,160,field25,can+mort,0.679,0.01,0.002,24/24
Cortex,Armada,3000,160,field25,can+hrk,0.718,0.02,0.004,24/24
Cortex,Armada,3000,160,field25,termite+mort,-0.228,0.077,0.016,0/24
Cortex,Armada,3000,160,field25,thud+can,0.718,0.015,0.003,24/24
Cortex,Armada,3000,160,field25,t1+can+mort,0.705,0.014,0.003,24/24
Cortex,Armada,3000,160,field25,t1+can(25),0.456,0.023,0.005,24/24
Cortex,Armada,3000,160,field25,t1+can(75),0.711,0.018,0.004,24/24
Cortex,Armada,3000,56,t1only,t1-line,0.21,0.086,0.018,22/24
Cortex,Armada,3000,56,t1only,t1-thud,0.046,0.072,0.015,20/24
Cortex,Armada,3000,56,t1only,can,0.51,0.017,0.003,24/24
Cortex,Armada,3000,56,t1only,sumo,-0.28,0.0,0.0,0/24
Cortex,Armada,3000,56,t1only,pyro,0.125,0.08,0.016,23/24
Cortex,Armada,3000,56,t1only,hrk,-0.87,0.0,0.0,0/24
Cortex,Armada,3000,56,t1only,mort,-0.73,0.028,0.006,0/24
Cortex,Armada,3000,56,t1only,termite,0.586,0.012,0.002,24/24
Cortex,Armada,3000,56,t1only,amph,-0.155,0.049,0.01,0/24
Cortex,Armada,3000,56,t1only,t1+can,0.348,0.053,0.011,24/24
Cortex,Armada,3000,56,t1only,t1+sumo,0.301,0.03,0.006,24/24
Cortex,Armada,3000,56,t1only,t1+pyro,-0.057,0.177,0.036,5/24
Cortex,Armada,3000,56,t1only,t1+hrk,-0.184,0.115,0.024,4/24
Cortex,Armada,3000,56,t1only,t1+mort,-0.151,0.09,0.018,1/24
Cortex,Armada,3000,56,t1only,t1+termite,0.256,0.087,0.018,24/24
Cortex,Armada,3000,56,t1only,can+mort,-0.214,0.066,0.014,0/24
Cortex,Armada,3000,56,t1only,can+hrk,0.67,0.046,0.009,24/24
Cortex,Armada,3000,56,t1only,termite+mort,-0.216,0.092,0.019,0/24
Cortex,Armada,3000,56,t1only,thud+can,0.377,0.101,0.021,24/24
Cortex,Armada,3000,56,t1only,t1+can+mort,0.42,0.034,0.007,24/24
Cortex,Armada,3000,56,t1only,t1+can(25),0.33,0.065,0.013,24/24
Cortex,Armada,3000,56,t1only,t1+can(75),0.405,0.031,0.006,24/24
Cortex,Armada,3000,160,t1only,t1-line,0.395,0.066,0.014,24/24
Cortex,Armada,3000,160,t1only,t1-thud,0.389,0.041,0.008,24/24
Cortex,Armada,3000,160,t1only,can,0.773,0.011,0.002,24/24
Cortex,Armada,3000,160,t1only,sumo,0.2,0.0,0.0,24/24
Cortex,Armada,3000,160,t1only,pyro,0.074,0.051,0.01,23/24
Cortex,Armada,3000,160,t1only,hrk,-0.88,0.0,0.0,0/24
Cortex,Armada,3000,160,t1only,mort,-0.695,0.02,0.004,0/24
Cortex,Armada,3000,160,t1only,termite,0.679,0.022,0.005,24/24
Cortex,Armada,3000,160,t1only,amph,0.604,0.011,0.002,24/24
Cortex,Armada,3000,160,t1only,t1+can,0.715,0.008,0.002,24/24
Cortex,Armada,3000,160,t1only,t1+sumo,0.597,0.035,0.007,24/24
Cortex,Armada,3000,160,t1only,t1+pyro,0.155,0.143,0.029,20/24
Cortex,Armada,3000,160,t1only,t1+hrk,0.24,0.261,0.053,16/24
Cortex,Armada,3000,160,t1only,t1+mort,0.163,0.201,0.041,18/24
Cortex,Armada,3000,160,t1only,t1+termite,0.451,0.041,0.008,24/24
Cortex,Armada,3000,160,t1only,can+mort,0.668,0.015,0.003,24/24
Cortex,Armada,3000,160,t1only,can+hrk,0.754,0.016,0.003,24/24
Cortex,Armada,3000,160,t1only,termite+mort,-0.115,0.039,0.008,1/24
Cortex,Armada,3000,160,t1only,thud+can,0.679,0.012,0.002,24/24
Cortex,Armada,3000,160,t1only,t1+can+mort,0.685,0.012,0.002,24/24
Cortex,Armada,3000,160,t1only,t1+can(25),0.431,0.027,0.005,24/24
Cortex,Armada,3000,160,t1only,t1+can(75),0.745,0.01,0.002,24/24
Cortex,Armada,3000,56,base6-hold,t1-line,-0.533,0.005,0.001,0/24
Cortex,Armada,3000,56,base6-hold,t1-thud,-0.573,0.004,0.001,0/24
Cortex,Armada,3000,56,base6-hold,can,-0.545,0.008,0.002,0/24
Cortex,Armada,3000,56,base6-hold,sumo,1.0,0.0,0.0,24/24
Cortex,Armada,3000,56,base6-hold,pyro,-0.686,0.009,0.002,0/24
Cortex,Armada,3000,56,base6-hold,hrk,-0.75,0.0,0.0,0/24
Cortex,Armada,3000,56,base6-hold,mort,-0.686,0.005,0.001,0/24
Cortex,Armada,3000,56,base6-hold,termite,-0.595,0.01,0.002,0/24
Cortex,Armada,3000,56,base6-hold,amph,-0.655,0.008,0.002,0/24
Cortex,Armada,3000,56,base6-hold,t1+can,-0.57,0.0,0.0,0/24
Cortex,Armada,3000,56,base6-hold,t1+sumo,0.72,0.0,0.0,24/24
Cortex,Armada,3000,56,base6-hold,t1+pyro,-0.585,0.02,0.004,0/24
Cortex,Armada,3000,56,base6-hold,t1+hrk,-0.534,0.005,0.001,0/24
Cortex,Armada,3000,56,base6-hold,t1+mort,-0.57,0.002,0.0,0/24
Cortex,Armada,3000,56,base6-hold,t1+termite,-0.57,0.0,0.0,0/24
Cortex,Armada,3000,56,base6-hold,can+mort,-0.651,0.003,0.001,0/24
Cortex,Armada,3000,56,base6-hold,can+hrk,-0.564,0.005,0.001,0/24
Cortex,Armada,3000,56,base6-hold,termite+mort,-0.623,0.004,0.001,0/24
Cortex,Armada,3000,56,base6-hold,thud+can,-0.58,0.006,0.001,0/24
Cortex,Armada,3000,56,base6-hold,t1+can+mort,-0.59,0.0,0.0,0/24
Cortex,Armada,3000,56,base6-hold,t1+can(25),-0.521,0.003,0.001,0/24
Cortex,Armada,3000,56,base6-hold,t1+can(75),-0.578,0.006,0.001,0/24
Cortex,Armada,3000,160,base6-hold,t1-line,-0.428,0.008,0.002,0/24
Cortex,Armada,3000,160,base6-hold,t1-thud,-0.353,0.014,0.003,0/24
Cortex,Armada,3000,160,base6-hold,can,-0.057,0.015,0.003,0/24
Cortex,Armada,3000,160,base6-hold,sumo,0.73,0.0,0.0,24/24
Cortex,Armada,3000,160,base6-hold,pyro,-0.355,0.014,0.003,0/24
Cortex,Armada,3000,160,base6-hold,hrk,-0.68,0.0,0.0,0/24
Cortex,Armada,3000,160,base6-hold,mort,-0.58,0.0,0.0,0/24
Cortex,Armada,3000,160,base6-hold,termite,-0.313,0.011,0.002,0/24
Cortex,Armada,3000,160,base6-hold,amph,-0.297,0.016,0.003,0/24
Cortex,Armada,3000,160,base6-hold,t1+can,-0.331,0.009,0.002,0/24
Cortex,Armada,3000,160,base6-hold,t1+sumo,0.45,0.0,0.0,24/24
Cortex,Armada,3000,160,base6-hold,t1+pyro,-0.417,0.016,0.003,0/24
Cortex,Armada,3000,160,base6-hold,t1+hrk,-0.447,0.017,0.004,0/24
Cortex,Armada,3000,160,base6-hold,t1+mort,-0.444,0.014,0.003,0/24
Cortex,Armada,3000,160,base6-hold,t1+termite,-0.345,0.012,0.002,0/24
Cortex,Armada,3000,160,base6-hold,can+mort,-0.479,0.003,0.001,0/24
Cortex,Armada,3000,160,base6-hold,can+hrk,-0.37,0.0,0.0,0/24
Cortex,Armada,3000,160,base6-hold,termite+mort,-0.48,0.002,0.0,0/24
Cortex,Armada,3000,160,base6-hold,thud+can,-0.268,0.023,0.005,0/24
Cortex,Armada,3000,160,base6-hold,t1+can+mort,-0.353,0.005,0.001,0/24
Cortex,Armada,3000,160,base6-hold,t1+can(25),-0.382,0.011,0.002,0/24
Cortex,Armada,3000,160,base6-hold,t1+can(75),-0.121,0.017,0.004,0/24
Cortex,Armada,3000,56,base6-out,t1-line,-0.443,0.024,0.005,0/24
Cortex,Armada,3000,56,base6-out,t1-thud,-0.444,0.032,0.007,0/24
Cortex,Armada,3000,56,base6-out,can,-0.407,0.014,0.003,0/24
Cortex,Armada,3000,56,base6-out,sumo,0.34,0.0,0.0,24/24
Cortex,Armada,3000,56,base6-out,pyro,-0.501,0.018,0.004,0/24
Cortex,Armada,3000,56,base6-out,hrk,-0.86,0.0,0.0,0/24
Cortex,Armada,3000,56,base6-out,mort,-0.801,0.013,0.003,0/24
Cortex,Armada,3000,56,base6-out,termite,-0.352,0.011,0.002,0/24
Cortex,Armada,3000,56,base6-out,amph,-0.488,0.012,0.002,0/24
Cortex,Armada,3000,56,base6-out,t1+can,-0.37,0.016,0.003,0/24
Cortex,Armada,3000,56,base6-out,t1+sumo,0.656,0.02,0.004,24/24
Cortex,Armada,3000,56,base6-out,t1+pyro,-0.47,0.032,0.007,0/24
Cortex,Armada,3000,56,base6-out,t1+hrk,-0.456,0.024,0.005,0/24
Cortex,Armada,3000,56,base6-out,t1+mort,-0.478,0.023,0.005,0/24
Cortex,Armada,3000,56,base6-out,t1+termite,-0.448,0.03,0.006,0/24
Cortex,Armada,3000,56,base6-out,can+mort,-0.524,0.013,0.003,0/24
Cortex,Armada,3000,56,base6-out,can+hrk,-0.4,0.005,0.001,0/24
Cortex,Armada,3000,56,base6-out,termite+mort,-0.55,0.01,0.002,0/24
Cortex,Armada,3000,56,base6-out,thud+can,-0.395,0.014,0.003,0/24
Cortex,Armada,3000,56,base6-out,t1+can+mort,-0.419,0.019,0.004,0/24
Cortex,Armada,3000,56,base6-out,t1+can(25),-0.37,0.024,0.005,0/24
Cortex,Armada,3000,56,base6-out,t1+can(75),-0.36,0.019,0.004,0/24
Cortex,Armada,3000,160,base6-out,t1-line,-0.307,0.018,0.004,0/24
Cortex,Armada,3000,160,base6-out,t1-thud,-0.357,0.027,0.006,0/24
Cortex,Armada,3000,160,base6-out,can,0.098,0.022,0.005,24/24
Cortex,Armada,3000,160,base6-out,sumo,-0.23,0.0,0.0,0/24
Cortex,Armada,3000,160,base6-out,pyro,-0.368,0.005,0.001,0/24
Cortex,Armada,3000,160,base6-out,hrk,-0.791,0.003,0.001,0/24
Cortex,Armada,3000,160,base6-out,mort,-0.823,0.012,0.002,0/24
Cortex,Armada,3000,160,base6-out,termite,-0.168,0.02,0.004,0/24
Cortex,Armada,3000,160,base6-out,amph,-0.187,0.01,0.002,0/24
Cortex,Armada,3000,160,base6-out,t1+can,-0.205,0.021,0.004,0/24
Cortex,Armada,3000,160,base6-out,t1+sumo,0.11,0.027,0.006,24/24
Cortex,Armada,3000,160,base6-out,t1+pyro,-0.331,0.033,0.007,0/24
Cortex,Armada,3000,160,base6-out,t1+hrk,-0.376,0.04,0.008,0/24
Cortex,Armada,3000,160,base6-out,t1+mort,-0.417,0.07,0.014,0/24
Cortex,Armada,3000,160,base6-out,t1+termite,-0.292,0.01,0.002,0/24
Cortex,Armada,3000,160,base6-out,can+mort,-0.303,0.006,0.001,0/24
Cortex,Armada,3000,160,base6-out,can+hrk,-0.3,0.0,0.0,0/24
Cortex,Armada,3000,160,base6-out,termite+mort,-0.46,0.009,0.002,0/24
Cortex,Armada,3000,160,base6-out,thud+can,-0.209,0.024,0.005,0/24
Cortex,Armada,3000,160,base6-out,t1+can+mort,-0.284,0.009,0.002,0/24
Cortex,Armada,3000,160,base6-out,t1+can(25),-0.282,0.011,0.002,0/24
Cortex,Armada,3000,160,base6-out,t1+can(75),-0.034,0.076,0.016,3/24
Cortex,Armada,3000,56,base12-hold,t1-line,-0.563,0.01,0.002,0/24
Cortex,Armada,3000,56,base12-hold,t1-thud,-0.607,0.005,0.001,0/24
Cortex,Armada,3000,56,base12-hold,can,-0.615,0.005,0.001,0/24
Cortex,Armada,3000,56,base12-hold,sumo,1.0,0.0,0.0,24/24
Cortex,Armada,3000,56,base12-hold,pyro,-0.716,0.007,0.001,0/24
Cortex,Armada,3000,56,base12-hold,hrk,-0.78,0.0,0.0,0/24
Cortex,Armada,3000,56,base12-hold,mort,-0.71,0.0,0.0,0/24
Cortex,Armada,3000,56,base12-hold,termite,-0.616,0.005,0.001,0/24
Cortex,Armada,3000,56,base12-hold,amph,-0.692,0.004,0.001,0/24
Cortex,Armada,3000,56,base12-hold,t1+can,-0.59,0.0,0.0,0/24
Cortex,Armada,3000,56,base12-hold,t1+sumo,0.72,0.0,0.0,24/24
Cortex,Armada,3000,56,base12-hold,t1+pyro,-0.607,0.005,0.001,0/24
Cortex,Armada,3000,56,base12-hold,t1+hrk,-0.574,0.009,0.002,0/24
Cortex,Armada,3000,56,base12-hold,t1+mort,-0.593,0.004,0.001,0/24
Cortex,Armada,3000,56,base12-hold,t1+termite,-0.61,0.0,0.0,0/24
Cortex,Armada,3000,56,base12-hold,can+mort,-0.635,0.005,0.001,0/24
Cortex,Armada,3000,56,base12-hold,can+hrk,-0.58,0.0,0.0,0/24
Cortex,Armada,3000,56,base12-hold,termite+mort,-0.621,0.003,0.001,0/24
Cortex,Armada,3000,56,base12-hold,thud+can,-0.62,0.002,0.0,0/24
Cortex,Armada,3000,56,base12-hold,t1+can+mort,-0.62,0.0,0.0,0/24
Cortex,Armada,3000,56,base12-hold,t1+can(25),-0.572,0.004,0.001,0/24
Cortex,Armada,3000,56,base12-hold,t1+can(75),-0.62,0.0,0.0,0/24
Cortex,Armada,3000,160,base12-hold,t1-line,-0.435,0.017,0.004,0/24
Cortex,Armada,3000,160,base12-hold,t1-thud,-0.393,0.009,0.002,0/24
Cortex,Armada,3000,160,base12-hold,can,-0.3,0.0,0.0,0/24
Cortex,Armada,3000,160,base12-hold,sumo,0.73,0.0,0.0,24/24
Cortex,Armada,3000,160,base12-hold,pyro,-0.511,0.004,0.001,0/24
Cortex,Armada,3000,160,base12-hold,hrk,-0.7,0.0,0.0,0/24
Cortex,Armada,3000,160,base12-hold,mort,-0.61,0.0,0.0,0/24
Cortex,Armada,3000,160,base12-hold,termite,-0.363,0.009,0.002,0/24
Cortex,Armada,3000,160,base12-hold,amph,-0.384,0.006,0.001,0/24
Cortex,Armada,3000,160,base12-hold,t1+can,-0.39,0.0,0.0,0/24
Cortex,Armada,3000,160,base12-hold,t1+sumo,0.56,0.0,0.0,24/24
Cortex,Armada,3000,160,base12-hold,t1+pyro,-0.514,0.013,0.003,0/24
Cortex,Armada,3000,160,base12-hold,t1+hrk,-0.51,0.0,0.0,0/24
Cortex,Armada,3000,160,base12-hold,t1+mort,-0.528,0.016,0.003,0/24
Cortex,Armada,3000,160,base12-hold,t1+termite,-0.424,0.009,0.002,0/24
Cortex,Armada,3000,160,base12-hold,can+mort,-0.57,0.0,0.0,0/24
Cortex,Armada,3000,160,base12-hold,can+hrk,-0.48,0.004,0.001,0/24
Cortex,Armada,3000,160,base12-hold,termite+mort,-0.554,0.008,0.002,0/24
Cortex,Armada,3000,160,base12-hold,thud+can,-0.344,0.028,0.006,0/24
Cortex,Armada,3000,160,base12-hold,t1+can+mort,-0.41,0.004,0.001,0/24
Cortex,Armada,3000,160,base12-hold,t1+can(25),-0.393,0.012,0.002,0/24
Cortex,Armada,3000,160,base12-hold,t1+can(75),-0.31,0.0,0.0,0/24
Cortex,Armada,3000,56,base12-out,t1-line,-0.529,0.032,0.006,0/24
Cortex,Armada,3000,56,base12-out,t1-thud,-0.545,0.02,0.004,0/24
Cortex,Armada,3000,56,base12-out,can,-0.557,0.012,0.002,0/24
Cortex,Armada,3000,56,base12-out,sumo,0.4,0.0,0.0,24/24
Cortex,Armada,3000,56,base12-out,pyro,-0.619,0.003,0.001,0/24
Cortex,Armada,3000,56,base12-out,hrk,-0.87,0.0,0.0,0/24
Cortex,Armada,3000,56,base12-out,mort,-0.818,0.017,0.004,0/24
Cortex,Armada,3000,56,base12-out,termite,-0.529,0.013,0.003,0/24
Cortex,Armada,3000,56,base12-out,amph,-0.597,0.004,0.001,0/24
Cortex,Armada,3000,56,base12-out,t1+can,-0.497,0.01,0.002,0/24
Cortex,Armada,3000,56,base12-out,t1+sumo,0.661,0.014,0.003,24/24
Cortex,Armada,3000,56,base12-out,t1+pyro,-0.561,0.003,0.001,0/24
Cortex,Armada,3000,56,base12-out,t1+hrk,-0.442,0.023,0.005,0/24
Cortex,Armada,3000,56,base12-out,t1+mort,-0.538,0.014,0.003,0/24
Cortex,Armada,3000,56,base12-out,t1+termite,-0.565,0.024,0.005,0/24
Cortex,Armada,3000,56,base12-out,can+mort,-0.61,0.002,0.0,0/24
Cortex,Armada,3000,56,base12-out,can+hrk,-0.6,0.018,0.004,0/24
Cortex,Armada,3000,56,base12-out,termite+mort,-0.614,0.005,0.001,0/24
Cortex,Armada,3000,56,base12-out,thud+can,-0.552,0.016,0.003,0/24
Cortex,Armada,3000,56,base12-out,t1+can+mort,-0.566,0.013,0.003,0/24
Cortex,Armada,3000,56,base12-out,t1+can(25),-0.523,0.025,0.005,0/24
Cortex,Armada,3000,56,base12-out,t1+can(75),-0.536,0.013,0.003,0/24
Cortex,Armada,3000,160,base12-out,t1-line,-0.359,0.015,0.003,0/24
Cortex,Armada,3000,160,base12-out,t1-thud,-0.402,0.02,0.004,0/24
Cortex,Armada,3000,160,base12-out,can,0.023,0.012,0.002,24/24
Cortex,Armada,3000,160,base12-out,sumo,-0.24,0.0,0.0,0/24
Cortex,Armada,3000,160,base12-out,pyro,-0.427,0.008,0.002,0/24
Cortex,Armada,3000,160,base12-out,hrk,-0.813,0.005,0.001,0/24
Cortex,Armada,3000,160,base12-out,mort,-0.842,0.015,0.003,0/24
Cortex,Armada,3000,160,base12-out,termite,-0.239,0.005,0.001,0/24
Cortex,Armada,3000,160,base12-out,amph,-0.253,0.009,0.002,0/24
Cortex,Armada,3000,160,base12-out,t1+can,-0.273,0.017,0.003,0/24
Cortex,Armada,3000,160,base12-out,t1+sumo,0.074,0.022,0.004,24/24
Cortex,Armada,3000,160,base12-out,t1+pyro,-0.387,0.023,0.005,0/24
Cortex,Armada,3000,160,base12-out,t1+hrk,-0.426,0.038,0.008,0/24
Cortex,Armada,3000,160,base12-out,t1+mort,-0.437,0.04,0.008,0/24
Cortex,Armada,3000,160,base12-out,t1+termite,-0.335,0.01,0.002,0/24
Cortex,Armada,3000,160,base12-out,can+mort,-0.362,0.005,0.001,0/24
Cortex,Armada,3000,160,base12-out,can+hrk,-0.273,0.008,0.002,0/24
Cortex,Armada,3000,160,base12-out,termite+mort,-0.419,0.003,0.001,0/24
Cortex,Armada,3000,160,base12-out,thud+can,-0.256,0.011,0.002,0/24
Cortex,Armada,3000,160,base12-out,t1+can+mort,-0.321,0.007,0.002,0/24
Cortex,Armada,3000,160,base12-out,t1+can(25),-0.323,0.019,0.004,0/24
Cortex,Armada,3000,160,base12-out,t1+can(75),-0.182,0.008,0.002,0/24
Cortex,Armada,6000,56,field20,t1-line,0.072,0.131,0.027,17/24
Cortex,Armada,6000,56,field20,t1-thud,-0.084,0.074,0.015,2/24
Cortex,Armada,6000,56,field20,can,0.351,0.012,0.002,24/24
Cortex,Armada,6000,56,field20,sumo,-0.34,0.0,0.0,0/24
Cortex,Armada,6000,56,field20,pyro,-0.287,0.1,0.02,0/24
Cortex,Armada,6000,56,field20,hrk,-0.86,0.0,0.0,0/24
Cortex,Armada,6000,56,field20,mort,-0.592,0.033,0.007,0/24
Cortex,Armada,6000,56,field20,termite,0.442,0.013,0.003,24/24
Cortex,Armada,6000,56,field20,amph,-0.398,0.011,0.002,0/24
Cortex,Armada,6000,56,field20,t1+can,0.397,0.016,0.003,24/24
Cortex,Armada,6000,56,field20,t1+sumo,0.297,0.057,0.012,24/24
Cortex,Armada,6000,56,field20,t1+pyro,-0.202,0.089,0.018,0/24
Cortex,Armada,6000,56,field20,t1+hrk,0.218,0.27,0.055,16/24
Cortex,Armada,6000,56,field20,t1+mort,-0.182,0.087,0.018,1/24
Cortex,Armada,6000,56,field20,t1+termite,0.268,0.016,0.003,24/24
Cortex,Armada,6000,56,field20,can+mort,0.462,0.094,0.019,24/24
Cortex,Armada,6000,56,field20,can+hrk,0.675,0.016,0.003,24/24
Cortex,Armada,6000,56,field20,termite+mort,0.309,0.18,0.037,24/24
Cortex,Armada,6000,56,field20,thud+can,0.465,0.008,0.002,24/24
Cortex,Armada,6000,56,field20,t1+can+mort,0.463,0.039,0.008,24/24
Cortex,Armada,6000,56,field20,t1+can(25),0.19,0.084,0.017,24/24
Cortex,Armada,6000,56,field20,t1+can(75),0.485,0.031,0.006,24/24
Cortex,Armada,6000,160,field20,t1-line,0.344,0.055,0.011,24/24
Cortex,Armada,6000,160,field20,t1-thud,0.168,0.079,0.016,24/24
Cortex,Armada,6000,160,field20,can,0.731,0.014,0.003,24/24
Cortex,Armada,6000,160,field20,sumo,0.44,0.0,0.0,24/24
Cortex,Armada,6000,160,field20,pyro,0.056,0.076,0.015,18/24
Cortex,Armada,6000,160,field20,hrk,-0.794,0.005,0.001,0/24
Cortex,Armada,6000,160,field20,mort,-0.583,0.016,0.003,0/24
Cortex,Armada,6000,160,field20,termite,0.772,0.012,0.002,24/24
Cortex,Armada,6000,160,field20,amph,0.553,0.015,0.003,24/24
Cortex,Armada,6000,160,field20,t1+can,0.723,0.008,0.002,24/24
Cortex,Armada,6000,160,field20,t1+sumo,0.396,0.046,0.009,24/24
Cortex,Armada,6000,160,field20,t1+pyro,0.185,0.07,0.014,24/24
Cortex,Armada,6000,160,field20,t1+hrk,0.255,0.189,0.039,20/24
Cortex,Armada,6000,160,field20,t1+mort,0.282,0.105,0.021,23/24
Cortex,Armada,6000,160,field20,t1+termite,0.584,0.02,0.004,24/24
Cortex,Armada,6000,160,field20,can+mort,0.756,0.02,0.004,24/24
Cortex,Armada,6000,160,field20,can+hrk,0.83,0.013,0.003,24/24
Cortex,Armada,6000,160,field20,termite+mort,0.7,0.019,0.004,24/24
Cortex,Armada,6000,160,field20,thud+can,0.714,0.012,0.002,24/24
Cortex,Armada,6000,160,field20,t1+can+mort,0.678,0.015,0.003,24/24
Cortex,Armada,6000,160,field20,t1+can(25),0.554,0.073,0.015,24/24
Cortex,Armada,6000,160,field20,t1+can(75),0.739,0.012,0.002,24/24
Cortex,Armada,6000,56,field25,t1-line,-0.247,0.077,0.016,0/24
Cortex,Armada,6000,56,field25,t1-thud,-0.349,0.031,0.006,0/24
Cortex,Armada,6000,56,field25,can,0.416,0.019,0.004,24/24
Cortex,Armada,6000,56,field25,sumo,-0.27,0.0,0.0,0/24
Cortex,Armada,6000,56,field25,pyro,-0.428,0.08,0.016,0/24
Cortex,Armada,6000,56,field25,hrk,-0.8,0.0,0.0,0/24
Cortex,Armada,6000,56,field25,mort,-0.527,0.035,0.007,0/24
Cortex,Armada,6000,56,field25,termite,0.433,0.03,0.006,24/24
Cortex,Armada,6000,56,field25,amph,-0.335,0.027,0.005,0/24
Cortex,Armada,6000,56,field25,t1+can,0.461,0.035,0.007,24/24
Cortex,Armada,6000,56,field25,t1+sumo,0.193,0.07,0.014,24/24
Cortex,Armada,6000,56,field25,t1+pyro,-0.293,0.089,0.018,0/24
Cortex,Armada,6000,56,field25,t1+hrk,-0.34,0.08,0.016,0/24
Cortex,Armada,6000,56,field25,t1+mort,-0.197,0.058,0.012,0/24
Cortex,Armada,6000,56,field25,t1+termite,0.095,0.087,0.018,20/24
Cortex,Armada,6000,56,field25,can+mort,0.509,0.084,0.017,24/24
Cortex,Armada,6000,56,field25,can+hrk,0.551,0.039,0.008,24/24
Cortex,Armada,6000,56,field25,termite+mort,0.435,0.215,0.044,21/24
Cortex,Armada,6000,56,field25,thud+can,0.495,0.028,0.006,24/24
Cortex,Armada,6000,56,field25,t1+can+mort,0.449,0.033,0.007,24/24
Cortex,Armada,6000,56,field25,t1+can(25),0.163,0.076,0.016,24/24
Cortex,Armada,6000,56,field25,t1+can(75),0.48,0.025,0.005,24/24
Cortex,Armada,6000,160,field25,t1-line,-0.168,0.038,0.008,0/24
Cortex,Armada,6000,160,field25,t1-thud,-0.28,0.027,0.005,0/24
Cortex,Armada,6000,160,field25,can,0.728,0.012,0.002,24/24
Cortex,Armada,6000,160,field25,sumo,0.49,0.0,0.0,24/24
Cortex,Armada,6000,160,field25,pyro,-0.055,0.1,0.02,8/24
Cortex,Armada,6000,160,field25,hrk,-0.741,0.003,0.001,0/24
Cortex,Armada,6000,160,field25,mort,-0.542,0.023,0.005,0/24
Cortex,Armada,6000,160,field25,termite,0.725,0.025,0.005,24/24
Cortex,Armada,6000,160,field25,amph,0.342,0.018,0.004,24/24
Cortex,Armada,6000,160,field25,t1+can,0.627,0.02,0.004,24/24
Cortex,Armada,6000,160,field25,t1+sumo,0.281,0.058,0.012,24/24
Cortex,Armada,6000,160,field25,t1+pyro,-0.077,0.088,0.018,5/24
Cortex,Armada,6000,160,field25,t1+hrk,-0.128,0.133,0.027,3/24
Cortex,Armada,6000,160,field25,t1+mort,-0.165,0.078,0.016,1/24
Cortex,Armada,6000,160,field25,t1+termite,0.458,0.02,0.004,24/24
Cortex,Armada,6000,160,field25,can+mort,0.699,0.022,0.005,24/24
Cortex,Armada,6000,160,field25,can+hrk,0.721,0.01,0.002,24/24
Cortex,Armada,6000,160,field25,termite+mort,0.609,0.021,0.004,24/24
Cortex,Armada,6000,160,field25,thud+can,0.655,0.041,0.008,24/24
Cortex,Armada,6000,160,field25,t1+can+mort,0.589,0.084,0.017,24/24
Cortex,Armada,6000,160,field25,t1+can(25),0.445,0.056,0.012,24/24
Cortex,Armada,6000,160,field25,t1+can(75),0.646,0.017,0.003,24/24
Cortex,Armada,6000,56,t1only,t1-line,0.072,0.131,0.027,17/24
Cortex,Armada,6000,56,t1only,t1-thud,-0.084,0.074,0.015,2/24
Cortex,Armada,6000,56,t1only,can,0.351,0.012,0.002,24/24
Cortex,Armada,6000,56,t1only,sumo,-0.34,0.0,0.0,0/24
Cortex,Armada,6000,56,t1only,pyro,-0.287,0.1,0.02,0/24
Cortex,Armada,6000,56,t1only,hrk,-0.86,0.0,0.0,0/24
Cortex,Armada,6000,56,t1only,mort,-0.592,0.033,0.007,0/24
Cortex,Armada,6000,56,t1only,termite,0.442,0.013,0.003,24/24
Cortex,Armada,6000,56,t1only,amph,-0.398,0.011,0.002,0/24
Cortex,Armada,6000,56,t1only,t1+can,0.397,0.016,0.003,24/24
Cortex,Armada,6000,56,t1only,t1+sumo,0.297,0.057,0.012,24/24
Cortex,Armada,6000,56,t1only,t1+pyro,-0.202,0.089,0.018,0/24
Cortex,Armada,6000,56,t1only,t1+hrk,0.218,0.27,0.055,16/24
Cortex,Armada,6000,56,t1only,t1+mort,-0.182,0.087,0.018,1/24
Cortex,Armada,6000,56,t1only,t1+termite,0.268,0.016,0.003,24/24
Cortex,Armada,6000,56,t1only,can+mort,0.462,0.094,0.019,24/24
Cortex,Armada,6000,56,t1only,can+hrk,0.675,0.016,0.003,24/24
Cortex,Armada,6000,56,t1only,termite+mort,0.309,0.18,0.037,24/24
Cortex,Armada,6000,56,t1only,thud+can,0.465,0.008,0.002,24/24
Cortex,Armada,6000,56,t1only,t1+can+mort,0.463,0.039,0.008,24/24
Cortex,Armada,6000,56,t1only,t1+can(25),0.19,0.084,0.017,24/24
Cortex,Armada,6000,56,t1only,t1+can(75),0.485,0.031,0.006,24/24
Cortex,Armada,6000,160,t1only,t1-line,0.344,0.055,0.011,24/24
Cortex,Armada,6000,160,t1only,t1-thud,0.168,0.079,0.016,24/24
Cortex,Armada,6000,160,t1only,can,0.731,0.014,0.003,24/24
Cortex,Armada,6000,160,t1only,sumo,0.44,0.0,0.0,24/24
Cortex,Armada,6000,160,t1only,pyro,0.056,0.076,0.015,18/24
Cortex,Armada,6000,160,t1only,hrk,-0.794,0.005,0.001,0/24
Cortex,Armada,6000,160,t1only,mort,-0.583,0.016,0.003,0/24
Cortex,Armada,6000,160,t1only,termite,0.772,0.012,0.002,24/24
Cortex,Armada,6000,160,t1only,amph,0.553,0.015,0.003,24/24
Cortex,Armada,6000,160,t1only,t1+can,0.723,0.008,0.002,24/24
Cortex,Armada,6000,160,t1only,t1+sumo,0.396,0.046,0.009,24/24
Cortex,Armada,6000,160,t1only,t1+pyro,0.185,0.07,0.014,24/24
Cortex,Armada,6000,160,t1only,t1+hrk,0.255,0.189,0.039,20/24
Cortex,Armada,6000,160,t1only,t1+mort,0.282,0.105,0.021,23/24
Cortex,Armada,6000,160,t1only,t1+termite,0.584,0.02,0.004,24/24
Cortex,Armada,6000,160,t1only,can+mort,0.756,0.02,0.004,24/24
Cortex,Armada,6000,160,t1only,can+hrk,0.83,0.013,0.003,24/24
Cortex,Armada,6000,160,t1only,termite+mort,0.7,0.019,0.004,24/24
Cortex,Armada,6000,160,t1only,thud+can,0.714,0.012,0.002,24/24
Cortex,Armada,6000,160,t1only,t1+can+mort,0.678,0.015,0.003,24/24
Cortex,Armada,6000,160,t1only,t1+can(25),0.554,0.073,0.015,24/24
Cortex,Armada,6000,160,t1only,t1+can(75),0.739,0.012,0.002,24/24
Cortex,Armada,6000,56,base6-hold,t1-line,-0.336,0.019,0.004,0/24
Cortex,Armada,6000,56,base6-hold,t1-thud,-0.377,0.013,0.003,0/24
Cortex,Armada,6000,56,base6-hold,can,0.221,0.03,0.006,24/24
Cortex,Armada,6000,56,base6-hold,sumo,1.0,0.0,0.0,24/24
Cortex,Armada,6000,56,base6-hold,pyro,-0.525,0.018,0.004,0/24
Cortex,Armada,6000,56,base6-hold,hrk,-0.6,0.0,0.0,0/24
Cortex,Armada,6000,56,base6-hold,mort,-0.518,0.01,0.002,0/24
Cortex,Armada,6000,56,base6-hold,termite,0.012,0.067,0.014,14/24
Cortex,Armada,6000,56,base6-hold,amph,-0.364,0.018,0.004,0/24
Cortex,Armada,6000,56,base6-hold,t1+can,-0.325,0.024,0.005,0/24
Cortex,Armada,6000,56,base6-hold,t1+sumo,0.37,0.0,0.0,24/24
Cortex,Armada,6000,56,base6-hold,t1+pyro,-0.457,0.011,0.002,0/24
Cortex,Armada,6000,56,base6-hold,t1+hrk,-0.393,0.018,0.004,0/24
Cortex,Armada,6000,56,base6-hold,t1+mort,-0.423,0.009,0.002,0/24
Cortex,Armada,6000,56,base6-hold,t1+termite,-0.336,0.014,0.003,0/24
Cortex,Armada,6000,56,base6-hold,can+mort,-0.422,0.007,0.001,0/24
Cortex,Armada,6000,56,base6-hold,can+hrk,-0.095,0.049,0.01,0/24
Cortex,Armada,6000,56,base6-hold,termite+mort,-0.43,0.009,0.002,0/24
Cortex,Armada,6000,56,base6-hold,thud+can,-0.366,0.021,0.004,0/24
Cortex,Armada,6000,56,base6-hold,t1+can+mort,-0.426,0.013,0.003,0/24
Cortex,Armada,6000,56,base6-hold,t1+can(25),-0.33,0.019,0.004,0/24
Cortex,Armada,6000,56,base6-hold,t1+can(75),0.28,0.022,0.004,24/24
Cortex,Armada,6000,160,base6-hold,t1-line,0.097,0.104,0.021,17/24
Cortex,Armada,6000,160,base6-hold,t1-thud,-0.062,0.039,0.008,2/24
Cortex,Armada,6000,160,base6-hold,can,0.443,0.014,0.003,24/24
Cortex,Armada,6000,160,base6-hold,sumo,0.7,0.0,0.0,24/24
Cortex,Armada,6000,160,base6-hold,pyro,0.051,0.023,0.005,24/24
Cortex,Armada,6000,160,base6-hold,hrk,-0.56,0.0,0.0,0/24
Cortex,Armada,6000,160,base6-hold,mort,-0.373,0.022,0.004,0/24
Cortex,Armada,6000,160,base6-hold,termite,0.373,0.046,0.009,24/24
Cortex,Armada,6000,160,base6-hold,amph,0.301,0.029,0.006,24/24
Cortex,Armada,6000,160,base6-hold,t1+can,0.491,0.013,0.003,24/24
Cortex,Armada,6000,160,base6-hold,t1+sumo,0.21,0.0,0.0,24/24
Cortex,Armada,6000,160,base6-hold,t1+pyro,-0.24,0.019,0.004,0/24
Cortex,Armada,6000,160,base6-hold,t1+hrk,-0.252,0.029,0.006,0/24
Cortex,Armada,6000,160,base6-hold,t1+mort,-0.274,0.022,0.004,0/24
Cortex,Armada,6000,160,base6-hold,t1+termite,0.271,0.021,0.004,24/24
Cortex,Armada,6000,160,base6-hold,can+mort,0.507,0.085,0.017,24/24
Cortex,Armada,6000,160,base6-hold,can+hrk,0.477,0.011,0.002,24/24
Cortex,Armada,6000,160,base6-hold,termite+mort,-0.208,0.018,0.004,0/24
Cortex,Armada,6000,160,base6-hold,thud+can,0.439,0.028,0.006,24/24
Cortex,Armada,6000,160,base6-hold,t1+can+mort,0.326,0.042,0.009,24/24
Cortex,Armada,6000,160,base6-hold,t1+can(25),0.211,0.046,0.009,24/24
Cortex,Armada,6000,160,base6-hold,t1+can(75),0.499,0.01,0.002,24/24
Cortex,Armada,6000,56,base6-out,t1-line,-0.223,0.029,0.006,0/24
Cortex,Armada,6000,56,base6-out,t1-thud,-0.276,0.022,0.004,0/24
Cortex,Armada,6000,56,base6-out,can,-0.04,0.083,0.017,11/24
Cortex,Armada,6000,56,base6-out,sumo,0.43,0.0,0.0,24/24
Cortex,Armada,6000,56,base6-out,pyro,-0.419,0.064,0.013,0/24
Cortex,Armada,6000,56,base6-out,hrk,-0.85,0.002,0.0,0/24
Cortex,Armada,6000,56,base6-out,mort,-0.557,0.034,0.007,0/24
Cortex,Armada,6000,56,base6-out,termite,0.16,0.032,0.007,24/24
Cortex,Armada,6000,56,base6-out,amph,-0.359,0.022,0.004,0/24
Cortex,Armada,6000,56,base6-out,t1+can,0.049,0.102,0.021,14/24
Cortex,Armada,6000,56,base6-out,t1+sumo,0.328,0.012,0.002,24/24
Cortex,Armada,6000,56,base6-out,t1+pyro,-0.265,0.053,0.011,0/24
Cortex,Armada,6000,56,base6-out,t1+hrk,-0.247,0.032,0.007,0/24
Cortex,Armada,6000,56,base6-out,t1+mort,-0.271,0.029,0.006,0/24
Cortex,Armada,6000,56,base6-out,t1+termite,-0.096,0.048,0.01,0/24
Cortex,Armada,6000,56,base6-out,can+mort,-0.198,0.005,0.001,0/24
Cortex,Armada,6000,56,base6-out,can+hrk,0.216,0.067,0.014,24/24
Cortex,Armada,6000,56,base6-out,termite+mort,-0.182,0.006,0.001,0/24
Cortex,Armada,6000,56,base6-out,thud+can,-0.111,0.036,0.007,0/24
Cortex,Armada,6000,56,base6-out,t1+can+mort,-0.192,0.009,0.002,0/24
Cortex,Armada,6000,56,base6-out,t1+can(25),-0.02,0.096,0.02,8/24
Cortex,Armada,6000,56,base6-out,t1+can(75),0.18,0.033,0.007,24/24
Cortex,Armada,6000,160,base6-out,t1-line,-0.238,0.052,0.011,0/24
Cortex,Armada,6000,160,base6-out,t1-thud,-0.289,0.053,0.011,0/24
Cortex,Armada,6000,160,base6-out,can,0.498,0.012,0.003,24/24
Cortex,Armada,6000,160,base6-out,sumo,0.31,0.0,0.0,24/24
Cortex,Armada,6000,160,base6-out,pyro,-0.243,0.044,0.009,0/24
Cortex,Armada,6000,160,base6-out,hrk,-0.76,0.0,0.0,0/24
Cortex,Armada,6000,160,base6-out,mort,-0.614,0.024,0.005,0/24
Cortex,Armada,6000,160,base6-out,termite,0.461,0.033,0.007,24/24
Cortex,Armada,6000,160,base6-out,amph,0.205,0.031,0.006,24/24
Cortex,Armada,6000,160,base6-out,t1+can,0.388,0.022,0.004,24/24
Cortex,Armada,6000,160,base6-out,t1+sumo,0.157,0.083,0.017,24/24
Cortex,Armada,6000,160,base6-out,t1+pyro,-0.215,0.032,0.007,0/24
Cortex,Armada,6000,160,base6-out,t1+hrk,-0.25,0.039,0.008,0/24
Cortex,Armada,6000,160,base6-out,t1+mort,-0.237,0.039,0.008,0/24
Cortex,Armada,6000,160,base6-out,t1+termite,0.095,0.125,0.025,18/24
Cortex,Armada,6000,160,base6-out,can+mort,0.28,0.188,0.038,21/24
Cortex,Armada,6000,160,base6-out,can+hrk,0.571,0.013,0.003,24/24
Cortex,Armada,6000,160,base6-out,termite+mort,-0.137,0.006,0.001,0/24
Cortex,Armada,6000,160,base6-out,thud+can,0.284,0.027,0.005,24/24
Cortex,Armada,6000,160,base6-out,t1+can+mort,0.137,0.196,0.04,13/24
Cortex,Armada,6000,160,base6-out,t1+can(25),0.105,0.094,0.019,22/24
Cortex,Armada,6000,160,base6-out,t1+can(75),0.428,0.014,0.003,24/24
Cortex,Armada,6000,56,base12-hold,t1-line,-0.385,0.016,0.003,0/24
Cortex,Armada,6000,56,base12-hold,t1-thud,-0.419,0.011,0.002,0/24
Cortex,Armada,6000,56,base12-hold,can,0.108,0.023,0.005,24/24
Cortex,Armada,6000,56,base12-hold,sumo,1.0,0.0,0.0,24/24
Cortex,Armada,6000,56,base12-hold,pyro,-0.562,0.012,0.002,0/24
Cortex,Armada,6000,56,base12-hold,hrk,-0.62,0.0,0.0,0/24
Cortex,Armada,6000,56,base12-hold,mort,-0.542,0.004,0.001,0/24
Cortex,Armada,6000,56,base12-hold,termite,0.005,0.081,0.017,15/24
Cortex,Armada,6000,56,base12-hold,amph,-0.443,0.01,0.002,0/24
Cortex,Armada,6000,56,base12-hold,t1+can,-0.443,0.008,0.002,0/24
Cortex,Armada,6000,56,base12-hold,t1+sumo,0.37,0.0,0.0,24/24
Cortex,Armada,6000,56,base12-hold,t1+pyro,-0.519,0.008,0.002,0/24
Cortex,Armada,6000,56,base12-hold,t1+hrk,-0.452,0.006,0.001,0/24
Cortex,Armada,6000,56,base12-hold,t1+mort,-0.489,0.004,0.001,0/24
Cortex,Armada,6000,56,base12-hold,t1+termite,-0.419,0.009,0.002,0/24
Cortex,Armada,6000,56,base12-hold,can+mort,-0.516,0.005,0.001,0/24
Cortex,Armada,6000,56,base12-hold,can+hrk,-0.283,0.023,0.005,0/24
Cortex,Armada,6000,56,base12-hold,termite+mort,-0.507,0.007,0.001,0/24
Cortex,Armada,6000,56,base12-hold,thud+can,-0.441,0.009,0.002,0/24
Cortex,Armada,6000,56,base12-hold,t1+can+mort,-0.497,0.006,0.001,0/24
Cortex,Armada,6000,56,base12-hold,t1+can(25),-0.413,0.023,0.005,0/24
Cortex,Armada,6000,56,base12-hold,t1+can(75),-0.126,0.055,0.011,1/24
Cortex,Armada,6000,160,base12-hold,t1-line,-0.2,0.091,0.018,1/24
Cortex,Armada,6000,160,base12-hold,t1-thud,-0.125,0.033,0.007,0/24
Cortex,Armada,6000,160,base12-hold,can,0.348,0.015,0.003,24/24
Cortex,Armada,6000,160,base12-hold,sumo,0.67,0.0,0.0,24/24
Cortex,Armada,6000,160,base12-hold,pyro,-0.204,0.025,0.005,0/24
Cortex,Armada,6000,160,base12-hold,hrk,-0.59,0.0,0.0,0/24
Cortex,Armada,6000,160,base12-hold,mort,-0.449,0.003,0.001,0/24
Cortex,Armada,6000,160,base12-hold,termite,0.048,0.098,0.02,16/24
Cortex,Armada,6000,160,base12-hold,amph,0.202,0.038,0.008,24/24
Cortex,Armada,6000,160,base12-hold,t1+can,0.13,0.056,0.011,23/24
Cortex,Armada,6000,160,base12-hold,t1+sumo,0.145,0.066,0.014,24/24
Cortex,Armada,6000,160,base12-hold,t1+pyro,-0.299,0.014,0.003,0/24
Cortex,Armada,6000,160,base12-hold,t1+hrk,-0.402,0.026,0.005,0/24
Cortex,Armada,6000,160,base12-hold,t1+mort,-0.331,0.011,0.002,0/24
Cortex,Armada,6000,160,base12-hold,t1+termite,0.065,0.065,0.013,18/24
Cortex,Armada,6000,160,base12-hold,can+mort,-0.19,0.013,0.003,0/24
Cortex,Armada,6000,160,base12-hold,can+hrk,0.225,0.229,0.047,16/24
Cortex,Armada,6000,160,base12-hold,termite+mort,-0.281,0.01,0.002,0/24
Cortex,Armada,6000,160,base12-hold,thud+can,0.186,0.02,0.004,24/24
Cortex,Armada,6000,160,base12-hold,t1+can+mort,-0.143,0.02,0.004,0/24
Cortex,Armada,6000,160,base12-hold,t1+can(25),-0.02,0.068,0.014,8/24
Cortex,Armada,6000,160,base12-hold,t1+can(75),0.42,0.014,0.003,24/24
Cortex,Armada,6000,56,base12-out,t1-line,-0.443,0.024,0.005,0/24
Cortex,Armada,6000,56,base12-out,t1-thud,-0.477,0.016,0.003,0/24
Cortex,Armada,6000,56,base12-out,can,-0.263,0.024,0.005,0/24
Cortex,Armada,6000,56,base12-out,sumo,0.51,0.0,0.0,24/24
Cortex,Armada,6000,56,base12-out,pyro,-0.529,0.028,0.006,0/24
Cortex,Armada,6000,56,base12-out,hrk,-0.86,0.0,0.0,0/24
Cortex,Armada,6000,56,base12-out,mort,-0.581,0.051,0.01,0/24
Cortex,Armada,6000,56,base12-out,termite,0.051,0.06,0.012,17/24
Cortex,Armada,6000,56,base12-out,amph,-0.452,0.01,0.002,0/24
Cortex,Armada,6000,56,base12-out,t1+can,-0.198,0.036,0.007,0/24
Cortex,Armada,6000,56,base12-out,t1+sumo,0.288,0.005,0.001,24/24
Cortex,Armada,6000,56,base12-out,t1+pyro,-0.468,0.022,0.004,0/24
Cortex,Armada,6000,56,base12-out,t1+hrk,-0.409,0.023,0.005,0/24
Cortex,Armada,6000,56,base12-out,t1+mort,-0.483,0.008,0.002,0/24
Cortex,Armada,6000,56,base12-out,t1+termite,-0.369,0.035,0.007,0/24
Cortex,Armada,6000,56,base12-out,can+mort,-0.427,0.015,0.003,0/24
Cortex,Armada,6000,56,base12-out,can+hrk,-0.193,0.008,0.002,0/24
Cortex,Armada,6000,56,base12-out,termite+mort,-0.447,0.017,0.003,0/24
Cortex,Armada,6000,56,base12-out,thud+can,-0.251,0.038,0.008,0/24
Cortex,Armada,6000,56,base12-out,t1+can+mort,-0.403,0.021,0.004,0/24
Cortex,Armada,6000,56,base12-out,t1+can(25),-0.278,0.067,0.014,0/24
Cortex,Armada,6000,56,base12-out,t1+can(75),-0.153,0.027,0.006,0/24
Cortex,Armada,6000,160,base12-out,t1-line,-0.259,0.04,0.008,0/24
Cortex,Armada,6000,160,base12-out,t1-thud,-0.318,0.038,0.008,0/24
Cortex,Armada,6000,160,base12-out,can,0.415,0.013,0.003,24/24
Cortex,Armada,6000,160,base12-out,sumo,0.34,0.0,0.0,24/24
Cortex,Armada,6000,160,base12-out,pyro,-0.261,0.013,0.003,0/24
Cortex,Armada,6000,160,base12-out,hrk,-0.782,0.004,0.001,0/24
Cortex,Armada,6000,160,base12-out,mort,-0.629,0.018,0.004,0/24
Cortex,Armada,6000,160,base12-out,termite,-0.13,0.0,0.0,0/24
Cortex,Armada,6000,160,base12-out,amph,0.107,0.028,0.006,24/24
Cortex,Armada,6000,160,base12-out,t1+can,0.037,0.219,0.045,9/24
Cortex,Armada,6000,160,base12-out,t1+sumo,0.229,0.135,0.027,24/24
Cortex,Armada,6000,160,base12-out,t1+pyro,-0.231,0.021,0.004,0/24
Cortex,Armada,6000,160,base12-out,t1+hrk,-0.288,0.036,0.007,0/24
Cortex,Armada,6000,160,base12-out,t1+mort,-0.276,0.033,0.007,0/24
Cortex,Armada,6000,160,base12-out,t1+termite,-0.121,0.043,0.009,1/24
Cortex,Armada,6000,160,base12-out,can+mort,-0.125,0.013,0.003,0/24
Cortex,Armada,6000,160,base12-out,can+hrk,0.37,0.027,0.006,24/24
Cortex,Armada,6000,160,base12-out,termite+mort,-0.149,0.007,0.001,0/24
Cortex,Armada,6000,160,base12-out,thud+can,0.157,0.171,0.035,18/24
Cortex,Armada,6000,160,base12-out,t1+can+mort,-0.148,0.017,0.004,0/24
Cortex,Armada,6000,160,base12-out,t1+can(25),-0.137,0.015,0.003,0/24
Cortex,Armada,6000,160,base12-out,t1+can(75),0.36,0.022,0.004,24/24
Cortex,Armada,10000,56,field20,t1-line,0.041,0.057,0.012,18/24
Cortex,Armada,10000,56,field20,t1-thud,-0.064,0.056,0.011,4/24
Cortex,Armada,10000,56,field20,can,0.102,0.014,0.003,24/24
Cortex,Armada,10000,56,field20,sumo,0.07,0.0,0.0,24/24
Cortex,Armada,10000,56,field20,pyro,-0.333,0.077,0.016,0/24
Cortex,Armada,10000,56,field20,hrk,-0.675,0.044,0.009,0/24
Cortex,Armada,10000,56,field20,mort,-0.514,0.03,0.006,0/24
Cortex,Armada,10000,56,field20,termite,0.352,0.019,0.004,24/24
Cortex,Armada,10000,56,field20,amph,-0.52,0.011,0.002,0/24
Cortex,Armada,10000,56,field20,t1+can,0.355,0.055,0.011,24/24
Cortex,Armada,10000,56,field20,t1+sumo,0.308,0.044,0.009,24/24
Cortex,Armada,10000,56,field20,t1+pyro,-0.166,0.071,0.014,0/24
Cortex,Armada,10000,56,field20,t1+hrk,0.036,0.129,0.026,11/24
Cortex,Armada,10000,56,field20,t1+mort,-0.052,0.076,0.015,4/24
Cortex,Armada,10000,56,field20,t1+termite,0.259,0.047,0.01,24/24
Cortex,Armada,10000,56,field20,can+mort,0.409,0.123,0.025,24/24
Cortex,Armada,10000,56,field20,can+hrk,0.542,0.02,0.004,24/24
Cortex,Armada,10000,56,field20,termite+mort,0.554,0.015,0.003,24/24
Cortex,Armada,10000,56,field20,thud+can,0.419,0.041,0.008,24/24
Cortex,Armada,10000,56,field20,t1+can+mort,0.311,0.089,0.018,23/24
Cortex,Armada,10000,56,field20,t1+can(25),0.234,0.092,0.019,24/24
Cortex,Armada,10000,56,field20,t1+can(75),0.217,0.03,0.006,24/24
Cortex,Armada,10000,160,field20,t1-line,0.307,0.08,0.016,24/24
Cortex,Armada,10000,160,field20,t1-thud,0.103,0.064,0.013,24/24
Cortex,Armada,10000,160,field20,can,0.675,0.015,0.003,24/24
Cortex,Armada,10000,160,field20,sumo,0.83,0.0,0.0,24/24
Cortex,Armada,10000,160,field20,pyro,-0.058,0.073,0.015,10/24
Cortex,Armada,10000,160,field20,hrk,-0.68,0.013,0.003,0/24
Cortex,Armada,10000,160,field20,mort,-0.52,0.03,0.006,0/24
Cortex,Armada,10000,160,field20,termite,0.578,0.021,0.004,24/24
Cortex,Armada,10000,160,field20,amph,0.348,0.02,0.004,24/24
Cortex,Armada,10000,160,field20,t1+can,0.716,0.006,0.001,24/24
Cortex,Armada,10000,160,field20,t1+sumo,0.399,0.021,0.004,24/24
Cortex,Armada,10000,160,field20,t1+pyro,0.064,0.102,0.021,19/24
Cortex,Armada,10000,160,field20,t1+hrk,0.163,0.17,0.035,17/24
Cortex,Armada,10000,160,field20,t1+mort,0.161,0.136,0.028,20/24
Cortex,Armada,10000,160,field20,t1+termite,0.605,0.016,0.003,24/24
Cortex,Armada,10000,160,field20,can+mort,0.74,0.013,0.003,24/24
Cortex,Armada,10000,160,field20,can+hrk,0.687,0.009,0.002,24/24
Cortex,Armada,10000,160,field20,termite+mort,0.678,0.01,0.002,24/24
Cortex,Armada,10000,160,field20,thud+can,0.722,0.007,0.001,24/24
Cortex,Armada,10000,160,field20,t1+can+mort,0.636,0.011,0.002,24/24
Cortex,Armada,10000,160,field20,t1+can(25),0.525,0.045,0.009,24/24
Cortex,Armada,10000,160,field20,t1+can(75),0.685,0.012,0.002,24/24
Cortex,Armada,10000,56,field25,t1-line,-0.191,0.067,0.014,0/24
Cortex,Armada,10000,56,field25,t1-thud,-0.296,0.041,0.008,0/24
Cortex,Armada,10000,56,field25,can,0.176,0.014,0.003,24/24
Cortex,Armada,10000,56,field25,sumo,0.08,0.0,0.0,24/24
Cortex,Armada,10000,56,field25,pyro,-0.382,0.049,0.01,0/24
Cortex,Armada,10000,56,field25,hrk,-0.79,0.0,0.0,0/24
Cortex,Armada,10000,56,field25,mort,-0.422,0.033,0.007,0/24
Cortex,Armada,10000,56,field25,termite,0.367,0.026,0.005,24/24
Cortex,Armada,10000,56,field25,amph,-0.503,0.009,0.002,0/24
Cortex,Armada,10000,56,field25,t1+can,0.285,0.052,0.011,24/24
Cortex,Armada,10000,56,field25,t1+sumo,0.206,0.094,0.019,24/24
Cortex,Armada,10000,56,field25,t1+pyro,-0.19,0.088,0.018,0/24
Cortex,Armada,10000,56,field25,t1+hrk,-0.198,0.075,0.015,0/24
Cortex,Armada,10000,56,field25,t1+mort,-0.15,0.048,0.01,0/24
Cortex,Armada,10000,56,field25,t1+termite,0.16,0.052,0.011,24/24
Cortex,Armada,10000,56,field25,can+mort,0.064,0.177,0.036,11/24
Cortex,Armada,10000,56,field25,can+hrk,0.478,0.011,0.002,24/24
Cortex,Armada,10000,56,field25,termite+mort,0.354,0.274,0.056,19/24
Cortex,Armada,10000,56,field25,thud+can,0.329,0.072,0.015,24/24
Cortex,Armada,10000,56,field25,t1+can+mort,0.388,0.081,0.016,24/24
Cortex,Armada,10000,56,field25,t1+can(25),0.058,0.054,0.011,21/24
Cortex,Armada,10000,56,field25,t1+can(75),0.192,0.02,0.004,24/24
Cortex,Armada,10000,160,field25,t1-line,-0.107,0.043,0.009,1/24
Cortex,Armada,10000,160,field25,t1-thud,-0.221,0.041,0.008,0/24
Cortex,Armada,10000,160,field25,can,0.595,0.016,0.003,24/24
Cortex,Armada,10000,160,field25,sumo,0.75,0.0,0.0,24/24
Cortex,Armada,10000,160,field25,pyro,-0.304,0.049,0.01,0/24
Cortex,Armada,10000,160,field25,hrk,-0.812,0.007,0.001,0/24
Cortex,Armada,10000,160,field25,mort,-0.394,0.028,0.006,0/24
Cortex,Armada,10000,160,field25,termite,0.552,0.022,0.005,24/24
Cortex,Armada,10000,160,field25,amph,0.174,0.019,0.004,24/24
Cortex,Armada,10000,160,field25,t1+can,0.656,0.016,0.003,24/24
Cortex,Armada,10000,160,field25,t1+sumo,0.337,0.048,0.01,24/24
Cortex,Armada,10000,160,field25,t1+pyro,-0.165,0.051,0.011,0/24
Cortex,Armada,10000,160,field25,t1+hrk,-0.096,0.109,0.022,5/24
Cortex,Armada,10000,160,field25,t1+mort,-0.137,0.049,0.01,0/24
Cortex,Armada,10000,160,field25,t1+termite,0.537,0.016,0.003,24/24
Cortex,Armada,10000,160,field25,can+mort,0.677,0.021,0.004,24/24
Cortex,Armada,10000,160,field25,can+hrk,0.718,0.013,0.003,24/24
Cortex,Armada,10000,160,field25,termite+mort,0.547,0.032,0.006,24/24
Cortex,Armada,10000,160,field25,thud+can,0.655,0.026,0.005,24/24
Cortex,Armada,10000,160,field25,t1+can+mort,0.599,0.021,0.004,24/24
Cortex,Armada,10000,160,field25,t1+can(25),0.529,0.04,0.008,24/24
Cortex,Armada,10000,160,field25,t1+can(75),0.593,0.013,0.003,24/24
Cortex,Armada,10000,56,t1only,t1-line,0.086,0.081,0.017,21/24
Cortex,Armada,10000,56,t1only,t1-thud,-0.035,0.067,0.014,6/24
Cortex,Armada,10000,56,t1only,can,0.163,0.014,0.003,24/24
Cortex,Armada,10000,56,t1only,sumo,0.07,0.0,0.0,24/24
Cortex,Armada,10000,56,t1only,pyro,-0.263,0.043,0.009,0/24
Cortex,Armada,10000,56,t1only,hrk,-0.657,0.012,0.002,0/24
Cortex,Armada,10000,56,t1only,mort,-0.523,0.03,0.006,0/24
Cortex,Armada,10000,56,t1only,termite,0.46,0.016,0.003,24/24
Cortex,Armada,10000,56,t1only,amph,-0.505,0.011,0.002,0/24
Cortex,Armada,10000,56,t1only,t1+can,0.313,0.044,0.009,24/24
Cortex,Armada,10000,56,t1only,t1+sumo,0.32,0.027,0.006,24/24
Cortex,Armada,10000,56,t1only,t1+pyro,-0.117,0.061,0.013,1/24
Cortex,Armada,10000,56,t1only,t1+hrk,0.182,0.199,0.041,19/24
Cortex,Armada,10000,56,t1only,t1+mort,0.025,0.107,0.022,12/24
Cortex,Armada,10000,56,t1only,t1+termite,0.28,0.021,0.004,24/24
Cortex,Armada,10000,56,t1only,can+mort,0.201,0.154,0.032,21/24
Cortex,Armada,10000,56,t1only,can+hrk,0.553,0.018,0.004,24/24
Cortex,Armada,10000,56,t1only,termite+mort,0.45,0.111,0.023,24/24
Cortex,Armada,10000,56,t1only,thud+can,0.297,0.099,0.02,24/24
Cortex,Armada,10000,56,t1only,t1+can+mort,0.299,0.107,0.022,23/24
Cortex,Armada,10000,56,t1only,t1+can(25),0.251,0.083,0.017,24/24
Cortex,Armada,10000,56,t1only,t1+can(75),0.197,0.03,0.006,24/24
Cortex,Armada,10000,160,t1only,t1-line,0.262,0.08,0.016,24/24
Cortex,Armada,10000,160,t1only,t1-thud,0.096,0.088,0.018,21/24
Cortex,Armada,10000,160,t1only,can,0.624,0.017,0.004,24/24
Cortex,Armada,10000,160,t1only,sumo,0.8,0.0,0.0,24/24
Cortex,Armada,10000,160,t1only,pyro,-0.015,0.072,0.015,10/24
Cortex,Armada,10000,160,t1only,hrk,-0.728,0.019,0.004,0/24
Cortex,Armada,10000,160,t1only,mort,-0.516,0.029,0.006,0/24
Cortex,Armada,10000,160,t1only,termite,0.511,0.019,0.004,24/24
Cortex,Armada,10000,160,t1only,amph,0.301,0.015,0.003,24/24
Cortex,Armada,10000,160,t1only,t1+can,0.695,0.005,0.001,24/24
Cortex,Armada,10000,160,t1only,t1+sumo,0.388,0.029,0.006,24/24
Cortex,Armada,10000,160,t1only,t1+pyro,0.034,0.107,0.022,16/24
Cortex,Armada,10000,160,t1only,t1+hrk,0.256,0.205,0.042,21/24
Cortex,Armada,10000,160,t1only,t1+mort,0.166,0.143,0.029,19/24
Cortex,Armada,10000,160,t1only,t1+termite,0.62,0.014,0.003,24/24
Cortex,Armada,10000,160,t1only,can+mort,0.729,0.012,0.003,24/24
Cortex,Armada,10000,160,t1only,can+hrk,0.701,0.009,0.002,24/24
Cortex,Armada,10000,160,t1only,termite+mort,0.677,0.013,0.003,24/24
Cortex,Armada,10000,160,t1only,thud+can,0.683,0.005,0.001,24/24
Cortex,Armada,10000,160,t1only,t1+can+mort,0.631,0.016,0.003,24/24
Cortex,Armada,10000,160,t1only,t1+can(25),0.5,0.051,0.01,24/24
Cortex,Armada,10000,160,t1only,t1+can(75),0.624,0.012,0.002,24/24
Cortex,Armada,10000,56,base6-hold,t1-line,-0.231,0.014,0.003,0/24
Cortex,Armada,10000,56,base6-hold,t1-thud,-0.269,0.011,0.002,0/24
Cortex,Armada,10000,56,base6-hold,can,0.282,0.016,0.003,24/24
Cortex,Armada,10000,56,base6-hold,sumo,1.0,0.0,0.0,24/24
Cortex,Armada,10000,56,base6-hold,pyro,-0.393,0.036,0.007,0/24
Cortex,Armada,10000,56,base6-hold,hrk,-0.423,0.013,0.003,0/24
Cortex,Armada,10000,56,base6-hold,mort,-0.44,0.0,0.0,0/24
Cortex,Armada,10000,56,base6-hold,termite,-0.05,0.054,0.011,7/24
Cortex,Armada,10000,56,base6-hold,amph,-0.197,0.023,0.005,0/24
Cortex,Armada,10000,56,base6-hold,t1+can,0.167,0.082,0.017,24/24
Cortex,Armada,10000,56,base6-hold,t1+sumo,0.44,0.0,0.0,24/24
Cortex,Armada,10000,56,base6-hold,t1+pyro,-0.386,0.017,0.003,0/24
Cortex,Armada,10000,56,base6-hold,t1+hrk,-0.264,0.017,0.004,0/24
Cortex,Armada,10000,56,base6-hold,t1+mort,-0.33,0.013,0.003,0/24
Cortex,Armada,10000,56,base6-hold,t1+termite,-0.224,0.018,0.004,0/24
Cortex,Armada,10000,56,base6-hold,can+mort,-0.285,0.013,0.003,0/24
Cortex,Armada,10000,56,base6-hold,can+hrk,-0.176,0.024,0.005,0/24
Cortex,Armada,10000,56,base6-hold,termite+mort,-0.273,0.015,0.003,0/24
Cortex,Armada,10000,56,base6-hold,thud+can,0.024,0.064,0.013,15/24
Cortex,Armada,10000,56,base6-hold,t1+can+mort,-0.233,0.013,0.003,0/24
Cortex,Armada,10000,56,base6-hold,t1+can(25),-0.238,0.012,0.003,0/24
Cortex,Armada,10000,56,base6-hold,t1+can(75),0.332,0.017,0.003,24/24
Cortex,Armada,10000,160,base6-hold,t1-line,0.186,0.107,0.022,22/24
Cortex,Armada,10000,160,base6-hold,t1-thud,0.108,0.032,0.007,24/24
Cortex,Armada,10000,160,base6-hold,can,0.523,0.015,0.003,24/24
Cortex,Armada,10000,160,base6-hold,sumo,0.84,0.0,0.0,24/24
Cortex,Armada,10000,160,base6-hold,pyro,0.017,0.025,0.005,18/24
Cortex,Armada,10000,160,base6-hold,hrk,-0.482,0.019,0.004,0/24
Cortex,Armada,10000,160,base6-hold,mort,-0.274,0.007,0.001,0/24
Cortex,Armada,10000,160,base6-hold,termite,0.487,0.03,0.006,24/24
Cortex,Armada,10000,160,base6-hold,amph,0.343,0.032,0.006,24/24
Cortex,Armada,10000,160,base6-hold,t1+can,0.545,0.013,0.003,24/24
Cortex,Armada,10000,160,base6-hold,t1+sumo,0.293,0.012,0.002,24/24
Cortex,Armada,10000,160,base6-hold,t1+pyro,-0.099,0.048,0.01,0/24
Cortex,Armada,10000,160,base6-hold,t1+hrk,-0.239,0.012,0.003,0/24
Cortex,Armada,10000,160,base6-hold,t1+mort,-0.238,0.006,0.001,0/24
Cortex,Armada,10000,160,base6-hold,t1+termite,0.524,0.032,0.007,24/24
Cortex,Armada,10000,160,base6-hold,can+mort,0.615,0.011,0.002,24/24
Cortex,Armada,10000,160,base6-hold,can+hrk,0.56,0.011,0.002,24/24
Cortex,Armada,10000,160,base6-hold,termite+mort,0.481,0.097,0.02,24/24
Cortex,Armada,10000,160,base6-hold,thud+can,0.5,0.019,0.004,24/24
Cortex,Armada,10000,160,base6-hold,t1+can+mort,0.563,0.017,0.003,24/24
Cortex,Armada,10000,160,base6-hold,t1+can(25),0.388,0.038,0.008,24/24
Cortex,Armada,10000,160,base6-hold,t1+can(75),0.515,0.013,0.003,24/24
Cortex,Armada,10000,56,base6-out,t1-line,-0.11,0.063,0.013,1/24
Cortex,Armada,10000,56,base6-out,t1-thud,-0.157,0.034,0.007,0/24
Cortex,Armada,10000,56,base6-out,can,0.116,0.027,0.006,24/24
Cortex,Armada,10000,56,base6-out,sumo,0.56,0.0,0.0,24/24
Cortex,Armada,10000,56,base6-out,pyro,-0.338,0.054,0.011,0/24
Cortex,Armada,10000,56,base6-out,hrk,-0.82,0.0,0.0,0/24
Cortex,Armada,10000,56,base6-out,mort,-0.41,0.04,0.008,0/24
Cortex,Armada,10000,56,base6-out,termite,0.212,0.026,0.005,24/24
Cortex,Armada,10000,56,base6-out,amph,-0.381,0.003,0.001,0/24
Cortex,Armada,10000,56,base6-out,t1+can,0.234,0.049,0.01,24/24
Cortex,Armada,10000,56,base6-out,t1+sumo,0.41,0.021,0.004,24/24
Cortex,Armada,10000,56,base6-out,t1+pyro,-0.187,0.077,0.016,0/24
Cortex,Armada,10000,56,base6-out,t1+hrk,-0.184,0.054,0.011,0/24
Cortex,Armada,10000,56,base6-out,t1+mort,-0.239,0.046,0.009,0/24
Cortex,Armada,10000,56,base6-out,t1+termite,0.143,0.047,0.01,24/24
Cortex,Armada,10000,56,base6-out,can+mort,-0.08,0.029,0.006,0/24
Cortex,Armada,10000,56,base6-out,can+hrk,0.538,0.016,0.003,24/24
Cortex,Armada,10000,56,base6-out,termite+mort,-0.046,0.038,0.008,1/24
Cortex,Armada,10000,56,base6-out,thud+can,0.191,0.048,0.01,24/24
Cortex,Armada,10000,56,base6-out,t1+can+mort,0.203,0.132,0.027,19/24
Cortex,Armada,10000,56,base6-out,t1+can(25),0.161,0.046,0.009,24/24
Cortex,Armada,10000,56,base6-out,t1+can(75),0.182,0.031,0.006,24/24
Cortex,Armada,10000,160,base6-out,t1-line,-0.169,0.052,0.011,0/24
Cortex,Armada,10000,160,base6-out,t1-thud,-0.22,0.038,0.008,0/24
Cortex,Armada,10000,160,base6-out,can,0.523,0.012,0.002,24/24
Cortex,Armada,10000,160,base6-out,sumo,0.67,0.0,0.0,24/24
Cortex,Armada,10000,160,base6-out,pyro,-0.348,0.04,0.008,0/24
Cortex,Armada,10000,160,base6-out,hrk,-0.83,0.002,0.0,0/24
Cortex,Armada,10000,160,base6-out,mort,-0.474,0.023,0.005,0/24
Cortex,Armada,10000,160,base6-out,termite,0.386,0.026,0.005,24/24
Cortex,Armada,10000,160,base6-out,amph,0.17,0.025,0.005,24/24
Cortex,Armada,10000,160,base6-out,t1+can,0.449,0.023,0.005,24/24
Cortex,Armada,10000,160,base6-out,t1+sumo,0.228,0.036,0.007,24/24
Cortex,Armada,10000,160,base6-out,t1+pyro,-0.213,0.058,0.012,0/24
Cortex,Armada,10000,160,base6-out,t1+hrk,-0.181,0.064,0.013,0/24
Cortex,Armada,10000,160,base6-out,t1+mort,-0.188,0.055,0.011,0/24
Cortex,Armada,10000,160,base6-out,t1+termite,0.432,0.019,0.004,24/24
Cortex,Armada,10000,160,base6-out,can+mort,0.615,0.013,0.003,24/24
Cortex,Armada,10000,160,base6-out,can+hrk,0.6,0.022,0.005,24/24
Cortex,Armada,10000,160,base6-out,termite+mort,0.133,0.149,0.03,15/24
Cortex,Armada,10000,160,base6-out,thud+can,0.426,0.017,0.004,24/24
Cortex,Armada,10000,160,base6-out,t1+can+mort,0.475,0.027,0.006,24/24
Cortex,Armada,10000,160,base6-out,t1+can(25),0.405,0.08,0.016,24/24
Cortex,Armada,10000,160,base6-out,t1+can(75),0.443,0.022,0.004,24/24
Cortex,Armada,10000,56,base12-hold,t1-line,-0.265,0.011,0.002,0/24
Cortex,Armada,10000,56,base12-hold,t1-thud,-0.317,0.016,0.003,0/24
Cortex,Armada,10000,56,base12-hold,can,0.218,0.02,0.004,24/24
Cortex,Armada,10000,56,base12-hold,sumo,1.0,0.0,0.0,24/24
Cortex,Armada,10000,56,base12-hold,pyro,-0.456,0.013,0.003,0/24
Cortex,Armada,10000,56,base12-hold,hrk,-0.45,0.0,0.0,0/24
Cortex,Armada,10000,56,base12-hold,mort,-0.468,0.004,0.001,0/24
Cortex,Armada,10000,56,base12-hold,termite,-0.103,0.066,0.013,4/24
Cortex,Armada,10000,56,base12-hold,amph,-0.283,0.019,0.004,0/24
Cortex,Armada,10000,56,base12-hold,t1+can,-0.159,0.014,0.003,0/24
Cortex,Armada,10000,56,base12-hold,t1+sumo,0.44,0.0,0.0,24/24
Cortex,Armada,10000,56,base12-hold,t1+pyro,-0.417,0.016,0.003,0/24
Cortex,Armada,10000,56,base12-hold,t1+hrk,-0.34,0.018,0.004,0/24
Cortex,Armada,10000,56,base12-hold,t1+mort,-0.374,0.011,0.002,0/24
Cortex,Armada,10000,56,base12-hold,t1+termite,-0.274,0.015,0.003,0/24
Cortex,Armada,10000,56,base12-hold,can+mort,-0.345,0.009,0.002,0/24
Cortex,Armada,10000,56,base12-hold,can+hrk,0.222,0.233,0.047,16/24
Cortex,Armada,10000,56,base12-hold,termite+mort,-0.345,0.01,0.002,0/24
Cortex,Armada,10000,56,base12-hold,thud+can,-0.185,0.012,0.002,0/24
Cortex,Armada,10000,56,base12-hold,t1+can+mort,-0.358,0.012,0.002,0/24
Cortex,Armada,10000,56,base12-hold,t1+can(25),-0.237,0.013,0.003,0/24
Cortex,Armada,10000,56,base12-hold,t1+can(75),0.289,0.016,0.003,24/24
Cortex,Armada,10000,160,base12-hold,t1-line,0.198,0.101,0.021,24/24
Cortex,Armada,10000,160,base12-hold,t1-thud,0.117,0.042,0.009,24/24
Cortex,Armada,10000,160,base12-hold,can,0.468,0.02,0.004,24/24
Cortex,Armada,10000,160,base12-hold,sumo,0.85,0.0,0.0,24/24
Cortex,Armada,10000,160,base12-hold,pyro,-0.155,0.028,0.006,0/24
Cortex,Armada,10000,160,base12-hold,hrk,-0.52,0.0,0.0,0/24
Cortex,Armada,10000,160,base12-hold,mort,-0.251,0.021,0.004,0/24
Cortex,Armada,10000,160,base12-hold,termite,0.365,0.028,0.006,24/24
Cortex,Armada,10000,160,base12-hold,amph,0.325,0.029,0.006,24/24
Cortex,Armada,10000,160,base12-hold,t1+can,0.488,0.014,0.003,24/24
Cortex,Armada,10000,160,base12-hold,t1+sumo,0.31,0.026,0.005,24/24
Cortex,Armada,10000,160,base12-hold,t1+pyro,-0.179,0.014,0.003,0/24
Cortex,Armada,10000,160,base12-hold,t1+hrk,-0.326,0.021,0.004,0/24
Cortex,Armada,10000,160,base12-hold,t1+mort,-0.202,0.142,0.029,3/24
Cortex,Armada,10000,160,base12-hold,t1+termite,0.353,0.042,0.009,24/24
Cortex,Armada,10000,160,base12-hold,can+mort,0.57,0.008,0.002,24/24
Cortex,Armada,10000,160,base12-hold,can+hrk,0.52,0.009,0.002,24/24
Cortex,Armada,10000,160,base12-hold,termite+mort,0.435,0.075,0.015,24/24
Cortex,Armada,10000,160,base12-hold,thud+can,0.488,0.021,0.004,24/24
Cortex,Armada,10000,160,base12-hold,t1+can+mort,0.463,0.022,0.005,24/24
Cortex,Armada,10000,160,base12-hold,t1+can(25),0.287,0.034,0.007,24/24
Cortex,Armada,10000,160,base12-hold,t1+can(75),0.478,0.012,0.002,24/24
Cortex,Armada,10000,56,base12-out,t1-line,-0.269,0.058,0.012,0/24
Cortex,Armada,10000,56,base12-out,t1-thud,-0.331,0.022,0.005,0/24
Cortex,Armada,10000,56,base12-out,can,0.02,0.064,0.013,19/24
Cortex,Armada,10000,56,base12-out,sumo,0.64,0.0,0.0,24/24
Cortex,Armada,10000,56,base12-out,pyro,-0.402,0.05,0.01,0/24
Cortex,Armada,10000,56,base12-out,hrk,-0.83,0.0,0.0,0/24
Cortex,Armada,10000,56,base12-out,mort,-0.47,0.006,0.001,0/24
Cortex,Armada,10000,56,base12-out,termite,0.177,0.038,0.008,24/24
Cortex,Armada,10000,56,base12-out,amph,-0.461,0.008,0.002,0/24
Cortex,Armada,10000,56,base12-out,t1+can,0.122,0.068,0.014,22/24
Cortex,Armada,10000,56,base12-out,t1+sumo,0.35,0.022,0.005,24/24
Cortex,Armada,10000,56,base12-out,t1+pyro,-0.324,0.056,0.011,0/24
Cortex,Armada,10000,56,base12-out,t1+hrk,-0.297,0.046,0.009,0/24
Cortex,Armada,10000,56,base12-out,t1+mort,-0.388,0.018,0.004,0/24
Cortex,Armada,10000,56,base12-out,t1+termite,-0.085,0.061,0.013,4/24
Cortex,Armada,10000,56,base12-out,can+mort,-0.212,0.044,0.009,0/24
Cortex,Armada,10000,56,base12-out,can+hrk,0.378,0.049,0.01,24/24
Cortex,Armada,10000,56,base12-out,termite+mort,-0.282,0.033,0.007,0/24
Cortex,Armada,10000,56,base12-out,thud+can,0.009,0.063,0.013,12/24
Cortex,Armada,10000,56,base12-out,t1+can+mort,-0.153,0.047,0.01,0/24
Cortex,Armada,10000,56,base12-out,t1+can(25),-0.086,0.074,0.015,3/24
Cortex,Armada,10000,56,base12-out,t1+can(75),0.014,0.087,0.018,10/24
Cortex,Armada,10000,160,base12-out,t1-line,-0.195,0.039,0.008,0/24
Cortex,Armada,10000,160,base12-out,t1-thud,-0.25,0.042,0.009,0/24
Cortex,Armada,10000,160,base12-out,can,0.367,0.015,0.003,24/24
Cortex,Armada,10000,160,base12-out,sumo,0.67,0.0,0.0,24/24
Cortex,Armada,10000,160,base12-out,pyro,-0.329,0.043,0.009,0/24
Cortex,Armada,10000,160,base12-out,hrk,-0.837,0.009,0.002,0/24
Cortex,Armada,10000,160,base12-out,mort,-0.483,0.04,0.008,0/24
Cortex,Armada,10000,160,base12-out,termite,0.257,0.039,0.008,24/24
Cortex,Armada,10000,160,base12-out,amph,0.054,0.032,0.007,22/24
Cortex,Armada,10000,160,base12-out,t1+can,0.414,0.046,0.009,24/24
Cortex,Armada,10000,160,base12-out,t1+sumo,0.213,0.015,0.003,24/24
Cortex,Armada,10000,160,base12-out,t1+pyro,-0.209,0.035,0.007,0/24
Cortex,Armada,10000,160,base12-out,t1+hrk,-0.195,0.043,0.009,0/24
Cortex,Armada,10000,160,base12-out,t1+mort,-0.211,0.056,0.012,0/24
Cortex,Armada,10000,160,base12-out,t1+termite,0.295,0.022,0.005,24/24
Cortex,Armada,10000,160,base12-out,can+mort,0.519,0.037,0.008,24/24
Cortex,Armada,10000,160,base12-out,can+hrk,0.557,0.029,0.006,24/24
Cortex,Armada,10000,160,base12-out,termite+mort,0.024,0.139,0.028,11/24
Cortex,Armada,10000,160,base12-out,thud+can,0.414,0.019,0.004,24/24
Cortex,Armada,10000,160,base12-out,t1+can+mort,0.356,0.032,0.006,24/24
Cortex,Armada,10000,160,base12-out,t1+can(25),0.361,0.065,0.013,24/24
Cortex,Armada,10000,160,base12-out,t1+can(75),0.407,0.02,0.004,24/24
Cortex,Cortex,3000,56,field20,t1-line,-0.16,0.188,0.038,8/24
Cortex,Cortex,3000,56,field20,t1-thud,-0.381,0.088,0.018,0/24
Cortex,Cortex,3000,56,field20,can,0.434,0.019,0.004,24/24
Cortex,Cortex,3000,56,field20,sumo,-0.39,0.0,0.0,0/24
Cortex,Cortex,3000,56,field20,pyro,-0.157,0.089,0.018,0/24
Cortex,Cortex,3000,56,field20,hrk,-0.929,0.003,0.001,0/24
Cortex,Cortex,3000,56,field20,mort,-0.799,0.005,0.001,0/24
Cortex,Cortex,3000,56,field20,termite,0.49,0.023,0.005,24/24
Cortex,Cortex,3000,56,field20,amph,-0.151,0.066,0.013,0/24
Cortex,Cortex,3000,56,field20,t1+can,0.485,0.047,0.01,24/24
Cortex,Cortex,3000,56,field20,t1+sumo,0.175,0.071,0.014,24/24
Cortex,Cortex,3000,56,field20,t1+pyro,0.169,0.117,0.024,22/24
Cortex,Cortex,3000,56,field20,t1+hrk,-0.472,0.036,0.007,0/24
Cortex,Cortex,3000,56,field20,t1+mort,-0.507,0.122,0.025,0/24
Cortex,Cortex,3000,56,field20,t1+termite,0.194,0.053,0.011,24/24
Cortex,Cortex,3000,56,field20,can+mort,-0.494,0.014,0.003,0/24
Cortex,Cortex,3000,56,field20,can+hrk,0.58,0.021,0.004,24/24
Cortex,Cortex,3000,56,field20,termite+mort,-0.255,0.034,0.007,0/24
Cortex,Cortex,3000,56,field20,thud+can,0.481,0.069,0.014,24/24
Cortex,Cortex,3000,56,field20,t1+can+mort,0.465,0.029,0.006,24/24
Cortex,Cortex,3000,56,field20,t1+can(25),0.489,0.045,0.009,24/24
Cortex,Cortex,3000,56,field20,t1+can(75),0.422,0.023,0.005,24/24
Cortex,Cortex,3000,160,field20,t1-line,-0.161,0.058,0.012,0/24
Cortex,Cortex,3000,160,field20,t1-thud,-0.232,0.062,0.013,0/24
Cortex,Cortex,3000,160,field20,can,0.76,0.011,0.002,24/24
Cortex,Cortex,3000,160,field20,sumo,-0.3,0.0,0.0,0/24
Cortex,Cortex,3000,160,field20,pyro,0.113,0.092,0.019,22/24
Cortex,Cortex,3000,160,field20,hrk,-0.93,0.0,0.0,0/24
Cortex,Cortex,3000,160,field20,mort,-0.733,0.011,0.002,0/24
Cortex,Cortex,3000,160,field20,termite,0.537,0.012,0.003,24/24
Cortex,Cortex,3000,160,field20,amph,0.314,0.023,0.005,24/24
Cortex,Cortex,3000,160,field20,t1+can,0.668,0.011,0.002,24/24
Cortex,Cortex,3000,160,field20,t1+sumo,0.419,0.031,0.006,24/24
Cortex,Cortex,3000,160,field20,t1+pyro,0.333,0.061,0.012,24/24
Cortex,Cortex,3000,160,field20,t1+hrk,-0.349,0.155,0.032,1/24
Cortex,Cortex,3000,160,field20,t1+mort,-0.246,0.067,0.014,0/24
Cortex,Cortex,3000,160,field20,t1+termite,0.306,0.04,0.008,24/24
Cortex,Cortex,3000,160,field20,can+mort,0.605,0.036,0.007,24/24
Cortex,Cortex,3000,160,field20,can+hrk,0.72,0.01,0.002,24/24
Cortex,Cortex,3000,160,field20,termite+mort,-0.415,0.038,0.008,0/24
Cortex,Cortex,3000,160,field20,thud+can,0.667,0.02,0.004,24/24
Cortex,Cortex,3000,160,field20,t1+can+mort,0.645,0.016,0.003,24/24
Cortex,Cortex,3000,160,field20,t1+can(25),0.387,0.037,0.008,24/24
Cortex,Cortex,3000,160,field20,t1+can(75),0.65,0.017,0.004,24/24
Cortex,Cortex,3000,56,field25,t1-line,-0.177,0.094,0.019,0/24
Cortex,Cortex,3000,56,field25,t1-thud,-0.448,0.059,0.012,0/24
Cortex,Cortex,3000,56,field25,can,0.343,0.024,0.005,24/24
Cortex,Cortex,3000,56,field25,sumo,-0.49,0.0,0.0,0/24
Cortex,Cortex,3000,56,field25,pyro,-0.276,0.146,0.03,0/24
Cortex,Cortex,3000,56,field25,hrk,-0.93,0.0,0.0,0/24
Cortex,Cortex,3000,56,field25,mort,-0.752,0.016,0.003,0/24
Cortex,Cortex,3000,56,field25,termite,0.593,0.042,0.009,24/24
Cortex,Cortex,3000,56,field25,amph,-0.415,0.054,0.011,0/24
Cortex,Cortex,3000,56,field25,t1+can,0.377,0.055,0.011,24/24
Cortex,Cortex,3000,56,field25,t1+sumo,-0.108,0.058,0.012,2/24
Cortex,Cortex,3000,56,field25,t1+pyro,-0.054,0.152,0.031,9/24
Cortex,Cortex,3000,56,field25,t1+hrk,-0.446,0.032,0.007,0/24
Cortex,Cortex,3000,56,field25,t1+mort,-0.41,0.019,0.004,0/24
Cortex,Cortex,3000,56,field25,t1+termite,0.084,0.039,0.008,23/24
Cortex,Cortex,3000,56,field25,can+mort,-0.522,0.015,0.003,0/24
Cortex,Cortex,3000,56,field25,can+hrk,0.573,0.05,0.01,24/24
Cortex,Cortex,3000,56,field25,termite+mort,-0.477,0.006,0.001,0/24
Cortex,Cortex,3000,56,field25,thud+can,0.495,0.041,0.008,24/24
Cortex,Cortex,3000,56,field25,t1+can+mort,0.355,0.052,0.011,24/24
Cortex,Cortex,3000,56,field25,t1+can(25),0.36,0.018,0.004,24/24
Cortex,Cortex,3000,56,field25,t1+can(75),0.325,0.038,0.008,24/24
Cortex,Cortex,3000,160,field25,t1-line,-0.122,0.065,0.013,2/24
Cortex,Cortex,3000,160,field25,t1-thud,-0.261,0.066,0.013,0/24
Cortex,Cortex,3000,160,field25,can,0.768,0.015,0.003,24/24
Cortex,Cortex,3000,160,field25,sumo,-0.31,0.0,0.0,0/24
Cortex,Cortex,3000,160,field25,pyro,-0.085,0.116,0.024,9/24
Cortex,Cortex,3000,160,field25,hrk,-0.87,0.0,0.0,0/24
Cortex,Cortex,3000,160,field25,mort,-0.747,0.013,0.003,0/24
Cortex,Cortex,3000,160,field25,termite,0.562,0.017,0.003,24/24
Cortex,Cortex,3000,160,field25,amph,0.366,0.037,0.008,24/24
Cortex,Cortex,3000,160,field25,t1+can,0.652,0.013,0.003,24/24
Cortex,Cortex,3000,160,field25,t1+sumo,0.273,0.019,0.004,24/24
Cortex,Cortex,3000,160,field25,t1+pyro,0.082,0.098,0.02,20/24
Cortex,Cortex,3000,160,field25,t1+hrk,-0.124,0.196,0.04,3/24
Cortex,Cortex,3000,160,field25,t1+mort,-0.265,0.078,0.016,0/24
Cortex,Cortex,3000,160,field25,t1+termite,0.064,0.056,0.011,23/24
Cortex,Cortex,3000,160,field25,can+mort,-0.017,0.166,0.034,5/24
Cortex,Cortex,3000,160,field25,can+hrk,0.697,0.012,0.002,24/24
Cortex,Cortex,3000,160,field25,termite+mort,-0.46,0.006,0.001,0/24
Cortex,Cortex,3000,160,field25,thud+can,0.685,0.014,0.003,24/24
Cortex,Cortex,3000,160,field25,t1+can+mort,0.603,0.018,0.004,24/24
Cortex,Cortex,3000,160,field25,t1+can(25),0.337,0.055,0.011,24/24
Cortex,Cortex,3000,160,field25,t1+can(75),0.748,0.01,0.002,24/24
Cortex,Cortex,3000,56,t1only,t1-line,-0.16,0.188,0.038,8/24
Cortex,Cortex,3000,56,t1only,t1-thud,-0.381,0.088,0.018,0/24
Cortex,Cortex,3000,56,t1only,can,0.434,0.019,0.004,24/24
Cortex,Cortex,3000,56,t1only,sumo,-0.39,0.0,0.0,0/24
Cortex,Cortex,3000,56,t1only,pyro,-0.157,0.089,0.018,0/24
Cortex,Cortex,3000,56,t1only,hrk,-0.929,0.003,0.001,0/24
Cortex,Cortex,3000,56,t1only,mort,-0.799,0.005,0.001,0/24
Cortex,Cortex,3000,56,t1only,termite,0.49,0.023,0.005,24/24
Cortex,Cortex,3000,56,t1only,amph,-0.151,0.066,0.013,0/24
Cortex,Cortex,3000,56,t1only,t1+can,0.485,0.047,0.01,24/24
Cortex,Cortex,3000,56,t1only,t1+sumo,0.175,0.071,0.014,24/24
Cortex,Cortex,3000,56,t1only,t1+pyro,0.169,0.117,0.024,22/24
Cortex,Cortex,3000,56,t1only,t1+hrk,-0.472,0.036,0.007,0/24
Cortex,Cortex,3000,56,t1only,t1+mort,-0.507,0.122,0.025,0/24
Cortex,Cortex,3000,56,t1only,t1+termite,0.194,0.053,0.011,24/24
Cortex,Cortex,3000,56,t1only,can+mort,-0.494,0.014,0.003,0/24
Cortex,Cortex,3000,56,t1only,can+hrk,0.58,0.021,0.004,24/24
Cortex,Cortex,3000,56,t1only,termite+mort,-0.255,0.034,0.007,0/24
Cortex,Cortex,3000,56,t1only,thud+can,0.481,0.069,0.014,24/24
Cortex,Cortex,3000,56,t1only,t1+can+mort,0.465,0.029,0.006,24/24
Cortex,Cortex,3000,56,t1only,t1+can(25),0.489,0.045,0.009,24/24
Cortex,Cortex,3000,56,t1only,t1+can(75),0.422,0.023,0.005,24/24
Cortex,Cortex,3000,160,t1only,t1-line,-0.161,0.058,0.012,0/24
Cortex,Cortex,3000,160,t1only,t1-thud,-0.232,0.062,0.013,0/24
Cortex,Cortex,3000,160,t1only,can,0.76,0.011,0.002,24/24
Cortex,Cortex,3000,160,t1only,sumo,-0.3,0.0,0.0,0/24
Cortex,Cortex,3000,160,t1only,pyro,0.113,0.092,0.019,22/24
Cortex,Cortex,3000,160,t1only,hrk,-0.93,0.0,0.0,0/24
Cortex,Cortex,3000,160,t1only,mort,-0.733,0.011,0.002,0/24
Cortex,Cortex,3000,160,t1only,termite,0.537,0.012,0.003,24/24
Cortex,Cortex,3000,160,t1only,amph,0.314,0.023,0.005,24/24
Cortex,Cortex,3000,160,t1only,t1+can,0.668,0.011,0.002,24/24
Cortex,Cortex,3000,160,t1only,t1+sumo,0.419,0.031,0.006,24/24
Cortex,Cortex,3000,160,t1only,t1+pyro,0.333,0.061,0.012,24/24
Cortex,Cortex,3000,160,t1only,t1+hrk,-0.349,0.155,0.032,1/24
Cortex,Cortex,3000,160,t1only,t1+mort,-0.246,0.067,0.014,0/24
Cortex,Cortex,3000,160,t1only,t1+termite,0.306,0.04,0.008,24/24
Cortex,Cortex,3000,160,t1only,can+mort,0.605,0.036,0.007,24/24
Cortex,Cortex,3000,160,t1only,can+hrk,0.72,0.01,0.002,24/24
Cortex,Cortex,3000,160,t1only,termite+mort,-0.415,0.038,0.008,0/24
Cortex,Cortex,3000,160,t1only,thud+can,0.667,0.02,0.004,24/24
Cortex,Cortex,3000,160,t1only,t1+can+mort,0.645,0.016,0.003,24/24
Cortex,Cortex,3000,160,t1only,t1+can(25),0.387,0.037,0.008,24/24
Cortex,Cortex,3000,160,t1only,t1+can(75),0.65,0.017,0.004,24/24
Cortex,Cortex,3000,56,base6-hold,t1-line,-0.621,0.003,0.001,0/24
Cortex,Cortex,3000,56,base6-hold,t1-thud,-0.662,0.005,0.001,0/24
Cortex,Cortex,3000,56,base6-hold,can,-0.646,0.009,0.002,0/24
Cortex,Cortex,3000,56,base6-hold,sumo,1.0,0.0,0.0,24/24
Cortex,Cortex,3000,56,base6-hold,pyro,-0.804,0.012,0.002,0/24
Cortex,Cortex,3000,56,base6-hold,hrk,-0.855,0.034,0.007,0/24
Cortex,Cortex,3000,56,base6-hold,mort,-0.78,0.0,0.0,0/24
Cortex,Cortex,3000,56,base6-hold,termite,-0.722,0.005,0.001,0/24
Cortex,Cortex,3000,56,base6-hold,amph,-0.775,0.005,0.001,0/24
Cortex,Cortex,3000,56,base6-hold,t1+can,-0.638,0.013,0.003,0/24
Cortex,Cortex,3000,56,base6-hold,t1+sumo,0.72,0.0,0.0,24/24
Cortex,Cortex,3000,56,base6-hold,t1+pyro,-0.67,0.009,0.002,0/24
Cortex,Cortex,3000,56,base6-hold,t1+hrk,-0.65,0.018,0.004,0/24
Cortex,Cortex,3000,56,base6-hold,t1+mort,-0.67,0.0,0.0,0/24
Cortex,Cortex,3000,56,base6-hold,t1+termite,-0.648,0.011,0.002,0/24
Cortex,Cortex,3000,56,base6-hold,can+mort,-0.716,0.005,0.001,0/24
Cortex,Cortex,3000,56,base6-hold,can+hrk,-0.683,0.005,0.001,0/24
Cortex,Cortex,3000,56,base6-hold,termite+mort,-0.744,0.009,0.002,0/24
Cortex,Cortex,3000,56,base6-hold,thud+can,-0.693,0.006,0.001,0/24
Cortex,Cortex,3000,56,base6-hold,t1+can+mort,-0.67,0.0,0.0,0/24
Cortex,Cortex,3000,56,base6-hold,t1+can(25),-0.634,0.011,0.002,0/24
Cortex,Cortex,3000,56,base6-hold,t1+can(75),-0.66,0.016,0.003,0/24
Cortex,Cortex,3000,160,base6-hold,t1-line,-0.46,0.018,0.004,0/24
Cortex,Cortex,3000,160,base6-hold,t1-thud,-0.362,0.02,0.004,0/24
Cortex,Cortex,3000,160,base6-hold,can,-0.262,0.008,0.002,0/24
Cortex,Cortex,3000,160,base6-hold,sumo,0.9,0.0,0.0,24/24
Cortex,Cortex,3000,160,base6-hold,pyro,-0.393,0.02,0.004,0/24
Cortex,Cortex,3000,160,base6-hold,hrk,-0.79,0.0,0.0,0/24
Cortex,Cortex,3000,160,base6-hold,mort,-0.68,0.0,0.0,0/24
Cortex,Cortex,3000,160,base6-hold,termite,-0.328,0.018,0.004,0/24
Cortex,Cortex,3000,160,base6-hold,amph,-0.27,0.002,0.0,0/24
Cortex,Cortex,3000,160,base6-hold,t1+can,-0.27,0.012,0.002,0/24
Cortex,Cortex,3000,160,base6-hold,t1+sumo,0.62,0.0,0.0,24/24
Cortex,Cortex,3000,160,base6-hold,t1+pyro,-0.507,0.027,0.006,0/24
Cortex,Cortex,3000,160,base6-hold,t1+hrk,-0.57,0.0,0.0,0/24
Cortex,Cortex,3000,160,base6-hold,t1+mort,-0.509,0.016,0.003,0/24
Cortex,Cortex,3000,160,base6-hold,t1+termite,-0.375,0.013,0.003,0/24
Cortex,Cortex,3000,160,base6-hold,can+mort,-0.413,0.015,0.003,0/24
Cortex,Cortex,3000,160,base6-hold,can+hrk,-0.3,0.0,0.0,0/24
Cortex,Cortex,3000,160,base6-hold,termite+mort,-0.611,0.008,0.002,0/24
Cortex,Cortex,3000,160,base6-hold,thud+can,-0.228,0.007,0.001,0/24
Cortex,Cortex,3000,160,base6-hold,t1+can+mort,-0.288,0.014,0.003,0/24
Cortex,Cortex,3000,160,base6-hold,t1+can(25),-0.412,0.01,0.002,0/24
Cortex,Cortex,3000,160,base6-hold,t1+can(75),-0.213,0.011,0.002,0/24
Cortex,Cortex,3000,56,base6-out,t1-line,-0.458,0.026,0.005,0/24
Cortex,Cortex,3000,56,base6-out,t1-thud,-0.606,0.017,0.004,0/24
Cortex,Cortex,3000,56,base6-out,can,-0.318,0.016,0.003,0/24
Cortex,Cortex,3000,56,base6-out,sumo,-0.59,0.0,0.0,0/24
Cortex,Cortex,3000,56,base6-out,pyro,-0.46,0.025,0.005,0/24
Cortex,Cortex,3000,56,base6-out,hrk,-0.95,0.0,0.0,0/24
Cortex,Cortex,3000,56,base6-out,mort,-0.819,0.007,0.001,0/24
Cortex,Cortex,3000,56,base6-out,termite,-0.35,0.019,0.004,0/24
Cortex,Cortex,3000,56,base6-out,amph,-0.595,0.014,0.003,0/24
Cortex,Cortex,3000,56,base6-out,t1+can,-0.34,0.014,0.003,0/24
Cortex,Cortex,3000,56,base6-out,t1+sumo,0.331,0.034,0.007,24/24
Cortex,Cortex,3000,56,base6-out,t1+pyro,-0.445,0.016,0.003,0/24
Cortex,Cortex,3000,56,base6-out,t1+hrk,-0.54,0.067,0.014,0/24
Cortex,Cortex,3000,56,base6-out,t1+mort,-0.604,0.026,0.005,0/24
Cortex,Cortex,3000,56,base6-out,t1+termite,-0.403,0.005,0.001,0/24
Cortex,Cortex,3000,56,base6-out,can+mort,-0.63,0.061,0.012,0/24
Cortex,Cortex,3000,56,base6-out,can+hrk,-0.353,0.039,0.008,0/24
Cortex,Cortex,3000,56,base6-out,termite+mort,-0.647,0.007,0.001,0/24
Cortex,Cortex,3000,56,base6-out,thud+can,-0.372,0.008,0.002,0/24
Cortex,Cortex,3000,56,base6-out,t1+can+mort,-0.413,0.022,0.005,0/24
Cortex,Cortex,3000,56,base6-out,t1+can(25),-0.357,0.029,0.006,0/24
Cortex,Cortex,3000,56,base6-out,t1+can(75),-0.347,0.025,0.005,0/24
Cortex,Cortex,3000,160,base6-out,t1-line,-0.407,0.055,0.011,0/24
Cortex,Cortex,3000,160,base6-out,t1-thud,-0.52,0.032,0.007,0/24
Cortex,Cortex,3000,160,base6-out,can,0.228,0.014,0.003,24/24
Cortex,Cortex,3000,160,base6-out,sumo,-0.51,0.0,0.0,0/24
Cortex,Cortex,3000,160,base6-out,pyro,-0.402,0.031,0.006,0/24
Cortex,Cortex,3000,160,base6-out,hrk,-0.97,0.0,0.0,0/24
Cortex,Cortex,3000,160,base6-out,mort,-0.815,0.01,0.002,0/24
Cortex,Cortex,3000,160,base6-out,termite,-0.221,0.019,0.004,0/24
Cortex,Cortex,3000,160,base6-out,amph,-0.248,0.008,0.002,0/24
Cortex,Cortex,3000,160,base6-out,t1+can,-0.228,0.014,0.003,0/24
Cortex,Cortex,3000,160,base6-out,t1+sumo,0.345,0.048,0.01,24/24
Cortex,Cortex,3000,160,base6-out,t1+pyro,-0.339,0.015,0.003,0/24
Cortex,Cortex,3000,160,base6-out,t1+hrk,-0.439,0.074,0.015,0/24
Cortex,Cortex,3000,160,base6-out,t1+mort,-0.479,0.074,0.015,0/24
Cortex,Cortex,3000,160,base6-out,t1+termite,-0.284,0.013,0.003,0/24
Cortex,Cortex,3000,160,base6-out,can+mort,-0.38,0.0,0.0,0/24
Cortex,Cortex,3000,160,base6-out,can+hrk,-0.25,0.012,0.003,0/24
Cortex,Cortex,3000,160,base6-out,termite+mort,-0.566,0.035,0.007,0/24
Cortex,Cortex,3000,160,base6-out,thud+can,-0.233,0.017,0.003,0/24
Cortex,Cortex,3000,160,base6-out,t1+can+mort,-0.273,0.01,0.002,0/24
Cortex,Cortex,3000,160,base6-out,t1+can(25),-0.284,0.017,0.003,0/24
Cortex,Cortex,3000,160,base6-out,t1+can(75),0.199,0.031,0.006,24/24
Cortex,Cortex,3000,56,base12-hold,t1-line,-0.659,0.003,0.001,0/24
Cortex,Cortex,3000,56,base12-hold,t1-thud,-0.696,0.005,0.001,0/24
Cortex,Cortex,3000,56,base12-hold,can,-0.698,0.005,0.001,0/24
Cortex,Cortex,3000,56,base12-hold,sumo,1.0,0.0,0.0,24/24
Cortex,Cortex,3000,56,base12-hold,pyro,-0.838,0.008,0.002,0/24
Cortex,Cortex,3000,56,base12-hold,hrk,-0.8,0.0,0.0,0/24
Cortex,Cortex,3000,56,base12-hold,mort,-0.79,0.003,0.001,0/24
Cortex,Cortex,3000,56,base12-hold,termite,-0.759,0.004,0.001,0/24
Cortex,Cortex,3000,56,base12-hold,amph,-0.779,0.004,0.001,0/24
Cortex,Cortex,3000,56,base12-hold,t1+can,-0.695,0.011,0.002,0/24
Cortex,Cortex,3000,56,base12-hold,t1+sumo,0.72,0.0,0.0,24/24
Cortex,Cortex,3000,56,base12-hold,t1+pyro,-0.707,0.01,0.002,0/24
Cortex,Cortex,3000,56,base12-hold,t1+hrk,-0.679,0.025,0.005,0/24
Cortex,Cortex,3000,56,base12-hold,t1+mort,-0.696,0.006,0.001,0/24
Cortex,Cortex,3000,56,base12-hold,t1+termite,-0.695,0.011,0.002,0/24
Cortex,Cortex,3000,56,base12-hold,can+mort,-0.751,0.003,0.001,0/24
Cortex,Cortex,3000,56,base12-hold,can+hrk,-0.712,0.005,0.001,0/24
Cortex,Cortex,3000,56,base12-hold,termite+mort,-0.752,0.006,0.001,0/24
Cortex,Cortex,3000,56,base12-hold,thud+can,-0.713,0.006,0.001,0/24
Cortex,Cortex,3000,56,base12-hold,t1+can+mort,-0.7,0.0,0.0,0/24
Cortex,Cortex,3000,56,base12-hold,t1+can(25),-0.66,0.005,0.001,0/24
Cortex,Cortex,3000,56,base12-hold,t1+can(75),-0.71,0.002,0.0,0/24
Cortex,Cortex,3000,160,base12-hold,t1-line,-0.495,0.034,0.007,0/24
Cortex,Cortex,3000,160,base12-hold,t1-thud,-0.464,0.012,0.003,0/24
Cortex,Cortex,3000,160,base12-hold,can,-0.25,0.0,0.0,0/24
Cortex,Cortex,3000,160,base12-hold,sumo,0.7,0.0,0.0,24/24
Cortex,Cortex,3000,160,base12-hold,pyro,-0.663,0.008,0.002,0/24
Cortex,Cortex,3000,160,base12-hold,hrk,-0.81,0.0,0.0,0/24
Cortex,Cortex,3000,160,base12-hold,mort,-0.72,0.0,0.0,0/24
Cortex,Cortex,3000,160,base12-hold,termite,-0.304,0.008,0.002,0/24
Cortex,Cortex,3000,160,base12-hold,amph,-0.572,0.005,0.001,0/24
Cortex,Cortex,3000,160,base12-hold,t1+can,-0.528,0.011,0.002,0/24
Cortex,Cortex,3000,160,base12-hold,t1+sumo,0.42,0.0,0.0,24/24
Cortex,Cortex,3000,160,base12-hold,t1+pyro,-0.618,0.01,0.002,0/24
Cortex,Cortex,3000,160,base12-hold,t1+hrk,-0.622,0.008,0.002,0/24
Cortex,Cortex,3000,160,base12-hold,t1+mort,-0.65,0.0,0.0,0/24
Cortex,Cortex,3000,160,base12-hold,t1+termite,-0.481,0.01,0.002,0/24
Cortex,Cortex,3000,160,base12-hold,can+mort,-0.67,0.0,0.0,0/24
Cortex,Cortex,3000,160,base12-hold,can+hrk,-0.573,0.009,0.002,0/24
Cortex,Cortex,3000,160,base12-hold,termite+mort,-0.67,0.0,0.0,0/24
Cortex,Cortex,3000,160,base12-hold,thud+can,-0.524,0.02,0.004,0/24
Cortex,Cortex,3000,160,base12-hold,t1+can+mort,-0.517,0.005,0.001,0/24
Cortex,Cortex,3000,160,base12-hold,t1+can(25),-0.475,0.02,0.004,0/24
Cortex,Cortex,3000,160,base12-hold,t1+can(75),-0.257,0.009,0.002,0/24
Cortex,Cortex,3000,56,base12-out,t1-line,-0.517,0.035,0.007,0/24
Cortex,Cortex,3000,56,base12-out,t1-thud,-0.611,0.022,0.005,0/24
Cortex,Cortex,3000,56,base12-out,can,-0.461,0.01,0.002,0/24
Cortex,Cortex,3000,56,base12-out,sumo,-0.62,0.0,0.0,0/24
Cortex,Cortex,3000,56,base12-out,pyro,-0.519,0.035,0.007,0/24
Cortex,Cortex,3000,56,base12-out,hrk,-0.96,0.0,0.0,0/24
Cortex,Cortex,3000,56,base12-out,mort,-0.831,0.006,0.001,0/24
Cortex,Cortex,3000,56,base12-out,termite,-0.47,0.0,0.0,0/24
Cortex,Cortex,3000,56,base12-out,amph,-0.519,0.031,0.006,0/24
Cortex,Cortex,3000,56,base12-out,t1+can,-0.384,0.016,0.003,0/24
Cortex,Cortex,3000,56,base12-out,t1+sumo,0.401,0.029,0.006,24/24
Cortex,Cortex,3000,56,base12-out,t1+pyro,-0.495,0.014,0.003,0/24
Cortex,Cortex,3000,56,base12-out,t1+hrk,-0.561,0.053,0.011,0/24
Cortex,Cortex,3000,56,base12-out,t1+mort,-0.591,0.027,0.005,0/24
Cortex,Cortex,3000,56,base12-out,t1+termite,-0.427,0.016,0.003,0/24
Cortex,Cortex,3000,56,base12-out,can+mort,-0.657,0.043,0.009,0/24
Cortex,Cortex,3000,56,base12-out,can+hrk,-0.362,0.043,0.009,0/24
Cortex,Cortex,3000,56,base12-out,termite+mort,-0.63,0.018,0.004,0/24
Cortex,Cortex,3000,56,base12-out,thud+can,-0.452,0.009,0.002,0/24
Cortex,Cortex,3000,56,base12-out,t1+can+mort,-0.426,0.006,0.001,0/24
Cortex,Cortex,3000,56,base12-out,t1+can(25),-0.386,0.021,0.004,0/24
Cortex,Cortex,3000,56,base12-out,t1+can(75),-0.445,0.008,0.002,0/24
Cortex,Cortex,3000,160,base12-out,t1-line,-0.403,0.013,0.003,0/24
Cortex,Cortex,3000,160,base12-out,t1-thud,-0.463,0.041,0.008,0/24
Cortex,Cortex,3000,160,base12-out,can,-0.194,0.022,0.004,0/24
Cortex,Cortex,3000,160,base12-out,sumo,-0.01,0.0,0.0,0/24
Cortex,Cortex,3000,160,base12-out,pyro,-0.44,0.0,0.0,0/24
Cortex,Cortex,3000,160,base12-out,hrk,-0.97,0.0,0.0,0/24
Cortex,Cortex,3000,160,base12-out,mort,-0.834,0.008,0.002,0/24
Cortex,Cortex,3000,160,base12-out,termite,-0.233,0.009,0.002,0/24
Cortex,Cortex,3000,160,base12-out,amph,-0.288,0.01,0.002,0/24
Cortex,Cortex,3000,160,base12-out,t1+can,-0.283,0.012,0.002,0/24
Cortex,Cortex,3000,160,base12-out,t1+sumo,0.397,0.026,0.005,24/24
Cortex,Cortex,3000,160,base12-out,t1+pyro,-0.388,0.02,0.004,0/24
Cortex,Cortex,3000,160,base12-out,t1+hrk,-0.434,0.043,0.009,0/24
Cortex,Cortex,3000,160,base12-out,t1+mort,-0.514,0.037,0.007,0/24
Cortex,Cortex,3000,160,base12-out,t1+termite,-0.355,0.005,0.001,0/24
Cortex,Cortex,3000,160,base12-out,can+mort,-0.414,0.005,0.001,0/24
Cortex,Cortex,3000,160,base12-out,can+hrk,-0.302,0.007,0.001,0/24
Cortex,Cortex,3000,160,base12-out,termite+mort,-0.504,0.041,0.008,0/24
Cortex,Cortex,3000,160,base12-out,thud+can,-0.279,0.008,0.002,0/24
Cortex,Cortex,3000,160,base12-out,t1+can+mort,-0.338,0.007,0.001,0/24
Cortex,Cortex,3000,160,base12-out,t1+can(25),-0.349,0.004,0.001,0/24
Cortex,Cortex,3000,160,base12-out,t1+can(75),-0.23,0.006,0.001,0/24
Cortex,Cortex,6000,56,field20,t1-line,-0.36,0.065,0.013,0/24
Cortex,Cortex,6000,56,field20,t1-thud,-0.448,0.023,0.005,0/24
Cortex,Cortex,6000,56,field20,can,0.303,0.019,0.004,24/24
Cortex,Cortex,6000,56,field20,sumo,-0.38,0.0,0.0,0/24
Cortex,Cortex,6000,56,field20,pyro,-0.302,0.08,0.016,0/24
Cortex,Cortex,6000,56,field20,hrk,-0.93,0.0,0.0,0/24
Cortex,Cortex,6000,56,field20,mort,-0.565,0.042,0.009,0/24
Cortex,Cortex,6000,56,field20,termite,0.514,0.036,0.007,24/24
Cortex,Cortex,6000,56,field20,amph,-0.489,0.017,0.003,0/24
Cortex,Cortex,6000,56,field20,t1+can,0.372,0.07,0.014,24/24
Cortex,Cortex,6000,56,field20,t1+sumo,0.052,0.089,0.018,21/24
Cortex,Cortex,6000,56,field20,t1+pyro,-0.081,0.074,0.015,2/24
Cortex,Cortex,6000,56,field20,t1+hrk,-0.24,0.171,0.035,2/24
Cortex,Cortex,6000,56,field20,t1+mort,-0.237,0.085,0.017,0/24
Cortex,Cortex,6000,56,field20,t1+termite,0.2,0.051,0.01,24/24
Cortex,Cortex,6000,56,field20,can+mort,-0.114,0.046,0.009,0/24
Cortex,Cortex,6000,56,field20,can+hrk,0.579,0.025,0.005,24/24
Cortex,Cortex,6000,56,field20,termite+mort,0.142,0.054,0.011,24/24
Cortex,Cortex,6000,56,field20,thud+can,0.139,0.057,0.012,24/24
Cortex,Cortex,6000,56,field20,t1+can+mort,0.323,0.062,0.013,24/24
Cortex,Cortex,6000,56,field20,t1+can(25),0.118,0.074,0.015,24/24
Cortex,Cortex,6000,56,field20,t1+can(75),0.355,0.023,0.005,24/24
Cortex,Cortex,6000,160,field20,t1-line,0.08,0.052,0.011,24/24
Cortex,Cortex,6000,160,field20,t1-thud,-0.226,0.035,0.007,0/24
Cortex,Cortex,6000,160,field20,can,0.638,0.018,0.004,24/24
Cortex,Cortex,6000,160,field20,sumo,0.12,0.0,0.0,24/24
Cortex,Cortex,6000,160,field20,pyro,-0.369,0.063,0.013,0/24
Cortex,Cortex,6000,160,field20,hrk,-0.91,0.0,0.0,0/24
Cortex,Cortex,6000,160,field20,mort,-0.525,0.015,0.003,0/24
Cortex,Cortex,6000,160,field20,termite,0.594,0.017,0.004,24/24
Cortex,Cortex,6000,160,field20,amph,0.076,0.016,0.003,24/24
Cortex,Cortex,6000,160,field20,t1+can,0.564,0.021,0.004,24/24
Cortex,Cortex,6000,160,field20,t1+sumo,0.345,0.048,0.01,24/24
Cortex,Cortex,6000,160,field20,t1+pyro,-0.075,0.134,0.027,7/24
Cortex,Cortex,6000,160,field20,t1+hrk,0.114,0.171,0.035,18/24
Cortex,Cortex,6000,160,field20,t1+mort,0.198,0.15,0.031,20/24
Cortex,Cortex,6000,160,field20,t1+termite,0.472,0.017,0.003,24/24
Cortex,Cortex,6000,160,field20,can+mort,0.644,0.023,0.005,24/24
Cortex,Cortex,6000,160,field20,can+hrk,0.73,0.012,0.002,24/24
Cortex,Cortex,6000,160,field20,termite+mort,0.484,0.08,0.016,24/24
Cortex,Cortex,6000,160,field20,thud+can,0.553,0.017,0.003,24/24
Cortex,Cortex,6000,160,field20,t1+can+mort,0.589,0.032,0.006,24/24
Cortex,Cortex,6000,160,field20,t1+can(25),0.342,0.026,0.005,24/24
Cortex,Cortex,6000,160,field20,t1+can(75),0.673,0.009,0.002,24/24
Cortex,Cortex,6000,56,field25,t1-line,-0.206,0.082,0.017,0/24
Cortex,Cortex,6000,56,field25,t1-thud,-0.401,0.024,0.005,0/24
Cortex,Cortex,6000,56,field25,can,0.268,0.016,0.003,24/24
Cortex,Cortex,6000,56,field25,sumo,-0.39,0.0,0.0,0/24
Cortex,Cortex,6000,56,field25,pyro,-0.23,0.06,0.012,0/24
Cortex,Cortex,6000,56,field25,hrk,-0.919,0.003,0.001,0/24
Cortex,Cortex,6000,56,field25,mort,-0.575,0.049,0.01,0/24
Cortex,Cortex,6000,56,field25,termite,0.52,0.036,0.007,24/24
Cortex,Cortex,6000,56,field25,amph,-0.47,0.013,0.003,0/24
Cortex,Cortex,6000,56,field25,t1+can,0.422,0.055,0.011,24/24
Cortex,Cortex,6000,56,field25,t1+sumo,0.264,0.084,0.017,24/24
Cortex,Cortex,6000,56,field25,t1+pyro,0.088,0.082,0.017,21/24
Cortex,Cortex,6000,56,field25,t1+hrk,-0.057,0.274,0.056,7/24
Cortex,Cortex,6000,56,field25,t1+mort,-0.014,0.09,0.018,9/24
Cortex,Cortex,6000,56,field25,t1+termite,0.257,0.015,0.003,24/24
Cortex,Cortex,6000,56,field25,can+mort,-0.125,0.088,0.018,1/24
Cortex,Cortex,6000,56,field25,can+hrk,0.59,0.026,0.005,24/24
Cortex,Cortex,6000,56,field25,termite+mort,0.61,0.025,0.005,24/24
Cortex,Cortex,6000,56,field25,thud+can,0.432,0.075,0.015,24/24
Cortex,Cortex,6000,56,field25,t1+can+mort,0.458,0.035,0.007,24/24
Cortex,Cortex,6000,56,field25,t1+can(25),0.285,0.087,0.018,24/24
Cortex,Cortex,6000,56,field25,t1+can(75),0.439,0.03,0.006,24/24
Cortex,Cortex,6000,160,field25,t1-line,0.103,0.088,0.018,20/24
Cortex,Cortex,6000,160,field25,t1-thud,-0.163,0.033,0.007,0/24
Cortex,Cortex,6000,160,field25,can,0.697,0.015,0.003,24/24
Cortex,Cortex,6000,160,field25,sumo,0.18,0.0,0.0,24/24
Cortex,Cortex,6000,160,field25,pyro,-0.339,0.042,0.009,0/24
Cortex,Cortex,6000,160,field25,hrk,-0.743,0.027,0.005,0/24
Cortex,Cortex,6000,160,field25,mort,-0.506,0.012,0.002,0/24
Cortex,Cortex,6000,160,field25,termite,0.687,0.013,0.003,24/24
Cortex,Cortex,6000,160,field25,amph,0.246,0.017,0.004,24/24
Cortex,Cortex,6000,160,field25,t1+can,0.581,0.024,0.005,24/24
Cortex,Cortex,6000,160,field25,t1+sumo,0.302,0.059,0.012,24/24
Cortex,Cortex,6000,160,field25,t1+pyro,-0.171,0.128,0.026,2/24
Cortex,Cortex,6000,160,field25,t1+hrk,0.267,0.173,0.035,21/24
Cortex,Cortex,6000,160,field25,t1+mort,0.2,0.15,0.031,21/24
Cortex,Cortex,6000,160,field25,t1+termite,0.393,0.011,0.002,24/24
Cortex,Cortex,6000,160,field25,can+mort,0.623,0.021,0.004,24/24
Cortex,Cortex,6000,160,field25,can+hrk,0.76,0.008,0.002,24/24
Cortex,Cortex,6000,160,field25,termite+mort,0.554,0.035,0.007,24/24
Cortex,Cortex,6000,160,field25,thud+can,0.592,0.03,0.006,24/24
Cortex,Cortex,6000,160,field25,t1+can+mort,0.655,0.04,0.008,24/24
Cortex,Cortex,6000,160,field25,t1+can(25),0.409,0.024,0.005,24/24
Cortex,Cortex,6000,160,field25,t1+can(75),0.727,0.01,0.002,24/24
Cortex,Cortex,6000,56,t1only,t1-line,-0.36,0.065,0.013,0/24
Cortex,Cortex,6000,56,t1only,t1-thud,-0.448,0.023,0.005,0/24
Cortex,Cortex,6000,56,t1only,can,0.303,0.019,0.004,24/24
Cortex,Cortex,6000,56,t1only,sumo,-0.38,0.0,0.0,0/24
Cortex,Cortex,6000,56,t1only,pyro,-0.302,0.08,0.016,0/24
Cortex,Cortex,6000,56,t1only,hrk,-0.93,0.0,0.0,0/24
Cortex,Cortex,6000,56,t1only,mort,-0.565,0.042,0.009,0/24
Cortex,Cortex,6000,56,t1only,termite,0.514,0.036,0.007,24/24
Cortex,Cortex,6000,56,t1only,amph,-0.489,0.017,0.003,0/24
Cortex,Cortex,6000,56,t1only,t1+can,0.372,0.07,0.014,24/24
Cortex,Cortex,6000,56,t1only,t1+sumo,0.052,0.089,0.018,21/24
Cortex,Cortex,6000,56,t1only,t1+pyro,-0.081,0.074,0.015,2/24
Cortex,Cortex,6000,56,t1only,t1+hrk,-0.24,0.171,0.035,2/24
Cortex,Cortex,6000,56,t1only,t1+mort,-0.237,0.085,0.017,0/24
Cortex,Cortex,6000,56,t1only,t1+termite,0.2,0.051,0.01,24/24
Cortex,Cortex,6000,56,t1only,can+mort,-0.114,0.046,0.009,0/24
Cortex,Cortex,6000,56,t1only,can+hrk,0.579,0.025,0.005,24/24
Cortex,Cortex,6000,56,t1only,termite+mort,0.142,0.054,0.011,24/24
Cortex,Cortex,6000,56,t1only,thud+can,0.139,0.057,0.012,24/24
Cortex,Cortex,6000,56,t1only,t1+can+mort,0.323,0.062,0.013,24/24
Cortex,Cortex,6000,56,t1only,t1+can(25),0.118,0.074,0.015,24/24
Cortex,Cortex,6000,56,t1only,t1+can(75),0.355,0.023,0.005,24/24
Cortex,Cortex,6000,160,t1only,t1-line,0.08,0.052,0.011,24/24
Cortex,Cortex,6000,160,t1only,t1-thud,-0.226,0.035,0.007,0/24
Cortex,Cortex,6000,160,t1only,can,0.638,0.018,0.004,24/24
Cortex,Cortex,6000,160,t1only,sumo,0.12,0.0,0.0,24/24
Cortex,Cortex,6000,160,t1only,pyro,-0.369,0.063,0.013,0/24
Cortex,Cortex,6000,160,t1only,hrk,-0.91,0.0,0.0,0/24
Cortex,Cortex,6000,160,t1only,mort,-0.525,0.015,0.003,0/24
Cortex,Cortex,6000,160,t1only,termite,0.594,0.017,0.004,24/24
Cortex,Cortex,6000,160,t1only,amph,0.076,0.016,0.003,24/24
Cortex,Cortex,6000,160,t1only,t1+can,0.564,0.021,0.004,24/24
Cortex,Cortex,6000,160,t1only,t1+sumo,0.345,0.048,0.01,24/24
Cortex,Cortex,6000,160,t1only,t1+pyro,-0.075,0.134,0.027,7/24
Cortex,Cortex,6000,160,t1only,t1+hrk,0.114,0.171,0.035,18/24
Cortex,Cortex,6000,160,t1only,t1+mort,0.198,0.15,0.031,20/24
Cortex,Cortex,6000,160,t1only,t1+termite,0.472,0.017,0.003,24/24
Cortex,Cortex,6000,160,t1only,can+mort,0.644,0.023,0.005,24/24
Cortex,Cortex,6000,160,t1only,can+hrk,0.73,0.012,0.002,24/24
Cortex,Cortex,6000,160,t1only,termite+mort,0.484,0.08,0.016,24/24
Cortex,Cortex,6000,160,t1only,thud+can,0.553,0.017,0.003,24/24
Cortex,Cortex,6000,160,t1only,t1+can+mort,0.589,0.032,0.006,24/24
Cortex,Cortex,6000,160,t1only,t1+can(25),0.342,0.026,0.005,24/24
Cortex,Cortex,6000,160,t1only,t1+can(75),0.673,0.009,0.002,24/24
Cortex,Cortex,6000,56,base6-hold,t1-line,-0.478,0.013,0.003,0/24
Cortex,Cortex,6000,56,base6-hold,t1-thud,-0.504,0.006,0.001,0/24
Cortex,Cortex,6000,56,base6-hold,can,-0.104,0.088,0.018,3/24
Cortex,Cortex,6000,56,base6-hold,sumo,1.0,0.0,0.0,24/24
Cortex,Cortex,6000,56,base6-hold,pyro,-0.667,0.023,0.005,0/24
Cortex,Cortex,6000,56,base6-hold,hrk,-0.608,0.004,0.001,0/24
Cortex,Cortex,6000,56,base6-hold,mort,-0.621,0.007,0.001,0/24
Cortex,Cortex,6000,56,base6-hold,termite,-0.361,0.024,0.005,0/24
Cortex,Cortex,6000,56,base6-hold,amph,-0.579,0.015,0.003,0/24
Cortex,Cortex,6000,56,base6-hold,t1+can,-0.455,0.009,0.002,0/24
Cortex,Cortex,6000,56,base6-hold,t1+sumo,0.37,0.0,0.0,24/24
Cortex,Cortex,6000,56,base6-hold,t1+pyro,-0.569,0.011,0.002,0/24
Cortex,Cortex,6000,56,base6-hold,t1+hrk,-0.437,0.034,0.007,0/24
Cortex,Cortex,6000,56,base6-hold,t1+mort,-0.547,0.006,0.001,0/24
Cortex,Cortex,6000,56,base6-hold,t1+termite,-0.553,0.012,0.002,0/24
Cortex,Cortex,6000,56,base6-hold,can+mort,-0.588,0.012,0.003,0/24
Cortex,Cortex,6000,56,base6-hold,can+hrk,-0.289,0.027,0.006,0/24
Cortex,Cortex,6000,56,base6-hold,termite+mort,-0.635,0.006,0.001,0/24
Cortex,Cortex,6000,56,base6-hold,thud+can,-0.544,0.008,0.002,0/24
Cortex,Cortex,6000,56,base6-hold,t1+can+mort,-0.572,0.004,0.001,0/24
Cortex,Cortex,6000,56,base6-hold,t1+can(25),-0.494,0.008,0.002,0/24
Cortex,Cortex,6000,56,base6-hold,t1+can(75),-0.263,0.029,0.006,0/24
Cortex,Cortex,6000,160,base6-hold,t1-line,-0.189,0.045,0.009,0/24
Cortex,Cortex,6000,160,base6-hold,t1-thud,-0.163,0.013,0.003,0/24
Cortex,Cortex,6000,160,base6-hold,can,0.441,0.012,0.002,24/24
Cortex,Cortex,6000,160,base6-hold,sumo,0.75,0.0,0.0,24/24
Cortex,Cortex,6000,160,base6-hold,pyro,-0.166,0.015,0.003,0/24
Cortex,Cortex,6000,160,base6-hold,hrk,-0.65,0.002,0.0,0/24
Cortex,Cortex,6000,160,base6-hold,mort,-0.519,0.006,0.001,0/24
Cortex,Cortex,6000,160,base6-hold,termite,0.299,0.028,0.006,24/24
Cortex,Cortex,6000,160,base6-hold,amph,0.273,0.023,0.005,24/24
Cortex,Cortex,6000,160,base6-hold,t1+can,0.404,0.017,0.003,24/24
Cortex,Cortex,6000,160,base6-hold,t1+sumo,0.245,0.03,0.006,24/24
Cortex,Cortex,6000,160,base6-hold,t1+pyro,-0.285,0.024,0.005,0/24
Cortex,Cortex,6000,160,base6-hold,t1+hrk,-0.384,0.019,0.004,0/24
Cortex,Cortex,6000,160,base6-hold,t1+mort,-0.353,0.019,0.004,0/24
Cortex,Cortex,6000,160,base6-hold,t1+termite,-0.003,0.091,0.019,11/24
Cortex,Cortex,6000,160,base6-hold,can+mort,-0.117,0.016,0.003,0/24
Cortex,Cortex,6000,160,base6-hold,can+hrk,0.476,0.021,0.004,24/24
Cortex,Cortex,6000,160,base6-hold,termite+mort,-0.161,0.006,0.001,0/24
Cortex,Cortex,6000,160,base6-hold,thud+can,0.407,0.014,0.003,24/24
Cortex,Cortex,6000,160,base6-hold,t1+can+mort,-0.203,0.016,0.003,0/24
Cortex,Cortex,6000,160,base6-hold,t1+can(25),-0.159,0.045,0.009,0/24
Cortex,Cortex,6000,160,base6-hold,t1+can(75),0.436,0.011,0.002,24/24
Cortex,Cortex,6000,56,base6-out,t1-line,-0.32,0.063,0.013,0/24
Cortex,Cortex,6000,56,base6-out,t1-thud,-0.407,0.044,0.009,0/24
Cortex,Cortex,6000,56,base6-out,can,-0.037,0.077,0.016,10/24
Cortex,Cortex,6000,56,base6-out,sumo,-0.37,0.0,0.0,0/24
Cortex,Cortex,6000,56,base6-out,pyro,-0.339,0.029,0.006,0/24
Cortex,Cortex,6000,56,base6-out,hrk,-0.938,0.004,0.001,0/24
Cortex,Cortex,6000,56,base6-out,mort,-0.621,0.038,0.008,0/24
Cortex,Cortex,6000,56,base6-out,termite,0.091,0.059,0.012,21/24
Cortex,Cortex,6000,56,base6-out,amph,-0.502,0.022,0.005,0/24
Cortex,Cortex,6000,56,base6-out,t1+can,-0.092,0.049,0.01,1/24
Cortex,Cortex,6000,56,base6-out,t1+sumo,0.342,0.026,0.005,24/24
Cortex,Cortex,6000,56,base6-out,t1+pyro,-0.254,0.026,0.005,0/24
Cortex,Cortex,6000,56,base6-out,t1+hrk,-0.195,0.012,0.002,0/24
Cortex,Cortex,6000,56,base6-out,t1+mort,-0.293,0.02,0.004,0/24
Cortex,Cortex,6000,56,base6-out,t1+termite,-0.158,0.015,0.003,0/24
Cortex,Cortex,6000,56,base6-out,can+mort,-0.269,0.019,0.004,0/24
Cortex,Cortex,6000,56,base6-out,can+hrk,0.43,0.049,0.01,24/24
Cortex,Cortex,6000,56,base6-out,termite+mort,-0.199,0.024,0.005,0/24
Cortex,Cortex,6000,56,base6-out,thud+can,-0.157,0.01,0.002,0/24
Cortex,Cortex,6000,56,base6-out,t1+can+mort,-0.173,0.018,0.004,0/24
Cortex,Cortex,6000,56,base6-out,t1+can(25),-0.168,0.017,0.003,0/24
Cortex,Cortex,6000,56,base6-out,t1+can(75),0.1,0.124,0.025,16/24
Cortex,Cortex,6000,160,base6-out,t1-line,-0.187,0.018,0.004,0/24
Cortex,Cortex,6000,160,base6-out,t1-thud,-0.327,0.031,0.006,0/24
Cortex,Cortex,6000,160,base6-out,can,0.473,0.013,0.003,24/24
Cortex,Cortex,6000,160,base6-out,sumo,0.06,0.0,0.0,24/24
Cortex,Cortex,6000,160,base6-out,pyro,-0.413,0.022,0.004,0/24
Cortex,Cortex,6000,160,base6-out,hrk,-0.89,0.0,0.0,0/24
Cortex,Cortex,6000,160,base6-out,mort,-0.621,0.015,0.003,0/24
Cortex,Cortex,6000,160,base6-out,termite,0.427,0.013,0.003,24/24
Cortex,Cortex,6000,160,base6-out,amph,-0.1,0.028,0.006,0/24
Cortex,Cortex,6000,160,base6-out,t1+can,0.295,0.038,0.008,24/24
Cortex,Cortex,6000,160,base6-out,t1+sumo,0.182,0.142,0.029,23/24
Cortex,Cortex,6000,160,base6-out,t1+pyro,-0.268,0.062,0.013,0/24
Cortex,Cortex,6000,160,base6-out,t1+hrk,-0.221,0.011,0.002,0/24
Cortex,Cortex,6000,160,base6-out,t1+mort,-0.221,0.013,0.003,0/24
Cortex,Cortex,6000,160,base6-out,t1+termite,-0.045,0.039,0.008,2/24
Cortex,Cortex,6000,160,base6-out,can+mort,-0.129,0.065,0.013,1/24
Cortex,Cortex,6000,160,base6-out,can+hrk,0.587,0.009,0.002,24/24
Cortex,Cortex,6000,160,base6-out,termite+mort,-0.153,0.006,0.001,0/24
Cortex,Cortex,6000,160,base6-out,thud+can,0.24,0.033,0.007,24/24
Cortex,Cortex,6000,160,base6-out,t1+can+mort,-0.065,0.093,0.019,1/24
Cortex,Cortex,6000,160,base6-out,t1+can(25),-0.015,0.092,0.019,7/24
Cortex,Cortex,6000,160,base6-out,t1+can(75),0.494,0.011,0.002,24/24
Cortex,Cortex,6000,56,base12-hold,t1-line,-0.488,0.013,0.003,0/24
Cortex,Cortex,6000,56,base12-hold,t1-thud,-0.541,0.006,0.001,0/24
Cortex,Cortex,6000,56,base12-hold,can,-0.247,0.034,0.007,0/24
Cortex,Cortex,6000,56,base12-hold,sumo,1.0,0.0,0.0,24/24
Cortex,Cortex,6000,56,base12-hold,pyro,-0.699,0.013,0.003,0/24
Cortex,Cortex,6000,56,base12-hold,hrk,-0.63,0.0,0.0,0/24
Cortex,Cortex,6000,56,base12-hold,mort,-0.643,0.004,0.001,0/24
Cortex,Cortex,6000,56,base12-hold,termite,-0.469,0.014,0.003,0/24
Cortex,Cortex,6000,56,base12-hold,amph,-0.636,0.009,0.002,0/24
Cortex,Cortex,6000,56,base12-hold,t1+can,-0.565,0.012,0.002,0/24
Cortex,Cortex,6000,56,base12-hold,t1+sumo,0.37,0.0,0.0,24/24
Cortex,Cortex,6000,56,base12-hold,t1+pyro,-0.618,0.014,0.003,0/24
Cortex,Cortex,6000,56,base12-hold,t1+hrk,-0.5,0.017,0.003,0/24
Cortex,Cortex,6000,56,base12-hold,t1+mort,-0.584,0.006,0.001,0/24
Cortex,Cortex,6000,56,base12-hold,t1+termite,-0.577,0.007,0.001,0/24
Cortex,Cortex,6000,56,base12-hold,can+mort,-0.635,0.005,0.001,0/24
Cortex,Cortex,6000,56,base12-hold,can+hrk,-0.49,0.004,0.001,0/24
Cortex,Cortex,6000,56,base12-hold,termite+mort,-0.657,0.005,0.001,0/24
Cortex,Cortex,6000,56,base12-hold,thud+can,-0.567,0.005,0.001,0/24
Cortex,Cortex,6000,56,base12-hold,t1+can+mort,-0.61,0.0,0.0,0/24
Cortex,Cortex,6000,56,base12-hold,t1+can(25),-0.537,0.005,0.001,0/24
Cortex,Cortex,6000,56,base12-hold,t1+can(75),-0.376,0.023,0.005,0/24
Cortex,Cortex,6000,160,base12-hold,t1-line,-0.351,0.019,0.004,0/24
Cortex,Cortex,6000,160,base12-hold,t1-thud,-0.223,0.024,0.005,0/24
Cortex,Cortex,6000,160,base12-hold,can,0.32,0.012,0.002,24/24
Cortex,Cortex,6000,160,base12-hold,sumo,0.7,0.0,0.0,24/24
Cortex,Cortex,6000,160,base12-hold,pyro,-0.337,0.03,0.006,0/24
Cortex,Cortex,6000,160,base12-hold,hrk,-0.67,0.0,0.0,0/24
Cortex,Cortex,6000,160,base12-hold,mort,-0.56,0.0,0.0,0/24
Cortex,Cortex,6000,160,base12-hold,termite,0.212,0.024,0.005,24/24
Cortex,Cortex,6000,160,base12-hold,amph,0.128,0.035,0.007,24/24
Cortex,Cortex,6000,160,base12-hold,t1+can,0.177,0.04,0.008,24/24
Cortex,Cortex,6000,160,base12-hold,t1+sumo,0.144,0.009,0.002,24/24
Cortex,Cortex,6000,160,base12-hold,t1+pyro,-0.421,0.024,0.005,0/24
Cortex,Cortex,6000,160,base12-hold,t1+hrk,-0.508,0.021,0.004,0/24
Cortex,Cortex,6000,160,base12-hold,t1+mort,-0.41,0.014,0.003,0/24
Cortex,Cortex,6000,160,base12-hold,t1+termite,-0.131,0.044,0.009,1/24
Cortex,Cortex,6000,160,base12-hold,can+mort,-0.194,0.008,0.002,0/24
Cortex,Cortex,6000,160,base12-hold,can+hrk,-0.183,0.018,0.004,0/24
Cortex,Cortex,6000,160,base12-hold,termite+mort,-0.275,0.029,0.006,0/24
Cortex,Cortex,6000,160,base12-hold,thud+can,0.202,0.026,0.005,24/24
Cortex,Cortex,6000,160,base12-hold,t1+can+mort,-0.322,0.023,0.005,0/24
Cortex,Cortex,6000,160,base12-hold,t1+can(25),-0.226,0.036,0.007,0/24
Cortex,Cortex,6000,160,base12-hold,t1+can(75),0.315,0.018,0.004,24/24
Cortex,Cortex,6000,56,base12-out,t1-line,-0.309,0.032,0.007,0/24
Cortex,Cortex,6000,56,base12-out,t1-thud,-0.455,0.04,0.008,0/24
Cortex,Cortex,6000,56,base12-out,can,-0.16,0.013,0.003,0/24
Cortex,Cortex,6000,56,base12-out,sumo,0.01,0.0,0.0,24/24
Cortex,Cortex,6000,56,base12-out,pyro,-0.361,0.033,0.007,0/24
Cortex,Cortex,6000,56,base12-out,hrk,-0.94,0.002,0.0,0/24
Cortex,Cortex,6000,56,base12-out,mort,-0.658,0.033,0.007,0/24
Cortex,Cortex,6000,56,base12-out,termite,-0.157,0.012,0.002,0/24
Cortex,Cortex,6000,56,base12-out,amph,-0.577,0.019,0.004,0/24
Cortex,Cortex,6000,56,base12-out,t1+can,-0.194,0.026,0.005,0/24
Cortex,Cortex,6000,56,base12-out,t1+sumo,0.34,0.029,0.006,24/24
Cortex,Cortex,6000,56,base12-out,t1+pyro,-0.289,0.024,0.005,0/24
Cortex,Cortex,6000,56,base12-out,t1+hrk,-0.289,0.057,0.012,0/24
Cortex,Cortex,6000,56,base12-out,t1+mort,-0.312,0.045,0.009,0/24
Cortex,Cortex,6000,56,base12-out,t1+termite,-0.241,0.008,0.002,0/24
Cortex,Cortex,6000,56,base12-out,can+mort,-0.328,0.015,0.003,0/24
Cortex,Cortex,6000,56,base12-out,can+hrk,-0.127,0.043,0.009,0/24
Cortex,Cortex,6000,56,base12-out,termite+mort,-0.293,0.009,0.002,0/24
Cortex,Cortex,6000,56,base12-out,thud+can,-0.204,0.022,0.004,0/24
Cortex,Cortex,6000,56,base12-out,t1+can+mort,-0.258,0.019,0.004,0/24
Cortex,Cortex,6000,56,base12-out,t1+can(25),-0.223,0.014,0.003,0/24
Cortex,Cortex,6000,56,base12-out,t1+can(75),-0.166,0.031,0.006,0/24
Cortex,Cortex,6000,160,base12-out,t1-line,-0.235,0.018,0.004,0/24
Cortex,Cortex,6000,160,base12-out,t1-thud,-0.331,0.043,0.009,0/24
Cortex,Cortex,6000,160,base12-out,can,0.368,0.015,0.003,24/24
Cortex,Cortex,6000,160,base12-out,sumo,0.12,0.0,0.0,24/24
Cortex,Cortex,6000,160,base12-out,pyro,-0.387,0.043,0.009,0/24
Cortex,Cortex,6000,160,base12-out,hrk,-0.9,0.0,0.0,0/24
Cortex,Cortex,6000,160,base12-out,mort,-0.624,0.01,0.002,0/24
Cortex,Cortex,6000,160,base12-out,termite,0.162,0.064,0.013,24/24
Cortex,Cortex,6000,160,base12-out,amph,0.028,0.063,0.013,17/24
Cortex,Cortex,6000,160,base12-out,t1+can,0.149,0.041,0.008,24/24
Cortex,Cortex,6000,160,base12-out,t1+sumo,0.313,0.092,0.019,24/24
Cortex,Cortex,6000,160,base12-out,t1+pyro,-0.255,0.024,0.005,0/24
Cortex,Cortex,6000,160,base12-out,t1+hrk,-0.275,0.015,0.003,0/24
Cortex,Cortex,6000,160,base12-out,t1+mort,-0.268,0.013,0.003,0/24
Cortex,Cortex,6000,160,base12-out,t1+termite,-0.106,0.053,0.011,1/24
Cortex,Cortex,6000,160,base12-out,can+mort,-0.163,0.011,0.002,0/24
Cortex,Cortex,6000,160,base12-out,can+hrk,0.407,0.081,0.017,24/24
Cortex,Cortex,6000,160,base12-out,termite+mort,-0.183,0.017,0.004,0/24
Cortex,Cortex,6000,160,base12-out,thud+can,0.124,0.041,0.008,24/24
Cortex,Cortex,6000,160,base12-out,t1+can+mort,-0.08,0.129,0.026,5/24
Cortex,Cortex,6000,160,base12-out,t1+can(25),-0.075,0.069,0.014,3/24
Cortex,Cortex,6000,160,base12-out,t1+can(75),0.414,0.011,0.002,24/24
Cortex,Cortex,10000,56,field20,t1-line,-0.05,0.07,0.014,5/24
Cortex,Cortex,10000,56,field20,t1-thud,-0.382,0.031,0.006,0/24
Cortex,Cortex,10000,56,field20,can,0.072,0.014,0.003,24/24
Cortex,Cortex,10000,56,field20,sumo,-0.04,0.0,0.0,0/24
Cortex,Cortex,10000,56,field20,pyro,-0.298,0.078,0.016,0/24
Cortex,Cortex,10000,56,field20,hrk,-0.892,0.031,0.006,0/24
Cortex,Cortex,10000,56,field20,mort,-0.48,0.025,0.005,0/24
Cortex,Cortex,10000,56,field20,termite,0.353,0.019,0.004,24/24
Cortex,Cortex,10000,56,field20,amph,-0.591,0.008,0.002,0/24
Cortex,Cortex,10000,56,field20,t1+can,0.157,0.095,0.019,22/24
Cortex,Cortex,10000,56,field20,t1+sumo,0.062,0.072,0.015,19/24
Cortex,Cortex,10000,56,field20,t1+pyro,-0.009,0.063,0.013,9/24
Cortex,Cortex,10000,56,field20,t1+hrk,-0.112,0.167,0.034,5/24
Cortex,Cortex,10000,56,field20,t1+mort,-0.133,0.073,0.015,1/24
Cortex,Cortex,10000,56,field20,t1+termite,0.214,0.02,0.004,24/24
Cortex,Cortex,10000,56,field20,can+mort,-0.105,0.071,0.015,0/24
Cortex,Cortex,10000,56,field20,can+hrk,0.055,0.174,0.036,12/24
Cortex,Cortex,10000,56,field20,termite+mort,0.015,0.069,0.014,9/24
Cortex,Cortex,10000,56,field20,thud+can,0.073,0.077,0.016,20/24
Cortex,Cortex,10000,56,field20,t1+can+mort,0.207,0.095,0.019,23/24
Cortex,Cortex,10000,56,field20,t1+can(25),0.106,0.063,0.013,24/24
Cortex,Cortex,10000,56,field20,t1+can(75),0.137,0.056,0.011,23/24
Cortex,Cortex,10000,160,field20,t1-line,0.13,0.065,0.013,24/24
Cortex,Cortex,10000,160,field20,t1-thud,-0.133,0.047,0.01,0/24
Cortex,Cortex,10000,160,field20,can,0.548,0.016,0.003,24/24
Cortex,Cortex,10000,160,field20,sumo,0.7,0.0,0.0,24/24
Cortex,Cortex,10000,160,field20,pyro,-0.331,0.04,0.008,0/24
Cortex,Cortex,10000,160,field20,hrk,-0.871,0.008,0.002,0/24
Cortex,Cortex,10000,160,field20,mort,-0.361,0.044,0.009,0/24
Cortex,Cortex,10000,160,field20,termite,0.295,0.014,0.003,24/24
Cortex,Cortex,10000,160,field20,amph,0.083,0.012,0.002,24/24
Cortex,Cortex,10000,160,field20,t1+can,0.671,0.01,0.002,24/24
Cortex,Cortex,10000,160,field20,t1+sumo,0.353,0.038,0.008,24/24
Cortex,Cortex,10000,160,field20,t1+pyro,-0.08,0.066,0.014,1/24
Cortex,Cortex,10000,160,field20,t1+hrk,0.276,0.154,0.031,23/24
Cortex,Cortex,10000,160,field20,t1+mort,0.285,0.138,0.028,23/24
Cortex,Cortex,10000,160,field20,t1+termite,0.467,0.009,0.002,24/24
Cortex,Cortex,10000,160,field20,can+mort,0.689,0.02,0.004,24/24
Cortex,Cortex,10000,160,field20,can+hrk,0.716,0.019,0.004,24/24
Cortex,Cortex,10000,160,field20,termite+mort,0.666,0.017,0.003,24/24
Cortex,Cortex,10000,160,field20,thud+can,0.674,0.012,0.002,24/24
Cortex,Cortex,10000,160,field20,t1+can+mort,0.613,0.017,0.004,24/24
Cortex,Cortex,10000,160,field20,t1+can(25),0.385,0.044,0.009,24/24
Cortex,Cortex,10000,160,field20,t1+can(75),0.603,0.015,0.003,24/24
Cortex,Cortex,10000,56,field25,t1-line,0.105,0.072,0.015,21/24
Cortex,Cortex,10000,56,field25,t1-thud,-0.26,0.049,0.01,0/24
Cortex,Cortex,10000,56,field25,can,0.245,0.016,0.003,24/24
Cortex,Cortex,10000,56,field25,sumo,0.24,0.0,0.0,24/24
Cortex,Cortex,10000,56,field25,pyro,-0.366,0.038,0.008,0/24
Cortex,Cortex,10000,56,field25,hrk,-0.792,0.026,0.005,0/24
Cortex,Cortex,10000,56,field25,mort,-0.439,0.019,0.004,0/24
Cortex,Cortex,10000,56,field25,termite,0.484,0.022,0.005,24/24
Cortex,Cortex,10000,56,field25,amph,-0.501,0.007,0.001,0/24
Cortex,Cortex,10000,56,field25,t1+can,0.43,0.036,0.007,24/24
Cortex,Cortex,10000,56,field25,t1+sumo,0.328,0.072,0.015,24/24
Cortex,Cortex,10000,56,field25,t1+pyro,-0.103,0.106,0.022,4/24
Cortex,Cortex,10000,56,field25,t1+hrk,-0.013,0.228,0.047,5/24
Cortex,Cortex,10000,56,field25,t1+mort,-0.038,0.094,0.019,9/24
Cortex,Cortex,10000,56,field25,t1+termite,0.296,0.027,0.005,24/24
Cortex,Cortex,10000,56,field25,can+mort,0.077,0.163,0.033,16/24
Cortex,Cortex,10000,56,field25,can+hrk,0.437,0.032,0.006,24/24
Cortex,Cortex,10000,56,field25,termite+mort,0.242,0.199,0.041,21/24
Cortex,Cortex,10000,56,field25,thud+can,0.406,0.095,0.019,24/24
Cortex,Cortex,10000,56,field25,t1+can+mort,0.355,0.049,0.01,24/24
Cortex,Cortex,10000,56,field25,t1+can(25),0.283,0.045,0.009,24/24
Cortex,Cortex,10000,56,field25,t1+can(75),0.305,0.034,0.007,24/24
Cortex,Cortex,10000,160,field25,t1-line,0.205,0.064,0.013,24/24
Cortex,Cortex,10000,160,field25,t1-thud,-0.067,0.06,0.012,5/24
Cortex,Cortex,10000,160,field25,can,0.605,0.013,0.003,24/24
Cortex,Cortex,10000,160,field25,sumo,0.75,0.0,0.0,24/24
Cortex,Cortex,10000,160,field25,pyro,-0.286,0.031,0.006,0/24
Cortex,Cortex,10000,160,field25,hrk,-0.755,0.018,0.004,0/24
Cortex,Cortex,10000,160,field25,mort,-0.333,0.049,0.01,0/24
Cortex,Cortex,10000,160,field25,termite,0.436,0.02,0.004,24/24
Cortex,Cortex,10000,160,field25,amph,0.193,0.02,0.004,24/24
Cortex,Cortex,10000,160,field25,t1+can,0.659,0.011,0.002,24/24
Cortex,Cortex,10000,160,field25,t1+sumo,0.33,0.05,0.01,24/24
Cortex,Cortex,10000,160,field25,t1+pyro,-0.141,0.064,0.013,0/24
Cortex,Cortex,10000,160,field25,t1+hrk,0.417,0.118,0.024,24/24
Cortex,Cortex,10000,160,field25,t1+mort,0.338,0.11,0.022,23/24
Cortex,Cortex,10000,160,field25,t1+termite,0.497,0.011,0.002,24/24
Cortex,Cortex,10000,160,field25,can+mort,0.652,0.031,0.006,24/24
Cortex,Cortex,10000,160,field25,can+hrk,0.742,0.018,0.004,24/24
Cortex,Cortex,10000,160,field25,termite+mort,0.642,0.018,0.004,24/24
Cortex,Cortex,10000,160,field25,thud+can,0.649,0.013,0.003,24/24
Cortex,Cortex,10000,160,field25,t1+can+mort,0.623,0.043,0.009,24/24
Cortex,Cortex,10000,160,field25,t1+can(25),0.385,0.028,0.006,24/24
Cortex,Cortex,10000,160,field25,t1+can(75),0.671,0.011,0.002,24/24
Cortex,Cortex,10000,56,t1only,t1-line,-0.05,0.07,0.014,5/24
Cortex,Cortex,10000,56,t1only,t1-thud,-0.382,0.031,0.006,0/24
Cortex,Cortex,10000,56,t1only,can,0.072,0.014,0.003,24/24
Cortex,Cortex,10000,56,t1only,sumo,-0.04,0.0,0.0,0/24
Cortex,Cortex,10000,56,t1only,pyro,-0.298,0.078,0.016,0/24
Cortex,Cortex,10000,56,t1only,hrk,-0.892,0.031,0.006,0/24
Cortex,Cortex,10000,56,t1only,mort,-0.48,0.025,0.005,0/24
Cortex,Cortex,10000,56,t1only,termite,0.353,0.019,0.004,24/24
Cortex,Cortex,10000,56,t1only,amph,-0.591,0.008,0.002,0/24
Cortex,Cortex,10000,56,t1only,t1+can,0.157,0.095,0.019,22/24
Cortex,Cortex,10000,56,t1only,t1+sumo,0.062,0.072,0.015,19/24
Cortex,Cortex,10000,56,t1only,t1+pyro,-0.009,0.063,0.013,9/24
Cortex,Cortex,10000,56,t1only,t1+hrk,-0.112,0.167,0.034,5/24
Cortex,Cortex,10000,56,t1only,t1+mort,-0.133,0.073,0.015,1/24
Cortex,Cortex,10000,56,t1only,t1+termite,0.214,0.02,0.004,24/24
Cortex,Cortex,10000,56,t1only,can+mort,-0.105,0.071,0.015,0/24
Cortex,Cortex,10000,56,t1only,can+hrk,0.055,0.174,0.036,12/24
Cortex,Cortex,10000,56,t1only,termite+mort,0.015,0.069,0.014,9/24
Cortex,Cortex,10000,56,t1only,thud+can,0.073,0.077,0.016,20/24
Cortex,Cortex,10000,56,t1only,t1+can+mort,0.207,0.095,0.019,23/24
Cortex,Cortex,10000,56,t1only,t1+can(25),0.106,0.063,0.013,24/24
Cortex,Cortex,10000,56,t1only,t1+can(75),0.137,0.056,0.011,23/24
Cortex,Cortex,10000,160,t1only,t1-line,0.13,0.065,0.013,24/24
Cortex,Cortex,10000,160,t1only,t1-thud,-0.133,0.047,0.01,0/24
Cortex,Cortex,10000,160,t1only,can,0.548,0.016,0.003,24/24
Cortex,Cortex,10000,160,t1only,sumo,0.7,0.0,0.0,24/24
Cortex,Cortex,10000,160,t1only,pyro,-0.331,0.04,0.008,0/24
Cortex,Cortex,10000,160,t1only,hrk,-0.871,0.008,0.002,0/24
Cortex,Cortex,10000,160,t1only,mort,-0.361,0.044,0.009,0/24
Cortex,Cortex,10000,160,t1only,termite,0.295,0.014,0.003,24/24
Cortex,Cortex,10000,160,t1only,amph,0.083,0.012,0.002,24/24
Cortex,Cortex,10000,160,t1only,t1+can,0.671,0.01,0.002,24/24
Cortex,Cortex,10000,160,t1only,t1+sumo,0.353,0.038,0.008,24/24
Cortex,Cortex,10000,160,t1only,t1+pyro,-0.08,0.066,0.014,1/24
Cortex,Cortex,10000,160,t1only,t1+hrk,0.276,0.154,0.031,23/24
Cortex,Cortex,10000,160,t1only,t1+mort,0.285,0.138,0.028,23/24
Cortex,Cortex,10000,160,t1only,t1+termite,0.467,0.009,0.002,24/24
Cortex,Cortex,10000,160,t1only,can+mort,0.689,0.02,0.004,24/24
Cortex,Cortex,10000,160,t1only,can+hrk,0.716,0.019,0.004,24/24
Cortex,Cortex,10000,160,t1only,termite+mort,0.666,0.017,0.003,24/24
Cortex,Cortex,10000,160,t1only,thud+can,0.674,0.012,0.002,24/24
Cortex,Cortex,10000,160,t1only,t1+can+mort,0.613,0.017,0.004,24/24
Cortex,Cortex,10000,160,t1only,t1+can(25),0.385,0.044,0.009,24/24
Cortex,Cortex,10000,160,t1only,t1+can(75),0.603,0.015,0.003,24/24
Cortex,Cortex,10000,56,base6-hold,t1-line,-0.279,0.02,0.004,0/24
Cortex,Cortex,10000,56,base6-hold,t1-thud,-0.339,0.013,0.003,0/24
Cortex,Cortex,10000,56,base6-hold,can,0.281,0.017,0.003,24/24
Cortex,Cortex,10000,56,base6-hold,sumo,1.0,0.0,0.0,24/24
Cortex,Cortex,10000,56,base6-hold,pyro,-0.545,0.013,0.003,0/24
Cortex,Cortex,10000,56,base6-hold,hrk,-0.51,0.0,0.0,0/24
Cortex,Cortex,10000,56,base6-hold,mort,-0.47,0.0,0.0,0/24
Cortex,Cortex,10000,56,base6-hold,termite,-0.181,0.018,0.004,0/24
Cortex,Cortex,10000,56,base6-hold,amph,-0.339,0.014,0.003,0/24
Cortex,Cortex,10000,56,base6-hold,t1+can,-0.288,0.018,0.004,0/24
Cortex,Cortex,10000,56,base6-hold,t1+sumo,0.44,0.0,0.0,24/24
Cortex,Cortex,10000,56,base6-hold,t1+pyro,-0.458,0.009,0.002,0/24
Cortex,Cortex,10000,56,base6-hold,t1+hrk,-0.28,0.024,0.005,0/24
Cortex,Cortex,10000,56,base6-hold,t1+mort,-0.4,0.01,0.002,0/24
Cortex,Cortex,10000,56,base6-hold,t1+termite,-0.316,0.014,0.003,0/24
Cortex,Cortex,10000,56,base6-hold,can+mort,-0.412,0.02,0.004,0/24
Cortex,Cortex,10000,56,base6-hold,can+hrk,-0.151,0.042,0.009,0/24
Cortex,Cortex,10000,56,base6-hold,termite+mort,-0.453,0.005,0.001,0/24
Cortex,Cortex,10000,56,base6-hold,thud+can,-0.288,0.011,0.002,0/24
Cortex,Cortex,10000,56,base6-hold,t1+can+mort,-0.375,0.007,0.001,0/24
Cortex,Cortex,10000,56,base6-hold,t1+can(25),-0.293,0.023,0.005,0/24
Cortex,Cortex,10000,56,base6-hold,t1+can(75),0.288,0.021,0.004,24/24
Cortex,Cortex,10000,160,base6-hold,t1-line,0.225,0.073,0.015,24/24
Cortex,Cortex,10000,160,base6-hold,t1-thud,0.138,0.034,0.007,24/24
Cortex,Cortex,10000,160,base6-hold,can,0.556,0.015,0.003,24/24
Cortex,Cortex,10000,160,base6-hold,sumo,0.89,0.0,0.0,24/24
Cortex,Cortex,10000,160,base6-hold,pyro,-0.036,0.076,0.015,10/24
Cortex,Cortex,10000,160,base6-hold,hrk,-0.55,0.002,0.0,0/24
Cortex,Cortex,10000,160,base6-hold,mort,-0.316,0.008,0.002,0/24
Cortex,Cortex,10000,160,base6-hold,termite,0.497,0.02,0.004,24/24
Cortex,Cortex,10000,160,base6-hold,amph,0.455,0.019,0.004,24/24
Cortex,Cortex,10000,160,base6-hold,t1+can,0.621,0.009,0.002,24/24
Cortex,Cortex,10000,160,base6-hold,t1+sumo,0.398,0.031,0.006,24/24
Cortex,Cortex,10000,160,base6-hold,t1+pyro,-0.211,0.027,0.006,0/24
Cortex,Cortex,10000,160,base6-hold,t1+hrk,-0.295,0.018,0.004,0/24
Cortex,Cortex,10000,160,base6-hold,t1+mort,-0.196,0.121,0.025,2/24
Cortex,Cortex,10000,160,base6-hold,t1+termite,0.553,0.024,0.005,24/24
Cortex,Cortex,10000,160,base6-hold,can+mort,0.652,0.011,0.002,24/24
Cortex,Cortex,10000,160,base6-hold,can+hrk,0.596,0.011,0.002,24/24
Cortex,Cortex,10000,160,base6-hold,termite+mort,0.599,0.015,0.003,24/24
Cortex,Cortex,10000,160,base6-hold,thud+can,0.592,0.011,0.002,24/24
Cortex,Cortex,10000,160,base6-hold,t1+can+mort,0.62,0.01,0.002,24/24
Cortex,Cortex,10000,160,base6-hold,t1+can(25),0.542,0.025,0.005,24/24
Cortex,Cortex,10000,160,base6-hold,t1+can(75),0.591,0.008,0.002,24/24
Cortex,Cortex,10000,56,base6-out,t1-line,-0.108,0.068,0.014,2/24
Cortex,Cortex,10000,56,base6-out,t1-thud,-0.32,0.035,0.007,0/24
Cortex,Cortex,10000,56,base6-out,can,0.162,0.019,0.004,24/24
Cortex,Cortex,10000,56,base6-out,sumo,0.31,0.0,0.0,24/24
Cortex,Cortex,10000,56,base6-out,pyro,-0.462,0.043,0.009,0/24
Cortex,Cortex,10000,56,base6-out,hrk,-0.817,0.011,0.002,0/24
Cortex,Cortex,10000,56,base6-out,mort,-0.488,0.028,0.006,0/24
Cortex,Cortex,10000,56,base6-out,termite,0.345,0.021,0.004,24/24
Cortex,Cortex,10000,56,base6-out,amph,-0.538,0.007,0.002,0/24
Cortex,Cortex,10000,56,base6-out,t1+can,0.303,0.028,0.006,24/24
Cortex,Cortex,10000,56,base6-out,t1+sumo,0.402,0.053,0.011,24/24
Cortex,Cortex,10000,56,base6-out,t1+pyro,-0.244,0.055,0.011,0/24
Cortex,Cortex,10000,56,base6-out,t1+hrk,-0.04,0.278,0.057,5/24
Cortex,Cortex,10000,56,base6-out,t1+mort,-0.192,0.014,0.003,0/24
Cortex,Cortex,10000,56,base6-out,t1+termite,0.003,0.063,0.013,9/24
Cortex,Cortex,10000,56,base6-out,can+mort,-0.173,0.024,0.005,0/24
Cortex,Cortex,10000,56,base6-out,can+hrk,0.44,0.027,0.006,24/24
Cortex,Cortex,10000,56,base6-out,termite+mort,-0.054,0.05,0.01,1/24
Cortex,Cortex,10000,56,base6-out,thud+can,0.274,0.025,0.005,24/24
Cortex,Cortex,10000,56,base6-out,t1+can+mort,-0.114,0.082,0.017,2/24
Cortex,Cortex,10000,56,base6-out,t1+can(25),0.078,0.103,0.021,16/24
Cortex,Cortex,10000,56,base6-out,t1+can(75),0.204,0.05,0.01,24/24
Cortex,Cortex,10000,160,base6-out,t1-line,-0.055,0.08,0.016,4/24
Cortex,Cortex,10000,160,base6-out,t1-thud,-0.171,0.033,0.007,0/24
Cortex,Cortex,10000,160,base6-out,can,0.556,0.011,0.002,24/24
Cortex,Cortex,10000,160,base6-out,sumo,0.67,0.0,0.0,24/24
Cortex,Cortex,10000,160,base6-out,pyro,-0.334,0.049,0.01,0/24
Cortex,Cortex,10000,160,base6-out,hrk,-0.82,0.0,0.0,0/24
Cortex,Cortex,10000,160,base6-out,mort,-0.411,0.034,0.007,0/24
Cortex,Cortex,10000,160,base6-out,termite,0.31,0.023,0.005,24/24
Cortex,Cortex,10000,160,base6-out,amph,0.137,0.019,0.004,24/24
Cortex,Cortex,10000,160,base6-out,t1+can,0.466,0.018,0.004,24/24
Cortex,Cortex,10000,160,base6-out,t1+sumo,0.28,0.052,0.011,24/24
Cortex,Cortex,10000,160,base6-out,t1+pyro,-0.231,0.061,0.012,0/24
Cortex,Cortex,10000,160,base6-out,t1+hrk,-0.13,0.019,0.004,0/24
Cortex,Cortex,10000,160,base6-out,t1+mort,-0.11,0.008,0.002,0/24
Cortex,Cortex,10000,160,base6-out,t1+termite,0.385,0.018,0.004,24/24
Cortex,Cortex,10000,160,base6-out,can+mort,0.566,0.033,0.007,24/24
Cortex,Cortex,10000,160,base6-out,can+hrk,0.631,0.017,0.003,24/24
Cortex,Cortex,10000,160,base6-out,termite+mort,0.41,0.083,0.017,24/24
Cortex,Cortex,10000,160,base6-out,thud+can,0.505,0.015,0.003,24/24
Cortex,Cortex,10000,160,base6-out,t1+can+mort,0.479,0.017,0.004,24/24
Cortex,Cortex,10000,160,base6-out,t1+can(25),0.239,0.094,0.019,24/24
Cortex,Cortex,10000,160,base6-out,t1+can(75),0.522,0.017,0.003,24/24
Cortex,Cortex,10000,56,base12-hold,t1-line,-0.313,0.013,0.003,0/24
Cortex,Cortex,10000,56,base12-hold,t1-thud,-0.366,0.009,0.002,0/24
Cortex,Cortex,10000,56,base12-hold,can,0.245,0.017,0.004,24/24
Cortex,Cortex,10000,56,base12-hold,sumo,1.0,0.0,0.0,24/24
Cortex,Cortex,10000,56,base12-hold,pyro,-0.58,0.009,0.002,0/24
Cortex,Cortex,10000,56,base12-hold,hrk,-0.53,0.0,0.0,0/24
Cortex,Cortex,10000,56,base12-hold,mort,-0.49,0.002,0.0,0/24
Cortex,Cortex,10000,56,base12-hold,termite,-0.21,0.011,0.002,0/24
Cortex,Cortex,10000,56,base12-hold,amph,-0.374,0.015,0.003,0/24
Cortex,Cortex,10000,56,base12-hold,t1+can,-0.324,0.01,0.002,0/24
Cortex,Cortex,10000,56,base12-hold,t1+sumo,0.44,0.0,0.0,24/24
Cortex,Cortex,10000,56,base12-hold,t1+pyro,-0.483,0.011,0.002,0/24
Cortex,Cortex,10000,56,base12-hold,t1+hrk,-0.31,0.021,0.004,0/24
Cortex,Cortex,10000,56,base12-hold,t1+mort,-0.425,0.017,0.003,0/24
Cortex,Cortex,10000,56,base12-hold,t1+termite,-0.355,0.016,0.003,0/24
Cortex,Cortex,10000,56,base12-hold,can+mort,-0.48,0.008,0.002,0/24
Cortex,Cortex,10000,56,base12-hold,can+hrk,-0.191,0.024,0.005,0/24
Cortex,Cortex,10000,56,base12-hold,termite+mort,-0.497,0.004,0.001,0/24
Cortex,Cortex,10000,56,base12-hold,thud+can,-0.342,0.01,0.002,0/24
Cortex,Cortex,10000,56,base12-hold,t1+can+mort,-0.456,0.006,0.001,0/24
Cortex,Cortex,10000,56,base12-hold,t1+can(25),-0.338,0.015,0.003,0/24
Cortex,Cortex,10000,56,base12-hold,t1+can(75),-0.054,0.091,0.019,6/24
Cortex,Cortex,10000,160,base12-hold,t1-line,-0.026,0.089,0.018,10/24
Cortex,Cortex,10000,160,base12-hold,t1-thud,0.091,0.03,0.006,24/24
Cortex,Cortex,10000,160,base12-hold,can,0.526,0.007,0.001,24/24
Cortex,Cortex,10000,160,base12-hold,sumo,0.8,0.0,0.0,24/24
Cortex,Cortex,10000,160,base12-hold,pyro,-0.148,0.022,0.004,0/24
Cortex,Cortex,10000,160,base12-hold,hrk,-0.562,0.009,0.002,0/24
Cortex,Cortex,10000,160,base12-hold,mort,-0.367,0.008,0.002,0/24
Cortex,Cortex,10000,160,base12-hold,termite,0.443,0.02,0.004,24/24
Cortex,Cortex,10000,160,base12-hold,amph,0.387,0.021,0.004,24/24
Cortex,Cortex,10000,160,base12-hold,t1+can,0.531,0.012,0.002,24/24
Cortex,Cortex,10000,160,base12-hold,t1+sumo,0.341,0.034,0.007,24/24
Cortex,Cortex,10000,160,base12-hold,t1+pyro,-0.268,0.016,0.003,0/24
Cortex,Cortex,10000,160,base12-hold,t1+hrk,-0.348,0.021,0.004,0/24
Cortex,Cortex,10000,160,base12-hold,t1+mort,-0.271,0.008,0.002,0/24
Cortex,Cortex,10000,160,base12-hold,t1+termite,0.431,0.021,0.004,24/24
Cortex,Cortex,10000,160,base12-hold,can+mort,0.554,0.012,0.002,24/24
Cortex,Cortex,10000,160,base12-hold,can+hrk,0.527,0.008,0.002,24/24
Cortex,Cortex,10000,160,base12-hold,termite+mort,0.281,0.084,0.017,24/24
Cortex,Cortex,10000,160,base12-hold,thud+can,0.537,0.012,0.002,24/24
Cortex,Cortex,10000,160,base12-hold,t1+can+mort,0.537,0.014,0.003,24/24
Cortex,Cortex,10000,160,base12-hold,t1+can(25),0.364,0.027,0.006,24/24
Cortex,Cortex,10000,160,base12-hold,t1+can(75),0.547,0.011,0.002,24/24
Cortex,Cortex,10000,56,base12-out,t1-line,-0.195,0.027,0.006,0/24
Cortex,Cortex,10000,56,base12-out,t1-thud,-0.31,0.011,0.002,0/24
Cortex,Cortex,10000,56,base12-out,can,0.082,0.024,0.005,24/24
Cortex,Cortex,10000,56,base12-out,sumo,0.42,0.0,0.0,24/24
Cortex,Cortex,10000,56,base12-out,pyro,-0.475,0.058,0.012,0/24
Cortex,Cortex,10000,56,base12-out,hrk,-0.831,0.011,0.002,0/24
Cortex,Cortex,10000,56,base12-out,mort,-0.506,0.019,0.004,0/24
Cortex,Cortex,10000,56,base12-out,termite,0.215,0.025,0.005,24/24
Cortex,Cortex,10000,56,base12-out,amph,-0.538,0.008,0.002,0/24
Cortex,Cortex,10000,56,base12-out,t1+can,0.219,0.052,0.011,24/24
Cortex,Cortex,10000,56,base12-out,t1+sumo,0.433,0.005,0.001,24/24
Cortex,Cortex,10000,56,base12-out,t1+pyro,-0.256,0.043,0.009,0/24
Cortex,Cortex,10000,56,base12-out,t1+hrk,-0.192,0.048,0.01,0/24
Cortex,Cortex,10000,56,base12-out,t1+mort,-0.266,0.011,0.002,0/24
Cortex,Cortex,10000,56,base12-out,t1+termite,-0.146,0.022,0.005,0/24
Cortex,Cortex,10000,56,base12-out,can+mort,-0.247,0.034,0.007,0/24
Cortex,Cortex,10000,56,base12-out,can+hrk,0.164,0.218,0.045,13/24
Cortex,Cortex,10000,56,base12-out,termite+mort,-0.204,0.006,0.001,0/24
Cortex,Cortex,10000,56,base12-out,thud+can,0.1,0.05,0.01,23/24
Cortex,Cortex,10000,56,base12-out,t1+can+mort,-0.159,0.019,0.004,0/24
Cortex,Cortex,10000,56,base12-out,t1+can(25),-0.105,0.08,0.016,4/24
Cortex,Cortex,10000,56,base12-out,t1+can(75),-0.0,0.12,0.024,9/24
Cortex,Cortex,10000,160,base12-out,t1-line,-0.105,0.039,0.008,1/24
Cortex,Cortex,10000,160,base12-out,t1-thud,-0.185,0.026,0.005,0/24
Cortex,Cortex,10000,160,base12-out,can,0.471,0.016,0.003,24/24
Cortex,Cortex,10000,160,base12-out,sumo,0.67,0.0,0.0,24/24
Cortex,Cortex,10000,160,base12-out,pyro,-0.296,0.05,0.01,0/24
Cortex,Cortex,10000,160,base12-out,hrk,-0.83,0.0,0.0,0/24
Cortex,Cortex,10000,160,base12-out,mort,-0.422,0.036,0.007,0/24
Cortex,Cortex,10000,160,base12-out,termite,0.287,0.027,0.006,24/24
Cortex,Cortex,10000,160,base12-out,amph,0.042,0.031,0.006,21/24
Cortex,Cortex,10000,160,base12-out,t1+can,0.397,0.035,0.007,24/24
Cortex,Cortex,10000,160,base12-out,t1+sumo,0.252,0.048,0.01,24/24
Cortex,Cortex,10000,160,base12-out,t1+pyro,-0.226,0.054,0.011,0/24
Cortex,Cortex,10000,160,base12-out,t1+hrk,-0.167,0.013,0.003,0/24
Cortex,Cortex,10000,160,base12-out,t1+mort,-0.144,0.008,0.002,0/24
Cortex,Cortex,10000,160,base12-out,t1+termite,0.285,0.032,0.007,24/24
Cortex,Cortex,10000,160,base12-out,can+mort,0.555,0.021,0.004,24/24
Cortex,Cortex,10000,160,base12-out,can+hrk,0.59,0.021,0.004,24/24
Cortex,Cortex,10000,160,base12-out,termite+mort,0.35,0.093,0.019,24/24
Cortex,Cortex,10000,160,base12-out,thud+can,0.427,0.017,0.003,24/24
Cortex,Cortex,10000,160,base12-out,t1+can+mort,0.393,0.028,0.006,24/24
Cortex,Cortex,10000,160,base12-out,t1+can(25),0.307,0.075,0.015,24/24
Cortex,Cortex,10000,160,base12-out,t1+can(75),0.476,0.028,0.006,24/24
